timestamp_utc,timestamp_local,temperature_c,relative_humidity_pct,wind_speed_10m_mps,solar_radiation_wm2,dew_point_c,surface_pressure_kpa,heat_index_c,wet_bulb_c,estimated_globe_temperature_c,estimated_mean_radiant_temperature_c,estimated_wbgt_c,utci_c,utci_category,thermal_stress_level
2024-05-01 00:00:00+00:00,2024-05-01 05:30:00+05:30,20.16,38.67,3.66,22.76,5.66,97.82,25.11,12.26,20.41,21.51,14.68,15.25,no thermal stress,Low
2024-05-01 01:00:00+00:00,2024-05-01 06:30:00+05:30,22.37,37.48,4.94,154.26,7.19,97.89,24.93,13.85,23.95,31.71,16.72,18.46,no thermal stress,Low
2024-05-01 02:00:00+00:00,2024-05-01 07:30:00+05:30,25.94,31.72,4.96,342.3,7.89,97.95,25.88,15.64,29.44,45.15,19.43,25.45,no thermal stress,Low
2024-05-01 03:00:00+00:00,2024-05-01 08:30:00+05:30,30.76,19.83,6.17,546.41,5.03,98.01,28.86,16.37,36.05,60.43,21.75,33.23,strong heat stress,Moderate
2024-05-01 04:00:00+00:00,2024-05-01 09:30:00+05:30,33.5,13.66,6.99,715.67,2.07,98.05,31.09,16.17,40.21,71.26,22.71,38.59,very strong heat stress,High
2024-05-01 05:00:00+00:00,2024-05-01 10:30:00+05:30,34.6,11.74,7.28,845.11,0.83,98.05,32.03,16.11,42.44,78.09,23.22,41.39,very strong heat stress,High
2024-05-01 06:00:00+00:00,2024-05-01 11:30:00+05:30,35.4,10.14,7.6,901.9,-0.53,98.01,32.69,15.91,43.67,81.46,23.41,43.02,very strong heat stress,High
2024-05-01 07:00:00+00:00,2024-05-01 12:30:00+05:30,35.85,9.27,7.87,890.36,-1.37,97.95,33.06,15.79,43.94,81.6,23.42,43.54,very strong heat stress,High
2024-05-01 08:00:00+00:00,2024-05-01 13:30:00+05:30,35.84,8.92,8.21,904.28,-1.88,97.89,33.04,15.62,43.96,82.57,23.31,43.81,very strong heat stress,High
2024-05-01 09:00:00+00:00,2024-05-01 14:30:00+05:30,35.37,8.8,8.61,758.97,-2.35,97.83,32.63,15.3,42.1,76.26,22.67,41.89,very strong heat stress,High
2024-05-01 10:00:00+00:00,2024-05-01 15:30:00+05:30,34.42,8.81,8.85,563.25,-3.06,97.81,31.81,14.77,39.37,66.47,21.66,38.6,very strong heat stress,High
2024-05-01 11:00:00+00:00,2024-05-01 16:30:00+05:30,32.98,9.18,8.73,337.88,-3.58,97.81,30.59,14.12,35.96,53.45,20.37,33.86,strong heat stress,Moderate
2024-05-01 12:00:00+00:00,2024-05-01 17:30:00+05:30,31.2,10.15,7.72,119.43,-3.62,97.86,29.11,13.49,32.29,38.78,19.02,28.16,moderate heat stress,Low
2024-05-01 13:00:00+00:00,2024-05-01 18:30:00+05:30,28.27,13.0,5.08,4.65,-2.68,97.92,26.82,12.73,28.27,28.27,17.39,22.91,no thermal stress,Low
2024-05-01 14:00:00+00:00,2024-05-01 19:30:00+05:30,26.45,16.11,4.22,0.0,-1.27,98.0,25.63,12.49,26.45,26.45,16.68,21.28,no thermal stress,Low
2024-05-01 15:00:00+00:00,2024-05-01 20:30:00+05:30,25.31,18.56,3.77,0.0,-0.24,98.08,25.05,12.37,25.31,25.31,16.25,20.39,no thermal stress,Low
2024-05-01 16:00:00+00:00,2024-05-01 21:30:00+05:30,24.15,20.68,3.34,0.0,0.28,98.1,24.59,12.07,24.15,24.15,15.69,19.57,no thermal stress,Low
2024-05-01 17:00:00+00:00,2024-05-01 22:30:00+05:30,23.14,22.42,3.11,0.0,0.58,98.1,24.31,11.74,23.14,23.14,15.16,18.74,no thermal stress,Low
2024-05-01 18:00:00+00:00,2024-05-01 23:30:00+05:30,22.34,24.05,3.09,0.0,0.85,98.08,24.2,11.5,22.34,22.34,14.75,17.88,no thermal stress,Low
2024-05-01 19:00:00+00:00,2024-05-02 00:30:00+05:30,21.65,25.57,3.12,0.0,1.13,98.06,24.18,11.29,21.65,21.65,14.39,17.07,no thermal stress,Low
2024-05-01 20:00:00+00:00,2024-05-02 01:30:00+05:30,21.02,27.07,3.18,0.0,1.38,98.04,24.24,11.09,21.02,21.02,14.07,16.28,no thermal stress,Low
2024-05-01 21:00:00+00:00,2024-05-02 02:30:00+05:30,20.4,28.57,3.15,0.0,1.6,98.01,24.37,10.89,20.4,20.4,13.74,15.64,no thermal stress,Low
2024-05-01 22:00:00+00:00,2024-05-02 03:30:00+05:30,19.75,30.15,3.08,0.0,1.8,97.99,24.57,10.65,19.75,19.75,13.38,15.06,no thermal stress,Low
2024-05-01 23:00:00+00:00,2024-05-02 04:30:00+05:30,19.11,31.87,3.01,0.0,2.0,97.99,24.87,10.43,19.11,19.11,13.03,14.5,no thermal stress,Low
2024-05-02 00:00:00+00:00,2024-05-02 05:30:00+05:30,19.19,32.15,2.97,28.4,2.19,98.03,24.88,10.53,19.52,20.79,13.19,15.18,no thermal stress,Low
2024-05-02 01:00:00+00:00,2024-05-02 06:30:00+05:30,22.28,26.88,4.2,201.3,2.35,98.08,24.4,11.98,24.42,33.85,15.5,19.62,no thermal stress,Low
2024-05-02 02:00:00+00:00,2024-05-02 07:30:00+05:30,26.05,21.45,3.79,411.48,2.38,98.12,25.57,13.56,30.54,47.39,18.2,27.19,moderate heat stress,Low
2024-05-02 03:00:00+00:00,2024-05-02 08:30:00+05:30,30.45,15.79,4.71,605.83,1.68,98.17,28.51,14.97,36.73,61.15,20.87,33.79,strong heat stress,Moderate
2024-05-02 04:00:00+00:00,2024-05-02 09:30:00+05:30,32.63,13.25,4.53,811.05,0.97,98.18,30.31,15.49,41.11,71.25,22.33,38.39,very strong heat stress,High
2024-05-02 05:00:00+00:00,2024-05-02 10:30:00+05:30,34.53,11.43,4.77,948.7,0.41,98.16,31.95,15.94,44.33,78.56,23.48,41.78,very strong heat stress,High
2024-05-02 06:00:00+00:00,2024-05-02 11:30:00+05:30,36.08,10.11,4.99,1004.7,-0.04,98.06,33.3,16.29,46.35,82.25,24.28,44.01,very strong heat stress,High
2024-05-02 07:00:00+00:00,2024-05-02 12:30:00+05:30,37.25,9.35,5.36,992.75,-0.2,97.96,34.32,16.62,47.22,83.29,24.8,45.29,very strong heat stress,High
2024-05-02 08:00:00+00:00,2024-05-02 13:30:00+05:30,37.94,9.07,5.89,907.65,-0.1,97.87,34.93,16.88,46.84,81.29,24.98,45.45,very strong heat stress,High
2024-05-02 09:00:00+00:00,2024-05-02 14:30:00+05:30,37.91,9.29,6.25,759.08,0.2,97.79,34.92,16.97,45.24,75.63,24.72,44.13,very strong heat stress,High
2024-05-02 10:00:00+00:00,2024-05-02 15:30:00+05:30,37.48,9.68,6.44,560.83,0.44,97.77,34.56,16.9,42.85,66.75,24.15,41.71,very strong heat stress,High
2024-05-02 11:00:00+00:00,2024-05-02 16:30:00+05:30,36.46,10.31,6.25,333.8,0.5,97.77,33.66,16.6,39.68,54.79,23.2,37.95,strong heat stress,Moderate
2024-05-02 12:00:00+00:00,2024-05-02 17:30:00+05:30,34.44,11.64,4.45,119.32,0.6,97.81,31.88,15.97,35.69,40.91,21.76,32.91,strong heat stress,Moderate
2024-05-02 13:00:00+00:00,2024-05-02 18:30:00+05:30,29.94,15.43,3.28,4.75,0.96,97.89,28.1,14.53,29.94,29.94,19.15,26.5,moderate heat stress,Low
2024-05-02 14:00:00+00:00,2024-05-02 19:30:00+05:30,28.34,16.98,3.37,0.0,1.0,97.98,26.92,13.95,28.34,28.34,18.27,24.5,no thermal stress,Low
2024-05-02 15:00:00+00:00,2024-05-02 20:30:00+05:30,27.35,18.09,3.45,0.0,1.05,98.06,26.26,13.61,27.35,27.35,17.73,23.24,no thermal stress,Low
2024-05-02 16:00:00+00:00,2024-05-02 21:30:00+05:30,26.49,19.17,3.49,0.0,1.16,98.1,25.75,13.31,26.49,26.49,17.26,22.17,no thermal stress,Low
2024-05-02 17:00:00+00:00,2024-05-02 22:30:00+05:30,25.69,20.29,3.52,0.0,1.29,98.1,25.33,13.04,25.69,25.69,16.83,21.19,no thermal stress,Low
2024-05-02 18:00:00+00:00,2024-05-02 23:30:00+05:30,25.0,21.19,3.49,0.0,1.33,98.1,25.01,12.77,25.0,25.0,16.44,20.41,no thermal stress,Low
2024-05-02 19:00:00+00:00,2024-05-03 00:30:00+05:30,24.2,22.07,3.4,0.0,1.24,98.07,24.69,12.41,24.2,24.2,15.95,19.58,no thermal stress,Low
2024-05-02 20:00:00+00:00,2024-05-03 01:30:00+05:30,23.45,22.91,3.3,0.0,1.13,98.04,24.45,12.06,23.45,23.45,15.48,18.84,no thermal stress,Low
2024-05-02 21:00:00+00:00,2024-05-03 02:30:00+05:30,22.84,23.72,3.24,0.0,1.07,98.03,24.31,11.79,22.84,22.84,15.1,18.23,no thermal stress,Low
2024-05-02 22:00:00+00:00,2024-05-03 03:30:00+05:30,22.35,24.49,3.07,0.0,1.11,98.03,24.23,11.59,22.35,22.35,14.82,17.93,no thermal stress,Low
2024-05-02 23:00:00+00:00,2024-05-03 04:30:00+05:30,21.84,25.45,2.85,0.0,1.2,98.04,24.2,11.4,21.84,21.84,14.53,17.72,no thermal stress,Low
2024-05-03 00:00:00+00:00,2024-05-03 05:30:00+05:30,21.94,25.54,2.65,31.62,1.33,98.08,24.23,11.49,22.31,23.64,14.7,18.66,no thermal stress,Low
2024-05-03 01:00:00+00:00,2024-05-03 06:30:00+05:30,25.08,21.3,3.78,216.2,1.45,98.15,25.06,12.85,27.44,36.89,16.99,23.45,no thermal stress,Low
2024-05-03 02:00:00+00:00,2024-05-03 07:30:00+05:30,28.54,17.39,3.77,442.23,1.46,98.21,27.07,14.2,33.37,50.9,19.47,30.24,moderate heat stress,Low
2024-05-03 03:00:00+00:00,2024-05-03 08:30:00+05:30,33.43,12.19,6.05,662.1,0.44,98.26,30.99,15.58,39.88,67.73,22.23,37.72,strong heat stress,Moderate
2024-05-03 04:00:00+00:00,2024-05-03 09:30:00+05:30,35.67,9.96,7.17,808.53,-0.55,98.28,32.93,15.99,43.2,77.17,23.4,42.23,very strong heat stress,High
2024-05-03 05:00:00+00:00,2024-05-03 10:30:00+05:30,37.34,8.64,6.94,828.67,-1.15,98.23,34.36,16.33,45.13,78.99,24.19,44.32,very strong heat stress,High
2024-05-03 06:00:00+00:00,2024-05-03 11:30:00+05:30,38.75,7.64,6.79,894.53,-1.7,98.16,35.53,16.61,47.2,82.58,24.95,46.53,extreme heat stress,Extreme
2024-05-03 07:00:00+00:00,2024-05-03 12:30:00+05:30,39.49,7.12,6.87,908.5,-2.06,98.09,36.12,16.74,48.05,83.79,25.28,47.56,extreme heat stress,Extreme
2024-05-03 08:00:00+00:00,2024-05-03 13:30:00+05:30,39.9,6.87,7.06,772.17,-2.21,98.01,36.44,16.83,47.12,78.64,25.19,46.86,extreme heat stress,Extreme
2024-05-03 09:00:00+00:00,2024-05-03 14:30:00+05:30,40.15,6.82,7.14,634.62,-2.12,97.96,36.65,16.93,46.07,72.89,25.08,45.91,very strong heat stress,High
2024-05-03 10:00:00+00:00,2024-05-03 15:30:00+05:30,39.16,7.28,7.28,401.75,-2.01,97.96,35.85,16.65,42.89,61.19,24.15,42.44,very strong heat stress,High
2024-05-03 11:00:00+00:00,2024-05-03 16:30:00+05:30,37.8,8.03,7.16,225.4,-1.78,98.0,34.72,16.29,39.9,50.78,23.16,38.73,very strong heat stress,High
2024-05-03 12:00:00+00:00,2024-05-03 17:30:00+05:30,35.7,9.41,4.84,86.97,-1.28,98.05,32.94,15.76,36.6,40.51,21.92,33.96,strong heat stress,Moderate
2024-05-03 13:00:00+00:00,2024-05-03 18:30:00+05:30,33.1,11.53,3.89,3.83,-0.56,98.11,30.69,15.13,33.1,33.1,20.52,29.91,moderate heat stress,Low
2024-05-03 14:00:00+00:00,2024-05-03 19:30:00+05:30,32.12,12.85,3.64,0.0,0.17,98.17,29.86,15.03,32.12,32.12,20.16,28.86,moderate heat stress,Low
2024-05-03 15:00:00+00:00,2024-05-03 20:30:00+05:30,30.94,14.62,3.02,0.0,1.01,98.2,28.89,14.91,30.94,30.94,19.72,27.9,moderate heat stress,Low
2024-05-03 16:00:00+00:00,2024-05-03 21:30:00+05:30,30.11,16.22,3.04,0.0,1.77,98.22,28.24,14.88,30.11,30.11,19.45,26.93,moderate heat stress,Low
2024-05-03 17:00:00+00:00,2024-05-03 22:30:00+05:30,29.23,18.41,3.2,0.0,2.82,98.24,27.6,14.94,29.23,29.23,19.23,25.79,no thermal stress,Low
2024-05-03 18:00:00+00:00,2024-05-03 23:30:00+05:30,28.64,20.72,3.12,0.0,4.01,98.21,27.21,15.16,28.64,28.64,19.21,25.22,no thermal stress,Low
2024-05-03 19:00:00+00:00,2024-05-04 00:30:00+05:30,28.32,22.37,3.09,0.0,4.84,98.17,27.03,15.36,28.32,28.32,19.25,24.92,no thermal stress,Low
2024-05-03 20:00:00+00:00,2024-05-04 01:30:00+05:30,27.88,23.52,3.06,0.0,5.22,98.13,26.76,15.32,27.88,27.88,19.09,24.46,no thermal stress,Low
2024-05-03 21:00:00+00:00,2024-05-04 02:30:00+05:30,27.23,24.52,3.0,0.0,5.26,98.13,26.37,15.09,27.23,27.23,18.73,23.77,no thermal stress,Low
2024-05-03 22:00:00+00:00,2024-05-04 03:30:00+05:30,26.75,25.0,2.88,0.0,5.11,98.16,26.09,14.86,26.75,26.75,18.42,23.35,no thermal stress,Low
2024-05-03 23:00:00+00:00,2024-05-04 04:30:00+05:30,26.25,25.12,2.68,0.0,4.75,98.18,25.81,14.52,26.25,26.25,18.04,23.0,no thermal stress,Low
2024-05-04 00:00:00+00:00,2024-05-04 05:30:00+05:30,26.08,24.4,2.41,16.55,4.22,98.22,25.69,14.24,26.28,26.92,17.83,23.33,no thermal stress,Low
2024-05-04 01:00:00+00:00,2024-05-04 06:30:00+05:30,28.11,20.97,2.47,102.85,3.74,98.27,26.84,14.86,29.34,33.19,19.08,26.61,moderate heat stress,Low
2024-05-04 02:00:00+00:00,2024-05-04 07:30:00+05:30,30.57,17.89,2.34,232.07,3.52,98.32,28.65,15.68,33.37,41.38,20.71,30.89,moderate heat stress,Low
2024-05-04 03:00:00+00:00,2024-05-04 08:30:00+05:30,35.35,13.93,2.86,332.6,3.81,98.35,32.84,17.42,39.21,50.76,23.57,37.02,strong heat stress,Moderate
2024-05-04 04:00:00+00:00,2024-05-04 09:30:00+05:30,38.57,11.61,3.81,647.6,3.74,98.34,35.82,18.42,45.62,68.09,25.88,43.65,very strong heat stress,High
2024-05-04 05:00:00+00:00,2024-05-04 10:30:00+05:30,40.15,10.37,4.6,880.9,3.39,98.29,37.2,18.78,49.33,79.85,27.02,47.72,extreme heat stress,Extreme
2024-05-04 06:00:00+00:00,2024-05-04 11:30:00+05:30,41.03,9.65,5.19,959.45,3.06,98.22,37.94,18.92,50.74,84.51,27.5,49.6,extreme heat stress,Extreme
2024-05-04 07:00:00+00:00,2024-05-04 12:30:00+05:30,42.05,8.91,5.34,943.12,2.72,98.11,38.76,19.11,51.53,84.89,27.89,50.68,extreme heat stress,Extreme
2024-05-04 08:00:00+00:00,2024-05-04 13:30:00+05:30,42.71,8.26,5.17,785.28,2.2,98.0,39.23,19.13,50.67,78.98,27.79,49.88,extreme heat stress,Extreme
2024-05-04 09:00:00+00:00,2024-05-04 14:30:00+05:30,42.49,7.96,4.96,684.17,1.56,97.89,38.95,18.84,49.49,74.44,27.33,48.55,extreme heat stress,Extreme
2024-05-04 10:00:00+00:00,2024-05-04 15:30:00+05:30,41.82,7.93,4.68,536.3,1.0,97.83,38.32,18.45,47.39,67.36,26.58,46.25,extreme heat stress,Extreme
2024-05-04 11:00:00+00:00,2024-05-04 16:30:00+05:30,40.76,8.14,4.2,316.1,0.57,97.79,37.39,17.98,44.13,56.22,25.49,42.76,very strong heat stress,High
2024-05-04 12:00:00+00:00,2024-05-04 17:30:00+05:30,38.15,9.87,2.42,112.07,1.19,97.77,35.2,17.38,39.5,43.27,23.88,37.8,strong heat stress,Moderate
2024-05-04 13:00:00+00:00,2024-05-04 18:30:00+05:30,34.65,12.21,2.24,5.2,1.43,97.77,32.09,16.33,34.65,34.65,21.82,32.68,strong heat stress,Moderate
2024-05-04 14:00:00+00:00,2024-05-04 19:30:00+05:30,33.28,13.25,2.32,0.0,1.46,97.82,30.88,15.89,33.28,33.28,21.11,31.09,moderate heat stress,Low
2024-05-04 15:00:00+00:00,2024-05-04 20:30:00+05:30,32.12,14.8,2.39,0.0,2.03,97.86,29.89,15.71,32.12,32.12,20.63,29.76,moderate heat stress,Low
2024-05-04 16:00:00+00:00,2024-05-04 21:30:00+05:30,30.96,16.96,2.39,0.0,2.96,97.88,28.95,15.66,30.96,30.96,20.25,28.49,moderate heat stress,Low
2024-05-04 17:00:00+00:00,2024-05-04 22:30:00+05:30,29.96,19.36,2.35,0.0,4.05,97.86,28.19,15.7,29.96,29.96,19.98,27.44,moderate heat stress,Low
2024-05-04 18:00:00+00:00,2024-05-04 23:30:00+05:30,29.21,21.82,2.3,0.0,5.18,97.82,27.67,15.84,29.21,29.21,19.85,26.71,moderate heat stress,Low
2024-05-04 19:00:00+00:00,2024-05-05 00:30:00+05:30,28.2,24.71,2.35,0.0,6.15,97.77,27.02,15.83,28.2,28.2,19.54,25.61,no thermal stress,Low
2024-05-04 20:00:00+00:00,2024-05-05 01:30:00+05:30,27.02,27.82,2.43,0.0,6.89,97.71,26.35,15.66,27.02,27.02,19.07,24.28,no thermal stress,Low
2024-05-04 21:00:00+00:00,2024-05-05 02:30:00+05:30,26.28,30.23,2.4,0.0,7.48,97.69,26.0,15.61,26.28,26.28,18.81,23.56,no thermal stress,Low
2024-05-04 22:00:00+00:00,2024-05-05 03:30:00+05:30,25.67,32.57,2.4,0.0,8.06,97.69,25.77,15.59,25.67,25.67,18.62,22.96,no thermal stress,Low
2024-05-04 23:00:00+00:00,2024-05-05 04:30:00+05:30,24.75,35.41,2.6,0.0,8.46,97.71,25.45,15.39,24.75,24.75,18.2,21.78,no thermal stress,Low
2024-05-05 00:00:00+00:00,2024-05-05 05:30:00+05:30,24.85,35.81,3.06,30.62,8.72,97.74,25.5,15.54,25.2,26.52,18.4,21.77,no thermal stress,Low
2024-05-05 01:00:00+00:00,2024-05-05 06:30:00+05:30,27.46,31.17,4.59,200.8,8.94,97.78,26.77,16.69,29.55,38.8,20.34,25.64,no thermal stress,Low
2024-05-05 02:00:00+00:00,2024-05-05 07:30:00+05:30,31.28,25.22,4.33,414.98,9.08,97.82,29.62,18.18,35.67,52.65,22.98,32.95,strong heat stress,Moderate
2024-05-05 03:00:00+00:00,2024-05-05 08:30:00+05:30,36.73,17.41,4.63,629.45,8.1,97.84,34.66,19.59,43.28,67.09,26.04,41.6,very strong heat stress,High
2024-05-05 04:00:00+00:00,2024-05-05 09:30:00+05:30,39.81,14.17,4.21,804.55,7.52,97.84,37.6,20.3,48.37,75.96,27.87,46.9,extreme heat stress,Extreme
2024-05-05 05:00:00+00:00,2024-05-05 10:30:00+05:30,41.68,12.71,3.96,923.12,7.4,97.79,39.38,20.8,51.65,81.41,29.06,50.12,extreme heat stress,Extreme
2024-05-05 06:00:00+00:00,2024-05-05 11:30:00+05:30,42.86,11.92,3.94,943.4,7.4,97.71,40.48,21.14,53.06,83.02,29.69,51.64,extreme heat stress,Extreme
2024-05-05 07:00:00+00:00,2024-05-05 12:30:00+05:30,43.59,11.46,4.09,928.5,7.38,97.62,41.14,21.34,53.54,83.34,30.01,52.37,extreme heat stress,Extreme
2024-05-05 08:00:00+00:00,2024-05-05 13:30:00+05:30,43.84,11.37,4.41,843.78,7.46,97.53,41.39,21.45,52.72,80.96,29.94,51.97,extreme heat stress,Extreme
2024-05-05 09:00:00+00:00,2024-05-05 14:30:00+05:30,43.21,11.78,4.8,697.53,7.49,97.47,40.82,21.28,50.41,75.34,29.3,50.0,extreme heat stress,Extreme
2024-05-05 10:00:00+00:00,2024-05-05 15:30:00+05:30,42.32,12.41,5.2,506.42,7.55,97.43,40.02,21.05,47.44,67.05,28.46,47.27,extreme heat stress,Extreme
2024-05-05 11:00:00+00:00,2024-05-05 16:30:00+05:30,41.1,13.37,5.45,294.83,7.69,97.42,38.89,20.75,44.05,56.43,27.44,43.77,very strong heat stress,High
2024-05-05 12:00:00+00:00,2024-05-05 17:30:00+05:30,39.29,14.92,4.61,105.82,7.87,97.45,37.16,20.29,40.39,44.89,26.21,39.39,very strong heat stress,High
2024-05-05 13:00:00+00:00,2024-05-05 18:30:00+05:30,35.66,18.37,3.33,5.07,8.01,97.51,33.58,19.21,35.66,35.66,24.15,33.89,strong heat stress,Moderate
2024-05-05 14:00:00+00:00,2024-05-05 19:30:00+05:30,34.27,19.51,3.71,0.0,7.77,97.59,32.2,18.65,34.27,34.27,23.34,31.93,moderate heat stress,Low
2024-05-05 15:00:00+00:00,2024-05-05 20:30:00+05:30,33.36,19.76,4.12,0.0,7.2,97.66,31.28,18.11,33.36,33.36,22.69,30.52,moderate heat stress,Low
2024-05-05 16:00:00+00:00,2024-05-05 21:30:00+05:30,32.38,20.08,4.35,0.0,6.66,97.72,30.34,17.54,32.38,32.38,21.99,29.09,moderate heat stress,Low
2024-05-05 17:00:00+00:00,2024-05-05 22:30:00+05:30,31.32,21.23,4.28,0.0,6.57,97.75,29.42,17.15,31.32,31.32,21.4,27.75,moderate heat stress,Low
2024-05-05 18:00:00+00:00,2024-05-05 23:30:00+05:30,30.33,23.12,4.09,0.0,6.99,97.77,28.63,16.96,30.33,30.33,20.97,26.63,moderate heat stress,Low
2024-05-05 19:00:00+00:00,2024-05-06 00:30:00+05:30,29.47,25.46,3.87,0.0,7.69,97.77,28.02,16.93,29.47,29.47,20.69,25.76,no thermal stress,Low
2024-05-05 20:00:00+00:00,2024-05-06 01:30:00+05:30,28.74,27.78,3.68,0.0,8.34,97.78,27.55,16.93,28.74,28.74,20.47,25.09,no thermal stress,Low
2024-05-05 21:00:00+00:00,2024-05-06 02:30:00+05:30,28.06,29.68,3.42,0.0,8.74,97.77,27.12,16.84,28.06,28.06,20.2,24.56,no thermal stress,Low
2024-05-05 22:00:00+00:00,2024-05-06 03:30:00+05:30,27.42,31.25,3.13,0.0,8.95,97.8,26.74,16.68,27.42,27.42,19.9,24.14,no thermal stress,Low
2024-05-05 23:00:00+00:00,2024-05-06 04:30:00+05:30,26.86,32.57,2.88,0.0,9.08,97.85,26.43,16.51,26.86,26.86,19.62,23.8,no thermal stress,Low
2024-05-06 00:00:00+00:00,2024-05-06 05:30:00+05:30,26.99,32.61,2.53,30.38,9.21,97.91,26.52,16.62,27.35,28.54,19.8,24.78,no thermal stress,Low
2024-05-06 01:00:00+00:00,2024-05-06 06:30:00+05:30,30.1,27.5,2.84,193.4,9.37,97.97,28.67,17.87,32.35,39.65,21.99,29.98,moderate heat stress,Low
2024-05-06 02:00:00+00:00,2024-05-06 07:30:00+05:30,33.11,23.45,1.74,399.42,9.53,98.05,31.34,19.01,38.21,49.67,24.26,35.9,strong heat stress,Moderate
2024-05-06 03:00:00+00:00,2024-05-06 08:30:00+05:30,37.5,18.53,2.75,606.2,9.63,98.1,35.74,20.49,44.59,63.63,27.01,42.55,very strong heat stress,High
2024-05-06 04:00:00+00:00,2024-05-06 09:30:00+05:30,39.38,16.44,3.47,778.08,9.37,98.13,37.6,20.95,48.03,73.22,28.21,46.25,extreme heat stress,Extreme
2024-05-06 05:00:00+00:00,2024-05-06 10:30:00+05:30,40.74,15.09,3.83,897.3,9.17,98.1,38.93,21.28,50.5,79.48,29.07,48.93,extreme heat stress,Extreme
2024-05-06 06:00:00+00:00,2024-05-06 11:30:00+05:30,42.0,13.91,4.2,928.4,8.98,98.02,40.11,21.55,51.89,82.32,29.66,50.73,extreme heat stress,Extreme
2024-05-06 07:00:00+00:00,2024-05-06 12:30:00+05:30,42.73,13.19,4.57,918.62,8.77,97.91,40.75,21.67,52.32,83.19,29.91,51.56,extreme heat stress,Extreme
2024-05-06 08:00:00+00:00,2024-05-06 13:30:00+05:30,43.03,12.74,4.98,774.5,8.48,97.8,40.95,21.64,50.95,78.53,29.64,50.67,extreme heat stress,Extreme
2024-05-06 09:00:00+00:00,2024-05-06 14:30:00+05:30,42.82,12.54,5.5,675.85,8.08,97.73,40.64,21.42,49.56,75.04,29.19,49.65,extreme heat stress,Extreme
2024-05-06 10:00:00+00:00,2024-05-06 15:30:00+05:30,42.24,12.57,6.13,503.58,7.69,97.69,39.98,21.08,47.13,67.73,28.4,47.53,extreme heat stress,Extreme
2024-05-06 11:00:00+00:00,2024-05-06 16:30:00+05:30,41.2,12.96,6.51,286.9,7.31,97.68,38.9,20.63,43.94,56.74,27.35,44.21,very strong heat stress,High
2024-05-06 12:00:00+00:00,2024-05-06 17:30:00+05:30,39.61,13.87,5.76,100.57,7.06,97.72,37.31,20.05,40.6,45.21,26.11,39.85,very strong heat stress,High
2024-05-06 13:00:00+00:00,2024-05-06 18:30:00+05:30,35.89,16.98,3.44,5.35,7.06,97.78,33.67,18.89,35.89,35.89,23.99,34.06,strong heat stress,Moderate
2024-05-06 14:00:00+00:00,2024-05-06 19:30:00+05:30,34.05,18.81,3.27,0.0,7.06,97.86,31.91,18.28,34.05,34.05,23.01,31.84,moderate heat stress,Low
2024-05-06 15:00:00+00:00,2024-05-06 20:30:00+05:30,32.98,20.02,3.2,0.0,7.08,97.93,30.92,17.93,32.98,32.98,22.45,30.56,moderate heat stress,Low
2024-05-06 16:00:00+00:00,2024-05-06 21:30:00+05:30,32.02,21.21,3.15,0.0,7.16,97.97,30.07,17.62,32.02,32.02,21.94,29.43,moderate heat stress,Low
2024-05-06 17:00:00+00:00,2024-05-06 22:30:00+05:30,31.09,22.53,3.11,0.0,7.25,97.99,29.28,17.34,31.09,31.09,21.46,28.34,moderate heat stress,Low
2024-05-06 18:00:00+00:00,2024-05-06 23:30:00+05:30,30.23,23.89,3.09,0.0,7.4,98.0,28.58,17.09,30.23,30.23,21.03,27.34,moderate heat stress,Low
2024-05-06 19:00:00+00:00,2024-05-07 00:30:00+05:30,29.51,25.35,3.11,0.0,7.66,98.0,28.05,16.93,29.51,29.51,20.7,26.48,moderate heat stress,Low
2024-05-06 20:00:00+00:00,2024-05-07 01:30:00+05:30,28.92,27.05,3.16,0.0,8.11,97.99,27.65,16.9,28.92,28.92,20.5,25.78,no thermal stress,Low
2024-05-06 21:00:00+00:00,2024-05-07 02:30:00+05:30,28.4,28.92,3.11,0.0,8.66,97.99,27.34,16.93,28.4,28.4,20.37,25.26,no thermal stress,Low
2024-05-06 22:00:00+00:00,2024-05-07 03:30:00+05:30,27.95,30.36,3.04,0.0,8.99,98.0,27.08,16.9,27.95,27.95,20.21,24.85,no thermal stress,Low
2024-05-06 23:00:00+00:00,2024-05-07 04:30:00+05:30,27.68,30.89,2.95,0.0,9.0,98.03,26.91,16.8,27.68,27.68,20.06,24.64,no thermal stress,Low
2024-05-07 00:00:00+00:00,2024-05-07 05:30:00+05:30,28.11,30.1,2.74,30.08,8.99,98.07,27.18,16.96,28.46,29.66,20.38,25.76,no thermal stress,Low
2024-05-07 01:00:00+00:00,2024-05-07 06:30:00+05:30,32.01,24.18,3.3,164.9,9.06,98.13,30.26,18.43,33.86,40.39,22.87,31.47,moderate heat stress,Low
2024-05-07 02:00:00+00:00,2024-05-07 07:30:00+05:30,35.39,19.97,3.18,321.4,9.03,98.18,33.48,19.56,39.03,50.68,25.04,37.21,strong heat stress,Moderate
2024-05-07 03:00:00+00:00,2024-05-07 08:30:00+05:30,39.25,14.85,1.71,502.23,7.77,98.23,37.1,20.23,45.69,58.92,27.23,43.17,very strong heat stress,High
2024-05-07 04:00:00+00:00,2024-05-07 09:30:00+05:30,40.61,13.61,0.7,699.7,7.58,98.26,38.39,20.56,50.91,62.79,28.63,44.96,very strong heat stress,High
2024-05-07 05:00:00+00:00,2024-05-07 10:30:00+05:30,41.39,13.1,0.72,862.33,7.62,98.25,39.15,20.81,54.04,68.31,29.51,46.98,extreme heat stress,Extreme
2024-05-07 06:00:00+00:00,2024-05-07 11:30:00+05:30,42.18,12.6,1.12,891.7,7.66,98.2,39.92,21.06,54.45,72.15,29.85,48.8,extreme heat stress,Extreme
2024-05-07 07:00:00+00:00,2024-05-07 12:30:00+05:30,42.88,12.17,1.33,861.2,7.7,98.12,40.58,21.27,54.41,72.79,30.06,49.59,extreme heat stress,Extreme
2024-05-07 08:00:00+00:00,2024-05-07 13:30:00+05:30,43.37,11.82,1.37,779.0,7.65,98.04,41.02,21.39,53.75,70.8,30.06,49.47,extreme heat stress,Extreme
2024-05-07 09:00:00+00:00,2024-05-07 14:30:00+05:30,43.21,11.75,1.18,645.25,7.46,97.96,40.81,21.26,52.02,65.66,29.61,47.97,extreme heat stress,Extreme
2024-05-07 10:00:00+00:00,2024-05-07 15:30:00+05:30,42.75,11.79,0.93,465.4,7.15,97.9,40.31,21.01,49.34,58.59,28.85,45.7,very strong heat stress,High
2024-05-07 11:00:00+00:00,2024-05-07 16:30:00+05:30,41.88,12.05,0.65,265.73,6.8,97.86,39.41,20.61,45.83,50.55,27.78,42.83,very strong heat stress,High
2024-05-07 12:00:00+00:00,2024-05-07 17:30:00+05:30,40.31,13.53,0.51,101.2,7.23,97.87,38.03,20.33,41.86,43.55,26.64,39.85,very strong heat stress,High
2024-05-07 13:00:00+00:00,2024-05-07 18:30:00+05:30,37.37,15.8,1.69,5.15,7.19,97.92,35.14,19.41,37.37,37.37,24.8,36.39,strong heat stress,Moderate
2024-05-07 14:00:00+00:00,2024-05-07 19:30:00+05:30,35.6,17.26,2.55,0.0,7.06,97.98,33.39,18.79,35.6,35.6,23.84,34.09,strong heat stress,Moderate
2024-05-07 15:00:00+00:00,2024-05-07 20:30:00+05:30,34.58,18.59,2.82,0.0,7.31,98.06,32.44,18.57,34.58,34.58,23.37,32.75,strong heat stress,Moderate
2024-05-07 16:00:00+00:00,2024-05-07 21:30:00+05:30,33.62,20.1,2.93,0.0,7.68,98.12,31.57,18.39,33.62,33.62,22.96,31.55,moderate heat stress,Low
2024-05-07 17:00:00+00:00,2024-05-07 22:30:00+05:30,32.73,21.68,3.07,0.0,8.05,98.16,30.79,18.25,32.73,32.73,22.59,30.41,moderate heat stress,Low
2024-05-07 18:00:00+00:00,2024-05-07 23:30:00+05:30,31.89,23.16,3.16,0.0,8.33,98.16,30.07,18.07,31.89,31.89,22.22,29.34,moderate heat stress,Low
2024-05-07 19:00:00+00:00,2024-05-08 00:30:00+05:30,30.94,24.74,3.1,0.0,8.51,98.12,29.27,17.81,30.94,30.94,21.75,28.26,moderate heat stress,Low
2024-05-07 20:00:00+00:00,2024-05-08 01:30:00+05:30,29.83,26.58,3.0,0.0,8.63,98.08,28.38,17.45,29.83,29.83,21.17,27.04,moderate heat stress,Low
2024-05-07 21:00:00+00:00,2024-05-08 02:30:00+05:30,28.96,28.06,2.99,0.0,8.68,98.08,27.74,17.15,28.96,28.96,20.7,26.04,moderate heat stress,Low
2024-05-07 22:00:00+00:00,2024-05-08 03:30:00+05:30,28.2,29.33,3.07,0.0,8.69,98.09,27.21,16.87,28.2,28.2,20.27,25.08,no thermal stress,Low
2024-05-07 23:00:00+00:00,2024-05-08 04:30:00+05:30,27.48,30.48,3.22,0.0,8.64,98.13,26.75,16.56,27.48,27.48,19.84,24.08,no thermal stress,Low
2024-05-08 00:00:00+00:00,2024-05-08 05:30:00+05:30,27.43,30.24,3.86,29.92,8.46,98.18,26.71,16.48,27.75,29.12,19.83,23.78,no thermal stress,Low
2024-05-08 01:00:00+00:00,2024-05-08 06:30:00+05:30,29.2,26.75,5.0,171.25,8.15,98.22,27.86,17.03,30.95,39.01,21.03,27.03,moderate heat stress,Low
2024-05-08 02:00:00+00:00,2024-05-08 07:30:00+05:30,32.57,21.12,5.25,355.83,7.52,98.24,30.59,17.98,36.16,51.79,23.07,33.45,strong heat stress,Moderate
2024-05-08 03:00:00+00:00,2024-05-08 08:30:00+05:30,36.81,16.1,5.69,548.15,7.01,98.24,34.57,19.16,42.23,64.87,25.54,40.88,very strong heat stress,High
2024-05-08 04:00:00+00:00,2024-05-08 09:30:00+05:30,39.44,13.85,5.17,617.2,6.91,98.23,37.12,19.93,45.69,69.45,27.04,44.76,very strong heat stress,High
2024-05-08 05:00:00+00:00,2024-05-08 10:30:00+05:30,41.21,12.16,4.33,797.38,6.4,98.18,38.7,20.26,49.64,76.99,28.23,48.39,extreme heat stress,Extreme
2024-05-08 06:00:00+00:00,2024-05-08 11:30:00+05:30,42.31,11.0,3.47,881.4,5.82,98.11,39.58,20.35,52.11,79.36,28.9,50.2,extreme heat stress,Extreme
2024-05-08 07:00:00+00:00,2024-05-08 12:30:00+05:30,42.95,10.3,2.69,898.8,5.39,98.03,40.05,20.37,53.51,78.63,29.25,50.79,extreme heat stress,Extreme
2024-05-08 08:00:00+00:00,2024-05-08 13:30:00+05:30,43.13,9.96,1.92,813.5,5.05,97.93,40.13,20.29,53.34,73.65,29.19,49.79,extreme heat stress,Extreme
2024-05-08 09:00:00+00:00,2024-05-08 14:30:00+05:30,42.85,9.92,1.15,666.42,4.8,97.86,39.83,20.11,51.98,65.9,28.76,47.45,extreme heat stress,Extreme
2024-05-08 10:00:00+00:00,2024-05-08 15:30:00+05:30,42.18,10.18,0.37,477.58,4.63,97.81,39.22,19.86,49.76,55.94,28.07,43.96,very strong heat stress,High
2024-05-08 11:00:00+00:00,2024-05-08 16:30:00+05:30,41.18,10.67,0.58,293.4,4.54,97.8,38.31,19.52,45.6,50.55,26.91,41.94,very strong heat stress,High
2024-05-08 12:00:00+00:00,2024-05-08 17:30:00+05:30,39.57,12.1,0.68,109.22,5.07,97.83,36.92,19.24,41.18,43.28,25.67,39.08,very strong heat stress,High
2024-05-08 13:00:00+00:00,2024-05-08 18:30:00+05:30,36.36,14.63,1.62,5.35,5.29,97.89,33.92,18.32,36.36,36.36,23.73,35.07,strong heat stress,Moderate
2024-05-08 14:00:00+00:00,2024-05-08 19:30:00+05:30,33.8,16.72,2.8,0.0,5.16,97.97,31.51,17.43,33.8,33.8,22.34,31.67,moderate heat stress,Low
2024-05-08 15:00:00+00:00,2024-05-08 20:30:00+05:30,32.71,18.87,3.45,0.0,6.02,98.05,30.59,17.4,32.71,32.71,22.0,30.0,moderate heat stress,Low
2024-05-08 16:00:00+00:00,2024-05-08 21:30:00+05:30,31.69,22.28,4.76,0.0,7.59,98.12,29.82,17.69,31.69,31.69,21.89,28.03,moderate heat stress,Low
2024-05-08 17:00:00+00:00,2024-05-08 22:30:00+05:30,30.36,26.67,5.36,0.0,9.11,98.16,28.86,17.86,30.36,30.36,21.61,26.07,moderate heat stress,Low
2024-05-08 18:00:00+00:00,2024-05-08 23:30:00+05:30,29.22,30.64,5.35,0.0,10.2,98.17,28.1,17.92,29.22,29.22,21.31,24.63,no thermal stress,Low
2024-05-08 19:00:00+00:00,2024-05-09 00:30:00+05:30,28.19,34.4,5.33,0.0,11.05,98.16,27.47,17.9,28.19,28.19,20.99,23.37,no thermal stress,Low
2024-05-08 20:00:00+00:00,2024-05-09 01:30:00+05:30,27.17,38.28,5.46,0.0,11.76,98.15,26.9,17.84,27.17,27.17,20.64,22.05,no thermal stress,Low
2024-05-08 21:00:00+00:00,2024-05-09 02:30:00+05:30,26.44,41.0,5.38,0.0,12.17,98.15,26.52,17.73,26.44,26.44,20.34,21.22,no thermal stress,Low
2024-05-08 22:00:00+00:00,2024-05-09 03:30:00+05:30,26.02,42.58,5.31,0.0,12.36,98.14,26.31,17.66,26.02,26.02,20.17,20.77,no thermal stress,Low
2024-05-08 23:00:00+00:00,2024-05-09 04:30:00+05:30,25.68,43.84,5.09,0.0,12.5,98.18,26.14,17.59,25.68,25.68,20.01,20.54,no thermal stress,Low
2024-05-09 00:00:00+00:00,2024-05-09 05:30:00+05:30,25.64,44.68,5.18,29.75,12.74,98.23,26.14,17.69,25.94,27.48,20.14,20.93,no thermal stress,Low
2024-05-09 01:00:00+00:00,2024-05-09 06:30:00+05:30,27.4,41.67,5.77,171.35,13.26,98.29,27.26,18.64,29.09,37.71,21.6,24.91,no thermal stress,Low
2024-05-09 02:00:00+00:00,2024-05-09 07:30:00+05:30,30.45,35.34,6.03,367.23,13.45,98.33,29.68,19.87,34.03,51.18,23.76,31.13,moderate heat stress,Low
2024-05-09 03:00:00+00:00,2024-05-09 08:30:00+05:30,33.31,29.0,5.44,560.55,12.89,98.35,32.24,20.62,38.92,62.33,25.55,36.86,strong heat stress,Moderate
2024-05-09 04:00:00+00:00,2024-05-09 09:30:00+05:30,35.57,25.14,4.71,765.47,12.64,98.33,34.5,21.25,43.5,71.95,27.13,41.76,very strong heat stress,High
2024-05-09 05:00:00+00:00,2024-05-09 10:30:00+05:30,37.47,22.48,3.99,885.9,12.51,98.27,36.51,21.8,47.02,76.86,28.41,45.23,very strong heat stress,High
2024-05-09 06:00:00+00:00,2024-05-09 11:30:00+05:30,38.99,20.51,3.02,906.35,12.37,98.19,38.11,22.2,49.38,76.61,29.31,47.2,extreme heat stress,Extreme
2024-05-09 07:00:00+00:00,2024-05-09 12:30:00+05:30,40.14,19.04,1.96,891.88,12.17,98.09,39.28,22.45,51.29,73.92,29.99,48.07,extreme heat stress,Extreme
2024-05-09 08:00:00+00:00,2024-05-09 13:30:00+05:30,40.82,17.88,1.31,806.72,11.77,97.98,39.85,22.46,51.65,69.25,30.13,47.52,extreme heat stress,Extreme
2024-05-09 09:00:00+00:00,2024-05-09 14:30:00+05:30,40.91,17.13,1.17,661.58,11.2,97.89,39.74,22.22,49.95,64.12,29.64,46.23,extreme heat stress,Extreme
2024-05-09 10:00:00+00:00,2024-05-09 15:30:00+05:30,40.53,16.75,1.12,473.8,10.57,97.83,39.13,21.82,47.05,57.45,28.74,44.19,very strong heat stress,High
2024-05-09 11:00:00+00:00,2024-05-09 16:30:00+05:30,39.69,17.0,1.16,269.48,10.1,97.81,38.12,21.37,43.38,49.71,27.61,41.59,very strong heat stress,High
2024-05-09 12:00:00+00:00,2024-05-09 17:30:00+05:30,38.37,17.96,1.11,99.5,9.88,97.85,36.69,20.87,39.74,42.16,26.39,38.64,very strong heat stress,High
2024-05-09 13:00:00+00:00,2024-05-09 18:30:00+05:30,35.35,21.41,1.6,5.57,10.02,97.93,33.63,19.98,35.35,35.35,24.59,34.4,strong heat stress,Moderate
2024-05-09 14:00:00+00:00,2024-05-09 19:30:00+05:30,33.42,24.43,2.51,0.0,10.39,98.03,31.78,19.51,33.42,33.42,23.68,31.8,moderate heat stress,Low
2024-05-09 15:00:00+00:00,2024-05-09 20:30:00+05:30,32.5,26.48,2.85,0.0,10.83,98.1,30.99,19.38,32.5,32.5,23.32,30.51,moderate heat stress,Low
2024-05-09 16:00:00+00:00,2024-05-09 21:30:00+05:30,31.61,28.45,3.03,0.0,11.16,98.12,30.22,19.22,31.61,31.61,22.93,29.35,moderate heat stress,Low
2024-05-09 17:00:00+00:00,2024-05-09 22:30:00+05:30,30.81,30.16,3.2,0.0,11.35,98.12,29.55,19.02,30.81,30.81,22.55,28.28,moderate heat stress,Low
2024-05-09 18:00:00+00:00,2024-05-09 23:30:00+05:30,30.04,31.7,3.27,0.0,11.43,98.1,28.92,18.77,30.04,30.04,22.15,27.32,moderate heat stress,Low
2024-05-09 19:00:00+00:00,2024-05-10 00:30:00+05:30,29.26,33.26,3.18,0.0,11.47,98.07,28.31,18.51,29.26,29.26,21.73,26.49,moderate heat stress,Low
2024-05-09 20:00:00+00:00,2024-05-10 01:30:00+05:30,28.46,35.03,3.0,0.0,11.57,98.05,27.73,18.24,28.46,28.46,21.31,25.76,no thermal stress,Low
2024-05-09 21:00:00+00:00,2024-05-10 02:30:00+05:30,27.72,36.87,2.89,0.0,11.69,98.06,27.24,18.01,27.72,27.72,20.92,25.06,no thermal stress,Low
2024-05-09 22:00:00+00:00,2024-05-10 03:30:00+05:30,27.14,38.59,2.91,0.0,11.87,98.09,26.89,17.87,27.14,27.14,20.65,24.42,no thermal stress,Low
2024-05-09 23:00:00+00:00,2024-05-10 04:30:00+05:30,26.61,40.42,3.11,0.0,12.1,98.16,26.61,17.77,26.61,26.61,20.42,23.64,no thermal stress,Low
2024-05-10 00:00:00+00:00,2024-05-10 05:30:00+05:30,26.65,41.21,4.14,27.05,12.41,98.24,26.67,17.94,26.94,28.22,20.61,23.0,no thermal stress,Low
2024-05-10 01:00:00+00:00,2024-05-10 06:30:00+05:30,28.19,38.79,5.13,157.12,12.87,98.32,27.75,18.75,29.78,37.36,21.9,25.97,no thermal stress,Low
2024-05-10 02:00:00+00:00,2024-05-10 07:30:00+05:30,31.62,32.54,5.47,331.98,13.2,98.37,30.68,20.18,34.94,49.95,24.27,32.26,strong heat stress,Moderate
2024-05-10 03:00:00+00:00,2024-05-10 08:30:00+05:30,34.89,26.32,5.27,470.9,12.76,98.41,33.82,21.09,39.64,59.31,26.18,37.88,strong heat stress,Moderate
2024-05-10 04:00:00+00:00,2024-05-10 09:30:00+05:30,36.97,22.83,4.44,700.38,12.33,98.42,35.91,21.56,44.33,69.96,27.65,42.82,very strong heat stress,High
2024-05-10 05:00:00+00:00,2024-05-10 10:30:00+05:30,38.69,20.27,3.34,820.8,11.93,98.37,37.64,21.91,47.9,74.0,28.78,46.06,extreme heat stress,Extreme
2024-05-10 06:00:00+00:00,2024-05-10 11:30:00+05:30,40.11,18.29,2.22,898.53,11.52,98.29,39.02,22.15,51.08,74.98,29.73,48.15,extreme heat stress,Extreme
2024-05-10 07:00:00+00:00,2024-05-10 12:30:00+05:30,41.1,16.79,1.14,878.55,11.06,98.2,39.88,22.21,53.16,70.93,30.29,48.06,extreme heat stress,Extreme
2024-05-10 08:00:00+00:00,2024-05-10 13:30:00+05:30,41.64,15.78,0.15,790.38,10.55,98.09,40.27,22.14,55.2,61.33,30.7,45.66,very strong heat stress,High
2024-05-10 09:00:00+00:00,2024-05-10 14:30:00+05:30,41.9,15.13,0.79,625.15,10.12,98.0,40.38,22.03,50.95,62.21,29.8,46.24,extreme heat stress,Extreme
2024-05-10 10:00:00+00:00,2024-05-10 15:30:00+05:30,41.74,15.08,1.38,432.3,9.95,97.94,40.17,21.91,47.49,57.85,29.01,45.25,very strong heat stress,High
2024-05-10 11:00:00+00:00,2024-05-10 16:30:00+05:30,41.02,15.66,1.77,249.75,9.95,97.91,39.44,21.69,44.2,51.17,28.13,43.11,very strong heat stress,High
2024-05-10 12:00:00+00:00,2024-05-10 17:30:00+05:30,39.69,16.98,1.77,82.75,10.09,97.91,38.12,21.37,40.74,43.18,27.07,40.12,very strong heat stress,High
2024-05-10 13:00:00+00:00,2024-05-10 18:30:00+05:30,36.35,20.83,2.16,4.9,10.45,97.96,34.74,20.49,36.35,36.35,25.25,35.43,strong heat stress,Moderate
2024-05-10 14:00:00+00:00,2024-05-10 19:30:00+05:30,34.91,23.71,2.85,0.0,11.2,98.03,33.43,20.37,34.91,34.91,24.73,33.45,strong heat stress,Moderate
2024-05-10 15:00:00+00:00,2024-05-10 20:30:00+05:30,34.11,26.76,3.46,0.0,12.35,98.12,32.9,20.64,34.11,34.11,24.68,32.22,strong heat stress,Moderate
2024-05-10 16:00:00+00:00,2024-05-10 21:30:00+05:30,33.11,30.72,4.02,0.0,13.6,98.18,32.24,20.89,33.11,33.11,24.56,30.76,moderate heat stress,Low
2024-05-10 17:00:00+00:00,2024-05-10 22:30:00+05:30,31.99,35.1,4.24,0.0,14.69,98.23,31.47,21.03,31.99,31.99,24.32,29.35,moderate heat stress,Low
2024-05-10 18:00:00+00:00,2024-05-10 23:30:00+05:30,30.98,39.02,4.25,0.0,15.44,98.25,30.75,21.05,30.98,30.98,24.03,28.21,moderate heat stress,Low
2024-05-10 19:00:00+00:00,2024-05-11 00:30:00+05:30,30.14,42.06,4.14,0.0,15.86,98.24,30.11,20.96,30.14,30.14,23.71,27.34,moderate heat stress,Low
2024-05-10 20:00:00+00:00,2024-05-11 01:30:00+05:30,29.44,44.32,3.91,0.0,16.06,98.25,29.53,20.8,29.44,29.44,23.39,26.73,moderate heat stress,Low
2024-05-10 21:00:00+00:00,2024-05-11 02:30:00+05:30,28.71,46.4,3.32,0.0,16.1,98.27,28.91,20.56,28.71,28.71,23.01,26.46,moderate heat stress,Low
2024-05-10 22:00:00+00:00,2024-05-11 03:30:00+05:30,28.04,48.18,2.55,0.0,16.1,98.32,28.33,20.3,28.04,28.04,22.62,26.54,moderate heat stress,Low
2024-05-10 23:00:00+00:00,2024-05-11 04:30:00+05:30,27.61,49.26,2.05,0.0,16.05,98.37,27.97,20.12,27.61,27.61,22.37,26.63,moderate heat stress,Low
2024-05-11 00:00:00+00:00,2024-05-11 05:30:00+05:30,27.6,49.11,2.17,21.33,16.0,98.43,27.95,20.09,27.86,28.64,22.39,26.75,moderate heat stress,Low
2024-05-11 01:00:00+00:00,2024-05-11 06:30:00+05:30,28.55,46.5,1.85,124.22,16.0,98.5,28.74,20.45,30.12,34.22,23.19,29.24,moderate heat stress,Low
2024-05-11 02:00:00+00:00,2024-05-11 07:30:00+05:30,31.57,36.88,1.58,267.08,15.07,98.57,31.19,21.08,35.04,42.76,24.92,33.71,strong heat stress,Moderate
2024-05-11 03:00:00+00:00,2024-05-11 08:30:00+05:30,34.73,27.35,2.74,494.65,13.2,98.62,33.79,21.25,40.52,56.84,26.45,38.69,very strong heat stress,High
2024-05-11 04:00:00+00:00,2024-05-11 09:30:00+05:30,36.75,23.69,2.87,689.03,12.71,98.62,35.8,21.67,44.74,66.44,27.79,42.72,very strong heat stress,High
2024-05-11 05:00:00+00:00,2024-05-11 10:30:00+05:30,38.5,21.26,2.77,811.85,12.51,98.58,37.63,22.11,47.98,72.19,28.93,45.8,very strong heat stress,High
2024-05-11 06:00:00+00:00,2024-05-11 11:30:00+05:30,40.11,19.15,2.74,881.8,12.23,98.51,39.27,22.47,50.43,75.9,29.82,48.21,extreme heat stress,Extreme
2024-05-11 07:00:00+00:00,2024-05-11 12:30:00+05:30,41.13,17.68,2.86,857.05,11.85,98.42,40.21,22.59,51.07,76.15,30.14,49.12,extreme heat stress,Extreme
2024-05-11 08:00:00+00:00,2024-05-11 13:30:00+05:30,41.68,16.69,3.04,818.15,11.43,98.31,40.62,22.55,51.05,75.62,30.16,49.38,extreme heat stress,Extreme
2024-05-11 09:00:00+00:00,2024-05-11 14:30:00+05:30,41.73,16.15,3.04,688.05,10.96,98.21,40.51,22.35,49.61,70.86,29.74,48.22,extreme heat stress,Extreme
2024-05-11 10:00:00+00:00,2024-05-11 15:30:00+05:30,41.36,15.99,3.06,508.0,10.53,98.15,39.97,22.05,47.17,63.61,29.0,46.11,extreme heat stress,Extreme
2024-05-11 11:00:00+00:00,2024-05-11 16:30:00+05:30,40.53,16.29,3.23,303.45,10.14,98.12,39.0,21.64,43.96,54.57,27.99,43.17,very strong heat stress,High
2024-05-11 12:00:00+00:00,2024-05-11 17:30:00+05:30,39.2,17.07,3.17,115.6,9.79,98.13,37.53,21.08,40.51,44.79,26.78,39.69,very strong heat stress,High
2024-05-11 13:00:00+00:00,2024-05-11 18:30:00+05:30,35.79,20.34,2.17,6.78,9.63,98.18,33.99,19.95,35.79,35.79,24.7,34.69,strong heat stress,Moderate
2024-05-11 14:00:00+00:00,2024-05-11 19:30:00+05:30,34.13,22.11,2.42,0.0,9.49,98.26,32.32,19.35,34.13,34.13,23.78,32.61,strong heat stress,Moderate
2024-05-11 15:00:00+00:00,2024-05-11 20:30:00+05:30,33.13,23.52,2.49,0.0,9.6,98.33,31.37,19.05,33.13,33.13,23.27,31.39,moderate heat stress,Low
2024-05-11 16:00:00+00:00,2024-05-11 21:30:00+05:30,32.18,25.24,2.42,0.0,9.84,98.36,30.52,18.83,32.18,32.18,22.84,30.35,moderate heat stress,Low
2024-05-11 17:00:00+00:00,2024-05-11 22:30:00+05:30,31.31,27.07,2.25,0.0,10.15,98.37,29.79,18.66,31.31,31.31,22.45,29.51,moderate heat stress,Low
2024-05-11 18:00:00+00:00,2024-05-11 23:30:00+05:30,30.58,28.92,2.02,0.0,10.51,98.34,29.22,18.56,30.58,30.58,22.16,28.9,moderate heat stress,Low
2024-05-11 19:00:00+00:00,2024-05-12 00:30:00+05:30,30.0,30.84,1.72,0.0,10.97,98.29,28.81,18.56,30.0,30.0,21.99,28.55,moderate heat stress,Low
2024-05-11 20:00:00+00:00,2024-05-12 01:30:00+05:30,29.69,32.66,1.26,0.0,11.57,98.26,28.66,18.71,29.69,29.69,22.01,28.58,moderate heat stress,Low
2024-05-11 21:00:00+00:00,2024-05-12 02:30:00+05:30,29.4,34.04,0.87,0.0,11.96,98.24,28.5,18.78,29.4,29.4,21.96,28.48,moderate heat stress,Low
2024-05-11 22:00:00+00:00,2024-05-12 03:30:00+05:30,29.19,34.7,0.36,0.0,12.06,98.27,28.35,18.75,29.19,29.19,21.88,28.31,moderate heat stress,Low
2024-05-11 23:00:00+00:00,2024-05-12 04:30:00+05:30,28.32,37.0,0.74,0.0,12.27,98.33,27.74,18.52,28.32,28.32,21.46,27.52,moderate heat stress,Low
2024-05-12 00:00:00+00:00,2024-05-12 05:30:00+05:30,27.78,38.97,1.55,25.67,12.58,98.42,27.41,18.45,28.11,28.93,21.32,26.92,moderate heat stress,Low
2024-05-12 01:00:00+00:00,2024-05-12 06:30:00+05:30,29.53,33.76,2.83,136.75,11.94,98.5,28.6,18.82,31.12,36.39,22.35,28.93,moderate heat stress,Low
2024-05-12 02:00:00+00:00,2024-05-12 07:30:00+05:30,32.9,26.89,3.68,283.3,11.39,98.56,31.48,19.78,36.01,47.2,24.34,33.83,strong heat stress,Moderate
2024-05-12 03:00:00+00:00,2024-05-12 08:30:00+05:30,36.11,21.09,4.57,476.92,10.44,98.61,34.49,20.41,41.09,59.85,26.12,39.42,very strong heat stress,High
2024-05-12 04:00:00+00:00,2024-05-12 09:30:00+05:30,38.16,18.23,4.23,668.92,9.92,98.62,36.49,20.83,45.27,69.29,27.45,43.83,very strong heat stress,High
2024-05-12 05:00:00+00:00,2024-05-12 10:30:00+05:30,39.74,16.64,3.74,771.38,9.84,98.58,38.1,21.27,48.18,73.78,28.5,46.66,extreme heat stress,Extreme
2024-05-12 06:00:00+00:00,2024-05-12 11:30:00+05:30,40.43,16.09,3.37,815.9,9.88,98.51,38.82,21.49,49.56,75.26,29.0,47.85,extreme heat stress,Extreme
2024-05-12 07:00:00+00:00,2024-05-12 12:30:00+05:30,41.05,15.65,3.2,860.75,9.96,98.41,39.47,21.71,50.8,77.02,29.46,48.94,extreme heat stress,Extreme
2024-05-12 08:00:00+00:00,2024-05-12 13:30:00+05:30,41.92,15.01,3.34,774.28,10.03,98.31,40.37,21.99,50.61,74.85,29.71,49.17,extreme heat stress,Extreme
2024-05-12 09:00:00+00:00,2024-05-12 14:30:00+05:30,41.81,15.12,3.51,620.8,10.04,98.21,40.27,21.97,48.7,69.2,29.3,47.66,extreme heat stress,Extreme
2024-05-12 10:00:00+00:00,2024-05-12 15:30:00+05:30,41.11,15.68,3.91,459.67,10.03,98.15,39.56,21.76,46.09,62.57,28.56,45.35,very strong heat stress,High
2024-05-12 11:00:00+00:00,2024-05-12 16:30:00+05:30,40.31,16.37,4.2,277.45,10.05,98.11,38.74,21.53,43.26,54.04,27.75,42.6,very strong heat stress,High
2024-05-12 12:00:00+00:00,2024-05-12 17:30:00+05:30,39.03,17.67,3.72,105.53,10.15,98.12,37.45,21.2,40.19,44.35,26.78,39.3,very strong heat stress,High
2024-05-12 13:00:00+00:00,2024-05-12 18:30:00+05:30,35.66,21.42,2.21,6.6,10.29,98.16,34.0,20.2,35.66,35.66,24.84,34.58,strong heat stress,Moderate
2024-05-12 14:00:00+00:00,2024-05-12 19:30:00+05:30,34.36,23.2,2.07,0.0,10.41,98.22,32.71,19.83,34.36,34.36,24.19,33.14,strong heat stress,Moderate
2024-05-12 15:00:00+00:00,2024-05-12 20:30:00+05:30,33.84,24.1,1.86,0.0,10.55,98.27,32.22,19.71,33.84,33.84,23.95,32.65,strong heat stress,Moderate
2024-05-12 16:00:00+00:00,2024-05-12 21:30:00+05:30,33.17,25.21,1.79,0.0,10.66,98.3,31.59,19.54,33.17,33.17,23.63,31.94,moderate heat stress,Low
2024-05-12 17:00:00+00:00,2024-05-12 22:30:00+05:30,32.3,26.58,1.86,0.0,10.72,98.32,30.78,19.26,32.3,32.3,23.17,30.94,moderate heat stress,Low
2024-05-12 18:00:00+00:00,2024-05-12 23:30:00+05:30,31.27,28.21,2.04,0.0,10.73,98.32,29.85,18.91,31.27,31.27,22.61,29.68,moderate heat stress,Low
2024-05-12 19:00:00+00:00,2024-05-13 00:30:00+05:30,30.31,29.86,2.19,0.0,10.78,98.3,29.03,18.57,30.31,30.31,22.09,28.5,moderate heat stress,Low
2024-05-12 20:00:00+00:00,2024-05-13 01:30:00+05:30,29.48,31.62,2.27,0.0,10.89,98.28,28.39,18.33,29.48,29.48,21.67,27.53,moderate heat stress,Low
2024-05-12 21:00:00+00:00,2024-05-13 02:30:00+05:30,28.86,32.97,2.22,0.0,10.98,98.27,27.94,18.14,28.86,28.86,21.35,26.91,moderate heat stress,Low
2024-05-12 22:00:00+00:00,2024-05-13 03:30:00+05:30,28.42,33.95,2.14,0.0,11.04,98.3,27.63,17.99,28.42,28.42,21.12,26.52,moderate heat stress,Low
2024-05-12 23:00:00+00:00,2024-05-13 04:30:00+05:30,27.9,35.1,2.19,0.0,11.1,98.35,27.28,17.81,27.9,27.9,20.84,25.92,no thermal stress,Low
2024-05-13 00:00:00+00:00,2024-05-13 05:30:00+05:30,28.03,35.11,2.2,30.52,11.22,98.43,27.38,17.92,28.4,29.52,21.03,26.47,moderate heat stress,Low
2024-05-13 01:00:00+00:00,2024-05-13 06:30:00+05:30,31.17,29.43,3.06,164.52,11.29,98.52,29.86,19.12,33.05,39.43,23.11,30.84,moderate heat stress,Low
2024-05-13 02:00:00+00:00,2024-05-13 07:30:00+05:30,34.88,23.21,2.27,356.4,10.84,98.57,33.32,20.2,39.21,50.52,25.47,37.42,strong heat stress,Moderate
2024-05-13 03:00:00+00:00,2024-05-13 08:30:00+05:30,38.38,17.09,0.84,542.9,9.13,98.6,36.53,20.55,46.18,56.72,27.46,41.98,very strong heat stress,High
2024-05-13 04:00:00+00:00,2024-05-13 09:30:00+05:30,39.74,15.23,1.13,693.78,8.54,98.58,37.76,20.7,49.27,63.96,28.32,44.87,very strong heat stress,High
2024-05-13 05:00:00+00:00,2024-05-13 10:30:00+05:30,40.88,14.09,1.61,837.12,8.28,98.54,38.83,20.93,51.73,71.47,29.09,47.7,extreme heat stress,Extreme
2024-05-13 06:00:00+00:00,2024-05-13 11:30:00+05:30,41.62,13.38,2.27,881.0,8.1,98.47,39.5,21.08,52.33,75.76,29.38,49.28,extreme heat stress,Extreme
2024-05-13 07:00:00+00:00,2024-05-13 12:30:00+05:30,42.17,12.82,2.96,804.9,7.91,98.38,39.97,21.15,51.44,75.35,29.31,49.44,extreme heat stress,Extreme
2024-05-13 08:00:00+00:00,2024-05-13 13:30:00+05:30,42.4,12.49,3.59,593.5,7.69,98.3,40.13,21.14,48.95,68.73,28.83,47.86,extreme heat stress,Extreme
2024-05-13 09:00:00+00:00,2024-05-13 14:30:00+05:30,42.18,12.3,3.83,398.7,7.32,98.22,39.82,20.91,46.52,60.8,28.16,45.76,very strong heat stress,High
2024-05-13 10:00:00+00:00,2024-05-13 15:30:00+05:30,41.66,12.15,3.95,331.33,6.74,98.17,39.2,20.53,45.24,57.5,27.58,44.46,very strong heat stress,High
2024-05-13 11:00:00+00:00,2024-05-13 16:30:00+05:30,40.68,12.28,4.16,208.07,6.15,98.15,38.15,20.0,42.9,51.08,26.65,42.03,very strong heat stress,High
2024-05-13 12:00:00+00:00,2024-05-13 17:30:00+05:30,39.17,12.87,3.85,77.03,5.65,98.17,36.64,19.34,40.01,43.1,25.46,38.8,very strong heat stress,High
2024-05-13 13:00:00+00:00,2024-05-13 18:30:00+05:30,35.29,15.82,2.67,6.1,5.55,98.22,32.93,18.08,35.29,35.29,23.25,33.55,strong heat stress,Moderate
2024-05-13 14:00:00+00:00,2024-05-13 19:30:00+05:30,33.34,17.15,2.92,0.0,5.16,98.28,31.09,17.28,33.34,33.34,22.09,31.05,moderate heat stress,Low
2024-05-13 15:00:00+00:00,2024-05-13 20:30:00+05:30,32.13,17.81,2.98,0.0,4.72,98.33,30.0,16.69,32.13,32.13,21.32,29.53,moderate heat stress,Low
2024-05-13 16:00:00+00:00,2024-05-13 21:30:00+05:30,31.07,18.33,3.0,0.0,4.27,98.37,29.08,16.14,31.07,31.07,20.62,28.22,moderate heat stress,Low
2024-05-13 17:00:00+00:00,2024-05-13 22:30:00+05:30,30.11,18.78,2.98,0.0,3.85,98.39,28.29,15.63,30.11,30.11,19.98,27.07,moderate heat stress,Low
2024-05-13 18:00:00+00:00,2024-05-13 23:30:00+05:30,29.26,19.26,2.97,0.0,3.49,98.38,27.64,15.2,29.26,29.26,19.42,26.07,moderate heat stress,Low
2024-05-13 19:00:00+00:00,2024-05-14 00:30:00+05:30,28.47,19.83,2.98,0.0,3.26,98.35,27.07,14.81,28.47,28.47,18.91,25.12,no thermal stress,Low
2024-05-13 20:00:00+00:00,2024-05-14 01:30:00+05:30,27.68,20.67,3.01,0.0,3.22,98.33,26.54,14.49,27.68,27.68,18.45,24.17,no thermal stress,Low
2024-05-13 21:00:00+00:00,2024-05-14 02:30:00+05:30,26.91,21.85,3.0,0.0,3.34,98.33,26.08,14.25,26.91,26.91,18.05,23.3,no thermal stress,Low
2024-05-13 22:00:00+00:00,2024-05-14 03:30:00+05:30,26.1,23.48,2.89,0.0,3.67,98.35,25.67,14.05,26.1,26.1,17.67,22.52,no thermal stress,Low
2024-05-13 23:00:00+00:00,2024-05-14 04:30:00+05:30,25.36,25.42,2.72,0.0,4.19,98.4,25.36,13.94,25.36,25.36,17.37,21.93,no thermal stress,Low
2024-05-14 00:00:00+00:00,2024-05-14 05:30:00+05:30,25.63,25.99,2.34,35.05,4.73,98.47,25.51,14.26,26.05,27.4,17.75,23.22,no thermal stress,Low
2024-05-14 01:00:00+00:00,2024-05-14 06:30:00+05:30,28.84,22.18,2.39,182.93,5.17,98.54,27.4,15.67,31.04,37.6,20.06,28.54,moderate heat stress,Low
2024-05-14 02:00:00+00:00,2024-05-14 07:30:00+05:30,32.09,18.66,1.18,363.55,5.35,98.6,30.0,16.92,37.05,46.08,22.47,34.05,strong heat stress,Moderate
2024-05-14 03:00:00+00:00,2024-05-14 08:30:00+05:30,38.05,12.2,2.61,542.33,4.02,98.64,35.37,18.37,44.46,61.34,25.56,42.08,very strong heat stress,High
2024-05-14 04:00:00+00:00,2024-05-14 09:30:00+05:30,40.1,10.94,3.28,776.38,4.08,98.63,37.26,19.02,48.84,73.34,27.09,46.56,extreme heat stress,Extreme
2024-05-14 05:00:00+00:00,2024-05-14 10:30:00+05:30,41.33,10.45,3.67,902.45,4.37,98.58,38.41,19.5,51.24,79.79,28.03,49.18,extreme heat stress,Extreme
2024-05-14 06:00:00+00:00,2024-05-14 11:30:00+05:30,42.27,10.09,4.21,920.97,4.57,98.5,39.29,19.86,52.07,82.27,28.55,50.57,extreme heat stress,Extreme
2024-05-14 07:00:00+00:00,2024-05-14 12:30:00+05:30,42.86,9.79,4.88,908.3,4.62,98.42,39.81,20.05,52.19,83.43,28.76,51.32,extreme heat stress,Extreme
2024-05-14 08:00:00+00:00,2024-05-14 13:30:00+05:30,43.09,9.63,5.53,824.1,4.56,98.32,39.99,20.09,51.3,81.32,28.63,51.04,extreme heat stress,Extreme
2024-05-14 09:00:00+00:00,2024-05-14 14:30:00+05:30,42.74,9.74,6.01,679.83,4.45,98.24,39.67,19.95,49.37,75.74,28.11,49.48,extreme heat stress,Extreme
2024-05-14 10:00:00+00:00,2024-05-14 15:30:00+05:30,42.11,9.97,6.25,493.77,4.28,98.17,39.09,19.71,46.88,67.28,27.38,47.04,extreme heat stress,Extreme
2024-05-14 11:00:00+00:00,2024-05-14 16:30:00+05:30,41.07,10.4,6.24,289.2,4.11,98.14,38.14,19.33,43.86,56.59,26.41,43.69,very strong heat stress,High
2024-05-14 12:00:00+00:00,2024-05-14 17:30:00+05:30,39.49,11.27,5.31,107.05,4.03,98.15,36.7,18.82,40.57,45.34,25.23,39.45,very strong heat stress,High
2024-05-14 13:00:00+00:00,2024-05-14 18:30:00+05:30,35.55,14.13,3.23,7.45,4.15,98.19,33.05,17.62,35.55,35.55,23.0,33.52,strong heat stress,Moderate
2024-05-14 14:00:00+00:00,2024-05-14 19:30:00+05:30,33.61,15.72,3.23,0.0,4.12,98.26,31.27,16.97,33.61,33.61,21.96,31.13,moderate heat stress,Low
2024-05-14 15:00:00+00:00,2024-05-14 20:30:00+05:30,32.51,16.6,3.18,0.0,4.03,98.31,30.29,16.56,32.51,32.51,21.34,29.81,moderate heat stress,Low
2024-05-14 16:00:00+00:00,2024-05-14 21:30:00+05:30,31.45,17.42,3.08,0.0,3.85,98.34,29.38,16.12,31.45,31.45,20.72,28.59,moderate heat stress,Low
2024-05-14 17:00:00+00:00,2024-05-14 22:30:00+05:30,30.45,18.05,2.96,0.0,3.55,98.34,28.55,15.65,30.45,30.45,20.09,27.48,moderate heat stress,Low
2024-05-14 18:00:00+00:00,2024-05-14 23:30:00+05:30,29.47,18.52,2.87,0.0,3.09,98.31,27.78,15.13,29.47,29.47,19.43,26.39,moderate heat stress,Low
2024-05-14 19:00:00+00:00,2024-05-15 00:30:00+05:30,28.52,18.75,2.79,0.0,2.51,98.28,27.08,14.56,28.52,28.52,18.75,25.34,no thermal stress,Low
2024-05-14 20:00:00+00:00,2024-05-15 01:30:00+05:30,27.66,18.78,2.72,0.0,1.82,98.26,26.48,13.99,27.66,27.66,18.09,24.4,no thermal stress,Low
2024-05-14 21:00:00+00:00,2024-05-15 02:30:00+05:30,27.18,18.44,2.44,0.0,1.17,98.26,26.16,13.58,27.18,27.18,17.66,24.13,no thermal stress,Low
2024-05-14 22:00:00+00:00,2024-05-15 03:30:00+05:30,27.43,17.58,1.9,0.0,0.71,98.29,26.3,13.52,27.43,27.43,17.69,24.91,no thermal stress,Low
2024-05-14 23:00:00+00:00,2024-05-15 04:30:00+05:30,27.93,16.78,1.2,0.0,0.49,98.33,26.63,13.63,27.93,27.93,17.92,25.89,no thermal stress,Low
2024-05-15 00:00:00+00:00,2024-05-15 05:30:00+05:30,28.43,16.4,0.47,35.78,0.56,98.39,26.97,13.85,28.98,29.64,18.33,26.79,moderate heat stress,Low
2024-05-15 01:00:00+00:00,2024-05-15 06:30:00+05:30,30.06,15.34,0.86,186.3,0.96,98.48,28.19,14.58,32.73,37.01,19.76,29.96,moderate heat stress,Low
2024-05-15 02:00:00+00:00,2024-05-15 07:30:00+05:30,33.15,12.85,1.49,396.73,0.95,98.54,30.76,15.66,38.36,49.04,21.95,35.19,strong heat stress,Moderate
2024-05-15 03:00:00+00:00,2024-05-15 08:30:00+05:30,38.77,10.06,2.57,594.15,1.89,98.57,35.81,17.83,45.81,63.87,25.52,43.14,very strong heat stress,High
2024-05-15 04:00:00+00:00,2024-05-15 09:30:00+05:30,40.67,9.46,3.26,712.05,2.49,98.56,37.55,18.62,48.7,71.34,26.84,46.47,extreme heat stress,Extreme
2024-05-15 05:00:00+00:00,2024-05-15 10:30:00+05:30,41.94,8.84,3.49,862.75,2.53,98.51,38.64,19.02,51.52,78.44,27.81,49.31,extreme heat stress,Extreme
2024-05-15 06:00:00+00:00,2024-05-15 11:30:00+05:30,42.85,8.29,3.68,934.22,2.34,98.43,39.37,19.22,53.11,82.14,28.36,51.03,extreme heat stress,Extreme
2024-05-15 07:00:00+00:00,2024-05-15 12:30:00+05:30,43.42,7.87,3.89,957.12,2.07,98.35,39.78,19.3,53.8,83.84,28.61,51.93,extreme heat stress,Extreme
2024-05-15 08:00:00+00:00,2024-05-15 13:30:00+05:30,43.64,7.58,4.07,873.0,1.74,98.26,39.9,19.25,53.01,81.29,28.44,51.44,extreme heat stress,Extreme
2024-05-15 09:00:00+00:00,2024-05-15 14:30:00+05:30,43.35,7.47,4.5,725.78,1.35,98.18,39.6,19.03,50.95,76.15,27.84,49.81,extreme heat stress,Extreme
2024-05-15 10:00:00+00:00,2024-05-15 15:30:00+05:30,42.69,7.51,4.98,532.03,0.93,98.14,39.02,18.69,48.13,68.24,26.98,47.31,extreme heat stress,Extreme
2024-05-15 11:00:00+00:00,2024-05-15 16:30:00+05:30,41.58,7.72,5.16,315.42,0.48,98.14,38.06,18.2,44.78,57.65,25.86,43.91,very strong heat stress,High
2024-05-15 12:00:00+00:00,2024-05-15 17:30:00+05:30,39.7,8.32,3.94,121.88,0.06,98.18,36.45,17.49,41.02,45.87,24.42,39.48,very strong heat stress,High
2024-05-15 13:00:00+00:00,2024-05-15 18:30:00+05:30,35.33,10.47,2.83,8.02,-0.13,98.25,32.64,16.01,35.33,35.33,21.81,33.14,strong heat stress,Moderate
2024-05-15 14:00:00+00:00,2024-05-15 19:30:00+05:30,33.72,10.89,2.74,0.0,-0.83,98.33,31.22,15.25,33.72,33.72,20.79,31.25,moderate heat stress,Low
2024-05-15 15:00:00+00:00,2024-05-15 20:30:00+05:30,33.34,10.67,2.32,0.0,-1.4,98.39,30.89,14.93,33.34,33.34,20.46,30.99,moderate heat stress,Low
2024-05-15 16:00:00+00:00,2024-05-15 21:30:00+05:30,32.93,10.64,2.09,0.0,-1.76,98.43,30.54,14.68,32.93,32.93,20.16,30.62,moderate heat stress,Low
2024-05-15 17:00:00+00:00,2024-05-15 22:30:00+05:30,32.03,10.97,2.16,0.0,-2.03,98.44,29.78,14.28,32.03,32.03,19.61,29.58,moderate heat stress,Low
2024-05-15 18:00:00+00:00,2024-05-15 23:30:00+05:30,30.99,11.49,2.29,0.0,-2.21,98.42,28.93,13.86,30.99,30.99,19.0,28.35,moderate heat stress,Low
2024-05-15 19:00:00+00:00,2024-05-16 00:30:00+05:30,29.91,12.14,2.42,0.0,-2.31,98.39,28.06,13.44,29.91,29.91,18.38,27.06,moderate heat stress,Low
2024-05-15 20:00:00+00:00,2024-05-16 01:30:00+05:30,28.75,12.94,2.56,0.0,-2.34,98.37,27.17,13.0,28.75,28.75,17.73,25.65,no thermal stress,Low
2024-05-15 21:00:00+00:00,2024-05-16 02:30:00+05:30,27.85,13.72,2.62,0.0,-2.25,98.38,26.52,12.69,27.85,27.85,17.24,24.59,no thermal stress,Low
2024-05-15 22:00:00+00:00,2024-05-16 03:30:00+05:30,27.15,14.56,2.59,0.0,-2.02,98.4,26.05,12.5,27.15,27.15,16.9,23.85,no thermal stress,Low
2024-05-15 23:00:00+00:00,2024-05-16 04:30:00+05:30,26.63,15.47,2.52,0.0,-1.63,98.45,25.73,12.43,26.63,26.63,16.69,23.35,no thermal stress,Low
2024-05-16 00:00:00+00:00,2024-05-16 05:30:00+05:30,26.86,15.94,2.34,36.53,-1.06,98.51,25.89,12.71,27.3,28.68,17.04,24.32,no thermal stress,Low
2024-05-16 01:00:00+00:00,2024-05-16 06:30:00+05:30,30.34,13.58,2.55,173.88,-0.48,98.57,28.4,14.19,32.4,38.73,19.45,29.68,moderate heat stress,Low
2024-05-16 02:00:00+00:00,2024-05-16 07:30:00+05:30,33.48,11.59,2.41,374.1,-0.19,98.61,31.02,15.38,37.97,50.22,21.71,35.27,strong heat stress,Moderate
2024-05-16 03:00:00+00:00,2024-05-16 08:30:00+05:30,38.91,8.95,1.1,570.1,0.43,98.62,35.81,17.37,46.78,59.11,25.4,42.06,very strong heat stress,High
2024-05-16 04:00:00+00:00,2024-05-16 09:30:00+05:30,41.55,8.97,0.97,761.67,2.44,98.59,38.3,18.86,52.26,66.92,27.81,46.3,extreme heat stress,Extreme
2024-05-16 05:00:00+00:00,2024-05-16 10:30:00+05:30,42.95,8.73,1.41,887.65,3.13,98.52,39.59,19.52,54.72,74.02,28.9,49.52,extreme heat stress,Extreme
2024-05-16 06:00:00+00:00,2024-05-16 11:30:00+05:30,43.91,8.58,1.84,923.33,3.59,98.42,40.47,19.98,55.59,77.62,29.49,51.38,extreme heat stress,Extreme
2024-05-16 07:00:00+00:00,2024-05-16 12:30:00+05:30,44.56,8.67,2.4,913.4,4.19,98.29,41.14,20.39,55.54,79.62,29.84,52.46,extreme heat stress,Extreme
2024-05-16 08:00:00+00:00,2024-05-16 13:30:00+05:30,44.87,8.96,3.12,836.67,4.9,98.16,41.56,20.73,54.4,79.03,29.88,52.46,extreme heat stress,Extreme
2024-05-16 09:00:00+00:00,2024-05-16 14:30:00+05:30,44.83,9.4,3.71,694.22,5.51,98.06,41.7,20.96,52.44,74.87,29.64,51.31,extreme heat stress,Extreme
2024-05-16 10:00:00+00:00,2024-05-16 15:30:00+05:30,44.33,10.01,4.18,500.62,6.01,97.98,41.41,21.01,49.67,67.38,29.07,49.11,extreme heat stress,Extreme
2024-05-16 11:00:00+00:00,2024-05-16 16:30:00+05:30,43.39,10.66,4.47,292.35,6.21,97.92,40.64,20.81,46.46,57.7,28.2,46.13,extreme heat stress,Extreme
2024-05-16 12:00:00+00:00,2024-05-16 17:30:00+05:30,41.72,11.69,3.5,114.18,6.25,97.92,39.14,20.34,42.99,47.27,27.01,42.32,very strong heat stress,High
2024-05-16 13:00:00+00:00,2024-05-16 18:30:00+05:30,37.68,14.71,2.55,7.88,6.39,97.96,35.32,19.19,37.68,37.68,24.73,36.51,strong heat stress,Moderate
2024-05-16 14:00:00+00:00,2024-05-16 19:30:00+05:30,36.37,15.65,2.39,0.0,6.27,98.02,34.04,18.71,36.37,36.37,24.01,35.0,strong heat stress,Moderate
2024-05-16 15:00:00+00:00,2024-05-16 20:30:00+05:30,35.91,15.95,2.13,0.0,6.16,98.06,33.58,18.53,35.91,35.91,23.74,34.54,strong heat stress,Moderate
2024-05-16 16:00:00+00:00,2024-05-16 21:30:00+05:30,35.79,16.01,1.72,0.0,6.13,98.08,33.46,18.47,35.79,35.79,23.67,34.49,strong heat stress,Moderate
2024-05-16 17:00:00+00:00,2024-05-16 22:30:00+05:30,35.87,15.94,1.02,0.0,6.13,98.1,33.54,18.5,35.87,35.87,23.71,34.56,strong heat stress,Moderate
2024-05-16 18:00:00+00:00,2024-05-16 23:30:00+05:30,35.74,16.08,0.24,0.0,6.15,98.09,33.42,18.47,35.74,35.74,23.65,34.16,strong heat stress,Moderate
2024-05-16 19:00:00+00:00,2024-05-17 00:30:00+05:30,34.68,17.1,0.6,0.0,6.19,98.07,32.41,18.14,34.68,34.68,23.1,33.13,strong heat stress,Moderate
2024-05-16 20:00:00+00:00,2024-05-17 01:30:00+05:30,33.45,18.37,1.12,0.0,6.22,98.04,31.27,17.74,33.45,33.45,22.45,31.98,moderate heat stress,Low
2024-05-16 21:00:00+00:00,2024-05-17 02:30:00+05:30,31.98,19.95,1.57,0.0,6.22,98.02,29.96,17.23,31.98,31.98,21.66,30.31,moderate heat stress,Low
2024-05-16 22:00:00+00:00,2024-05-17 03:30:00+05:30,30.58,21.5,2.0,0.0,6.16,98.04,28.78,16.71,30.58,30.58,20.87,28.53,moderate heat stress,Low
2024-05-16 23:00:00+00:00,2024-05-17 04:30:00+05:30,29.46,22.82,2.27,0.0,6.08,98.08,27.9,16.27,29.46,29.46,20.23,27.07,moderate heat stress,Low
2024-05-17 00:00:00+00:00,2024-05-17 05:30:00+05:30,29.45,22.73,2.21,35.15,6.01,98.13,27.89,16.24,29.88,31.15,20.29,27.55,moderate heat stress,Low
2024-05-17 01:00:00+00:00,2024-05-17 06:30:00+05:30,32.74,18.83,2.27,173.75,6.02,98.18,30.61,17.41,34.85,40.75,22.43,32.77,strong heat stress,Moderate
2024-05-17 02:00:00+00:00,2024-05-17 07:30:00+05:30,36.55,15.5,1.49,330.35,6.28,98.23,34.21,18.77,40.89,49.65,24.97,38.51,very strong heat stress,High
2024-05-17 03:00:00+00:00,2024-05-17 08:30:00+05:30,40.97,12.33,1.44,504.83,6.43,98.24,38.48,20.2,47.64,59.84,27.76,44.68,very strong heat stress,High
2024-05-17 04:00:00+00:00,2024-05-17 09:30:00+05:30,43.3,10.85,2.04,699.45,6.37,98.21,40.61,20.86,51.98,70.27,29.33,49.2,extreme heat stress,Extreme
2024-05-17 05:00:00+00:00,2024-05-17 10:30:00+05:30,44.69,10.02,2.27,836.72,6.31,98.15,41.8,21.22,54.86,76.77,30.3,51.98,extreme heat stress,Extreme
2024-05-17 06:00:00+00:00,2024-05-17 11:30:00+05:30,45.67,9.4,2.75,923.4,6.13,98.05,42.57,21.44,56.47,81.81,30.87,54.03,extreme heat stress,Extreme
2024-05-17 07:00:00+00:00,2024-05-17 12:30:00+05:30,46.33,8.86,3.49,868.9,5.8,97.93,43.0,21.49,55.98,82.13,30.88,54.51,extreme heat stress,Extreme
2024-05-17 08:00:00+00:00,2024-05-17 13:30:00+05:30,46.63,8.4,4.35,800.75,5.31,97.81,43.08,21.39,55.09,81.42,30.65,54.45,extreme heat stress,Extreme
2024-05-17 09:00:00+00:00,2024-05-17 14:30:00+05:30,46.42,8.06,5.07,672.97,4.6,97.71,42.71,21.06,53.27,77.28,30.04,53.25,extreme heat stress,Extreme
2024-05-17 10:00:00+00:00,2024-05-17 15:30:00+05:30,45.83,7.94,5.57,480.92,3.96,97.66,42.08,20.66,50.61,69.23,29.17,50.96,extreme heat stress,Extreme
2024-05-17 11:00:00+00:00,2024-05-17 16:30:00+05:30,44.79,8.26,5.7,304.0,3.74,97.65,41.21,20.28,47.8,60.31,28.23,48.13,extreme heat stress,Extreme
2024-05-17 12:00:00+00:00,2024-05-17 17:30:00+05:30,43.07,9.21,4.49,112.3,3.95,97.68,39.84,19.85,44.25,48.8,27.05,43.8,very strong heat stress,High
2024-05-17 13:00:00+00:00,2024-05-17 18:30:00+05:30,38.58,12.22,2.98,7.93,4.47,97.74,35.91,18.7,38.58,38.58,24.67,37.32,strong heat stress,Moderate
2024-05-17 14:00:00+00:00,2024-05-17 19:30:00+05:30,36.84,13.77,2.92,0.0,4.79,97.8,34.32,18.29,36.84,36.84,23.85,35.26,strong heat stress,Moderate
2024-05-17 15:00:00+00:00,2024-05-17 20:30:00+05:30,36.23,14.55,2.65,0.0,5.1,97.84,33.77,18.21,36.23,36.23,23.62,34.65,strong heat stress,Moderate
2024-05-17 16:00:00+00:00,2024-05-17 21:30:00+05:30,35.87,15.11,2.4,0.0,5.37,97.86,33.46,18.19,35.87,35.87,23.5,34.33,strong heat stress,Moderate
2024-05-17 17:00:00+00:00,2024-05-17 22:30:00+05:30,35.32,15.84,2.33,0.0,5.6,97.85,32.96,18.11,35.32,35.32,23.27,33.73,strong heat stress,Moderate
2024-05-17 18:00:00+00:00,2024-05-17 23:30:00+05:30,34.41,16.92,2.56,0.0,5.81,97.83,32.13,17.9,34.41,34.41,22.85,32.57,strong heat stress,Moderate
2024-05-17 19:00:00+00:00,2024-05-18 00:30:00+05:30,33.49,18.07,2.82,0.0,6.03,97.8,31.29,17.67,33.49,33.49,22.42,31.35,moderate heat stress,Low
2024-05-17 20:00:00+00:00,2024-05-18 01:30:00+05:30,32.65,19.38,2.87,0.0,6.34,97.77,30.56,17.52,32.65,32.65,22.06,30.33,moderate heat stress,Low
2024-05-17 21:00:00+00:00,2024-05-18 02:30:00+05:30,31.75,20.82,2.75,0.0,6.66,97.76,29.79,17.33,31.75,31.75,21.65,29.36,moderate heat stress,Low
2024-05-17 22:00:00+00:00,2024-05-18 03:30:00+05:30,31.03,22.07,2.53,0.0,6.91,97.76,29.2,17.17,31.03,31.03,21.33,28.7,moderate heat stress,Low
2024-05-17 23:00:00+00:00,2024-05-18 04:30:00+05:30,30.52,23.01,2.22,0.0,7.09,97.79,28.79,17.06,30.52,30.52,21.1,28.37,moderate heat stress,Low
2024-05-18 00:00:00+00:00,2024-05-18 05:30:00+05:30,30.7,22.93,1.78,35.65,7.2,97.82,28.95,17.17,31.15,32.32,21.32,29.3,moderate heat stress,Low
2024-05-18 01:00:00+00:00,2024-05-18 06:30:00+05:30,33.05,20.15,1.68,177.15,7.24,97.87,31.0,18.02,35.33,40.63,22.99,33.42,strong heat stress,Moderate
2024-05-18 02:00:00+00:00,2024-05-18 07:30:00+05:30,36.01,17.34,1.3,359.55,7.45,97.91,33.85,19.09,40.84,49.83,25.13,38.24,very strong heat stress,High
2024-05-18 03:00:00+00:00,2024-05-18 08:30:00+05:30,40.55,14.41,2.01,569.88,8.36,97.91,38.52,20.87,47.64,63.24,28.19,45.35,very strong heat stress,High
2024-05-18 04:00:00+00:00,2024-05-18 09:30:00+05:30,42.86,12.85,2.49,745.08,8.47,97.88,40.79,21.59,51.75,72.66,29.75,49.57,extreme heat stress,Extreme
2024-05-18 05:00:00+00:00,2024-05-18 10:30:00+05:30,44.62,11.62,3.05,869.12,8.36,97.81,42.38,22.04,54.56,79.82,30.8,52.73,extreme heat stress,Extreme
2024-05-18 06:00:00+00:00,2024-05-18 11:30:00+05:30,45.88,10.76,3.9,919.38,8.21,97.72,43.44,22.32,55.84,84.41,31.38,54.8,extreme heat stress,Extreme
2024-05-18 07:00:00+00:00,2024-05-18 12:30:00+05:30,46.65,10.14,4.98,912.17,7.92,97.62,43.99,22.42,55.98,86.63,31.56,55.96,extreme heat stress,Extreme
2024-05-18 08:00:00+00:00,2024-05-18 13:30:00+05:30,46.88,9.63,6.22,830.62,7.38,97.53,43.97,22.26,54.91,85.38,31.25,56.09,extreme heat stress,Extreme
2024-05-18 09:00:00+00:00,2024-05-18 14:30:00+05:30,46.63,9.29,7.02,684.6,6.69,97.45,43.53,21.92,53.04,80.05,30.62,54.96,extreme heat stress,Extreme
2024-05-18 10:00:00+00:00,2024-05-18 15:30:00+05:30,46.01,9.05,7.38,492.65,5.88,97.38,42.76,21.43,50.56,71.35,29.71,52.65,extreme heat stress,Extreme
2024-05-18 11:00:00+00:00,2024-05-18 16:30:00+05:30,45.04,9.09,7.34,283.05,5.19,97.35,41.79,20.9,47.66,60.36,28.67,49.42,extreme heat stress,Extreme
2024-05-18 12:00:00+00:00,2024-05-18 17:30:00+05:30,43.53,9.6,6.15,105.25,4.83,97.35,40.43,20.33,44.55,49.3,27.49,45.0,very strong heat stress,High
2024-05-18 13:00:00+00:00,2024-05-18 18:30:00+05:30,39.35,12.14,3.53,8.27,4.95,97.38,36.7,19.13,39.35,39.35,25.2,38.19,very strong heat stress,High
2024-05-18 14:00:00+00:00,2024-05-18 19:30:00+05:30,37.14,13.86,3.4,0.0,5.12,97.42,34.64,18.51,37.14,37.14,24.1,35.5,strong heat stress,Moderate
2024-05-18 15:00:00+00:00,2024-05-18 20:30:00+05:30,35.97,14.97,3.36,0.0,5.3,97.47,33.55,18.21,35.97,35.97,23.53,34.07,strong heat stress,Moderate
2024-05-18 16:00:00+00:00,2024-05-18 21:30:00+05:30,34.99,16.05,3.32,0.0,5.52,97.52,32.64,17.97,34.99,34.99,23.08,32.88,strong heat stress,Moderate
2024-05-18 17:00:00+00:00,2024-05-18 22:30:00+05:30,34.12,17.2,3.29,0.0,5.81,97.53,31.86,17.8,34.12,34.12,22.7,31.83,moderate heat stress,Low
2024-05-18 18:00:00+00:00,2024-05-18 23:30:00+05:30,33.3,18.46,3.28,0.0,6.19,97.54,31.13,17.67,33.3,33.3,22.36,30.85,moderate heat stress,Low
2024-05-18 19:00:00+00:00,2024-05-19 00:30:00+05:30,32.51,19.9,3.22,0.0,6.62,97.53,30.45,17.58,32.51,32.51,22.06,29.94,moderate heat stress,Low
2024-05-18 20:00:00+00:00,2024-05-19 01:30:00+05:30,31.95,21.26,3.11,0.0,7.1,97.52,30.0,17.59,31.95,31.95,21.9,29.37,moderate heat stress,Low
2024-05-18 21:00:00+00:00,2024-05-19 02:30:00+05:30,31.46,22.7,2.89,0.0,7.66,97.52,29.63,17.64,31.46,31.46,21.79,28.98,moderate heat stress,Low
2024-05-18 22:00:00+00:00,2024-05-19 03:30:00+05:30,30.89,24.5,2.7,0.0,8.3,97.54,29.21,17.71,30.89,30.89,21.67,28.51,moderate heat stress,Low
2024-05-18 23:00:00+00:00,2024-05-19 04:30:00+05:30,30.15,26.83,2.64,0.0,9.02,97.57,28.68,17.75,30.15,30.15,21.47,27.77,moderate heat stress,Low
2024-05-19 00:00:00+00:00,2024-05-19 05:30:00+05:30,30.65,27.43,2.3,39.97,9.77,97.62,29.18,18.26,31.13,32.58,22.07,29.18,moderate heat stress,Low
2024-05-19 01:00:00+00:00,2024-05-19 06:30:00+05:30,33.8,23.95,2.77,185.35,10.4,97.68,32.16,19.64,35.96,42.68,24.32,34.19,strong heat stress,Moderate
2024-05-19 02:00:00+00:00,2024-05-19 07:30:00+05:30,37.16,20.43,2.07,361.8,10.79,97.73,35.67,20.92,41.64,52.47,26.68,40.02,very strong heat stress,High
2024-05-19 03:00:00+00:00,2024-05-19 08:30:00+05:30,41.55,16.65,1.83,564.53,11.29,97.75,40.44,22.45,48.7,63.47,29.61,46.63,extreme heat stress,Extreme
2024-05-19 04:00:00+00:00,2024-05-19 09:30:00+05:30,43.67,14.23,2.18,745.72,10.6,97.74,42.32,22.74,52.81,72.56,30.85,50.51,extreme heat stress,Extreme
2024-05-19 05:00:00+00:00,2024-05-19 10:30:00+05:30,45.27,12.49,3.2,868.75,9.9,97.7,43.56,22.88,55.11,80.67,31.56,53.61,extreme heat stress,Extreme
2024-05-19 06:00:00+00:00,2024-05-19 11:30:00+05:30,46.43,11.35,4.4,914.17,9.39,97.62,44.39,22.97,56.06,85.57,31.93,55.62,extreme heat stress,Extreme
2024-05-19 07:00:00+00:00,2024-05-19 12:30:00+05:30,47.13,10.7,5.66,908.0,9.06,97.52,44.85,23.02,56.12,87.85,32.05,56.9,extreme heat stress,Extreme
2024-05-19 08:00:00+00:00,2024-05-19 13:30:00+05:30,47.12,10.5,6.93,823.15,8.79,97.43,44.72,22.9,54.86,86.08,31.72,56.95,extreme heat stress,Extreme
2024-05-19 09:00:00+00:00,2024-05-19 14:30:00+05:30,46.73,10.48,7.86,659.78,8.46,97.34,44.27,22.66,52.73,79.81,31.08,55.72,extreme heat stress,Extreme
2024-05-19 10:00:00+00:00,2024-05-19 15:30:00+05:30,46.11,10.67,8.18,496.02,8.27,97.27,43.66,22.41,50.57,72.14,30.41,53.72,extreme heat stress,Extreme
2024-05-19 11:00:00+00:00,2024-05-19 16:30:00+05:30,45.07,11.16,8.15,274.17,8.12,97.24,42.7,22.06,47.54,60.28,29.46,50.3,extreme heat stress,Extreme
2024-05-19 12:00:00+00:00,2024-05-19 17:30:00+05:30,43.62,11.92,7.46,97.57,7.98,97.26,41.34,21.59,44.52,49.22,28.38,46.16,extreme heat stress,Extreme
2024-05-19 13:00:00+00:00,2024-05-19 18:30:00+05:30,40.56,14.03,4.84,7.43,7.98,97.32,38.43,20.71,40.56,40.56,26.66,39.93,very strong heat stress,High
2024-05-19 14:00:00+00:00,2024-05-19 19:30:00+05:30,38.26,16.07,4.15,0.0,8.13,97.41,36.19,20.09,38.26,38.26,25.54,36.96,strong heat stress,Moderate
2024-05-19 15:00:00+00:00,2024-05-19 20:30:00+05:30,36.97,17.64,3.84,0.0,8.48,97.49,34.96,19.83,36.97,36.97,24.97,35.39,strong heat stress,Moderate
2024-05-19 16:00:00+00:00,2024-05-19 21:30:00+05:30,35.85,19.4,3.5,0.0,8.98,97.54,33.93,19.68,35.85,35.85,24.53,34.12,strong heat stress,Moderate
2024-05-19 17:00:00+00:00,2024-05-19 22:30:00+05:30,34.99,21.06,3.3,0.0,9.5,97.56,33.16,19.63,34.99,34.99,24.24,33.17,strong heat stress,Moderate
2024-05-19 18:00:00+00:00,2024-05-19 23:30:00+05:30,34.34,22.55,3.27,0.0,9.96,97.55,32.61,19.62,34.34,34.34,24.04,32.41,strong heat stress,Moderate
2024-05-19 19:00:00+00:00,2024-05-20 00:30:00+05:30,33.8,23.94,3.48,0.0,10.41,97.53,32.16,19.64,33.8,33.8,23.89,31.65,moderate heat stress,Low
2024-05-19 20:00:00+00:00,2024-05-20 01:30:00+05:30,33.45,25.04,3.84,0.0,10.79,97.52,31.89,19.69,33.45,33.45,23.82,31.03,moderate heat stress,Low
2024-05-19 21:00:00+00:00,2024-05-20 02:30:00+05:30,32.7,26.5,3.65,0.0,11.01,97.52,31.21,19.53,32.7,32.7,23.48,30.22,moderate heat stress,Low
2024-05-19 22:00:00+00:00,2024-05-20 03:30:00+05:30,31.89,27.88,3.21,0.0,11.08,97.56,30.47,19.29,31.89,31.89,23.07,29.54,moderate heat stress,Low
2024-05-19 23:00:00+00:00,2024-05-20 04:30:00+05:30,31.36,28.84,2.9,0.0,11.15,97.6,30.0,19.12,31.36,31.36,22.79,29.16,moderate heat stress,Low
2024-05-20 00:00:00+00:00,2024-05-20 05:30:00+05:30,31.9,28.13,2.37,35.4,11.24,97.68,30.5,19.35,32.33,33.61,23.2,30.63,moderate heat stress,Low
2024-05-20 01:00:00+00:00,2024-05-20 06:30:00+05:30,34.12,24.94,2.63,160.07,11.3,97.77,32.66,20.15,36.01,41.71,24.72,34.43,strong heat stress,Moderate
2024-05-20 02:00:00+00:00,2024-05-20 07:30:00+05:30,37.01,20.89,2.11,304.95,11.03,97.84,35.57,20.96,40.77,50.11,26.53,39.33,very strong heat stress,High
2024-05-20 03:00:00+00:00,2024-05-20 08:30:00+05:30,41.26,15.61,2.23,495.77,10.1,97.88,39.72,21.83,47.31,61.59,28.87,45.72,very strong heat stress,High
2024-05-20 04:00:00+00:00,2024-05-20 09:30:00+05:30,43.62,13.03,2.4,712.58,9.27,97.88,41.77,22.14,52.19,71.92,30.3,50.13,extreme heat stress,Extreme
2024-05-20 05:00:00+00:00,2024-05-20 10:30:00+05:30,45.19,11.48,2.75,876.85,8.61,97.83,42.99,22.3,55.44,79.83,31.22,53.3,extreme heat stress,Extreme
2024-05-20 06:00:00+00:00,2024-05-20 11:30:00+05:30,46.26,10.4,3.98,922.75,8.02,97.75,43.69,22.35,56.21,84.98,31.51,55.24,extreme heat stress,Extreme
2024-05-20 07:00:00+00:00,2024-05-20 12:30:00+05:30,46.92,9.63,5.78,911.47,7.41,97.66,44.02,22.28,55.9,87.99,31.47,56.62,extreme heat stress,Extreme
2024-05-20 08:00:00+00:00,2024-05-20 13:30:00+05:30,47.01,9.11,7.36,808.72,6.71,97.56,43.83,22.03,54.49,85.87,31.02,56.79,extreme heat stress,Extreme
2024-05-20 09:00:00+00:00,2024-05-20 14:30:00+05:30,46.72,8.72,8.12,687.0,5.86,97.49,43.33,21.63,52.91,81.21,30.39,55.85,extreme heat stress,Extreme
2024-05-20 10:00:00+00:00,2024-05-20 15:30:00+05:30,46.22,8.54,8.3,512.15,5.22,97.43,42.74,21.24,50.8,73.06,29.65,53.75,extreme heat stress,Extreme
2024-05-20 11:00:00+00:00,2024-05-20 16:30:00+05:30,45.18,8.8,8.24,299.3,4.86,97.41,41.81,20.81,47.86,61.72,28.66,50.42,extreme heat stress,Extreme
2024-05-20 12:00:00+00:00,2024-05-20 17:30:00+05:30,43.7,9.47,7.3,116.68,4.76,97.42,40.56,20.35,44.78,50.33,27.57,46.07,extreme heat stress,Extreme
2024-05-20 13:00:00+00:00,2024-05-20 18:30:00+05:30,40.12,11.5,4.34,9.98,4.79,97.46,37.39,19.3,40.12,40.12,25.54,39.08,very strong heat stress,High
2024-05-20 14:00:00+00:00,2024-05-20 19:30:00+05:30,37.79,13.08,3.87,0.0,4.82,97.53,35.22,18.59,37.79,37.79,24.35,36.17,strong heat stress,Moderate
2024-05-20 15:00:00+00:00,2024-05-20 20:30:00+05:30,36.77,13.84,3.87,0.0,4.81,97.6,34.25,18.27,36.77,36.77,23.82,34.87,strong heat stress,Moderate
2024-05-20 16:00:00+00:00,2024-05-20 21:30:00+05:30,35.82,14.56,3.86,0.0,4.8,97.65,33.36,17.96,35.82,35.82,23.32,33.66,strong heat stress,Moderate
2024-05-20 17:00:00+00:00,2024-05-20 22:30:00+05:30,34.91,15.34,3.78,0.0,4.82,97.68,32.51,17.67,34.91,34.91,22.84,32.53,strong heat stress,Moderate
2024-05-20 18:00:00+00:00,2024-05-20 23:30:00+05:30,33.99,16.21,3.6,0.0,4.87,97.69,31.66,17.38,33.99,33.99,22.37,31.45,moderate heat stress,Low
2024-05-20 19:00:00+00:00,2024-05-21 00:30:00+05:30,33.02,17.23,3.33,0.0,4.96,97.68,30.79,17.09,33.02,33.02,21.87,30.4,moderate heat stress,Low
2024-05-20 20:00:00+00:00,2024-05-21 01:30:00+05:30,32.11,18.3,3.05,0.0,5.09,97.67,30.0,16.83,32.11,32.11,21.41,29.48,moderate heat stress,Low
2024-05-20 21:00:00+00:00,2024-05-21 02:30:00+05:30,31.32,19.41,2.57,0.0,5.3,97.67,29.33,16.63,31.32,31.32,21.04,28.9,moderate heat stress,Low
2024-05-20 22:00:00+00:00,2024-05-21 03:30:00+05:30,30.97,20.19,1.85,0.0,5.56,97.7,29.06,16.61,30.97,30.97,20.92,29.01,moderate heat stress,Low
2024-05-20 23:00:00+00:00,2024-05-21 04:30:00+05:30,31.09,20.41,1.0,0.0,5.8,97.75,29.17,16.76,31.09,31.09,21.06,29.47,moderate heat stress,Low
2024-05-21 00:00:00+00:00,2024-05-21 05:30:00+05:30,31.16,20.55,0.63,33.72,5.96,97.81,29.24,16.85,31.66,32.35,21.24,29.84,moderate heat stress,Low
2024-05-21 01:00:00+00:00,2024-05-21 06:30:00+05:30,32.72,18.92,2.08,151.43,6.06,97.88,30.6,17.42,34.59,39.59,22.39,32.58,strong heat stress,Moderate
2024-05-21 02:00:00+00:00,2024-05-21 07:30:00+05:30,35.82,16.2,3.54,369.65,6.28,97.94,33.51,18.56,39.91,53.62,24.56,37.93,strong heat stress,Moderate
2024-05-21 03:00:00+00:00,2024-05-21 08:30:00+05:30,39.19,13.67,3.79,566.65,6.49,97.98,36.8,19.7,45.37,65.27,26.78,43.82,very strong heat stress,High
2024-05-21 04:00:00+00:00,2024-05-21 09:30:00+05:30,41.46,12.1,3.14,742.17,6.49,97.97,38.96,20.38,49.9,72.87,28.39,47.99,extreme heat stress,Extreme
2024-05-21 05:00:00+00:00,2024-05-21 10:30:00+05:30,43.22,10.83,2.37,862.15,6.28,97.91,40.51,20.8,53.61,76.71,29.6,50.7,extreme heat stress,Extreme
2024-05-21 06:00:00+00:00,2024-05-21 11:30:00+05:30,44.58,9.78,1.66,923.5,5.88,97.83,41.59,21.03,56.48,77.51,30.47,52.08,extreme heat stress,Extreme
2024-05-21 07:00:00+00:00,2024-05-21 12:30:00+05:30,45.5,9.05,1.49,919.53,5.48,97.74,42.24,21.14,57.58,77.49,30.86,52.78,extreme heat stress,Extreme
2024-05-21 08:00:00+00:00,2024-05-21 13:30:00+05:30,45.96,8.63,2.16,853.83,5.16,97.65,42.52,21.15,56.44,78.08,30.69,53.33,extreme heat stress,Extreme
2024-05-21 09:00:00+00:00,2024-05-21 14:30:00+05:30,45.96,8.52,3.07,694.65,4.99,97.57,42.47,21.08,53.9,74.67,30.13,52.31,extreme heat stress,Extreme
2024-05-21 10:00:00+00:00,2024-05-21 15:30:00+05:30,45.4,8.81,3.77,494.67,5.02,97.53,42.03,20.94,50.8,67.55,29.36,50.04,extreme heat stress,Extreme
2024-05-21 11:00:00+00:00,2024-05-21 16:30:00+05:30,44.32,9.41,4.14,299.92,5.13,97.52,41.17,20.67,47.52,58.64,28.41,47.09,extreme heat stress,Extreme
2024-05-21 12:00:00+00:00,2024-05-21 17:30:00+05:30,42.69,10.39,3.85,111.43,5.3,97.55,39.81,20.26,43.9,48.19,27.23,43.36,very strong heat stress,High
2024-05-21 13:00:00+00:00,2024-05-21 18:30:00+05:30,38.85,13.18,2.51,9.05,5.73,97.63,36.35,19.28,38.85,38.85,25.15,37.85,strong heat stress,Moderate
2024-05-21 14:00:00+00:00,2024-05-21 19:30:00+05:30,36.91,15.27,2.71,0.0,6.32,97.71,34.57,18.92,36.91,36.91,24.31,35.54,strong heat stress,Moderate
2024-05-21 15:00:00+00:00,2024-05-21 20:30:00+05:30,35.74,17.09,2.71,0.0,7.02,97.76,33.52,18.83,35.74,35.74,23.9,34.18,strong heat stress,Moderate
2024-05-21 16:00:00+00:00,2024-05-21 21:30:00+05:30,34.64,18.9,2.68,0.0,7.59,97.79,32.54,18.71,34.64,34.64,23.49,32.92,strong heat stress,Moderate
2024-05-21 17:00:00+00:00,2024-05-21 22:30:00+05:30,33.68,20.45,2.71,0.0,7.98,97.79,31.67,18.54,33.68,33.68,23.08,31.78,moderate heat stress,Low
2024-05-21 18:00:00+00:00,2024-05-21 23:30:00+05:30,32.78,21.81,2.79,0.0,8.19,97.78,30.85,18.32,32.78,32.78,22.66,30.67,moderate heat stress,Low
2024-05-21 19:00:00+00:00,2024-05-22 00:30:00+05:30,31.9,22.95,2.87,0.0,8.21,97.76,30.06,18.02,31.9,31.9,22.19,29.56,moderate heat stress,Low
2024-05-21 20:00:00+00:00,2024-05-22 01:30:00+05:30,31.08,23.73,2.93,0.0,8.01,97.75,29.33,17.65,31.08,31.08,21.68,28.53,moderate heat stress,Low
2024-05-21 21:00:00+00:00,2024-05-22 02:30:00+05:30,30.36,24.19,2.97,0.0,7.69,97.77,28.71,17.25,30.36,30.36,21.19,27.62,moderate heat stress,Low
2024-05-21 22:00:00+00:00,2024-05-22 03:30:00+05:30,29.78,24.8,3.08,0.0,7.56,97.81,28.25,16.99,29.78,29.78,20.83,26.82,moderate heat stress,Low
2024-05-21 23:00:00+00:00,2024-05-22 04:30:00+05:30,29.17,26.28,3.22,0.0,7.88,97.87,27.82,16.9,29.17,29.17,20.58,26.0,no thermal stress,Low
2024-05-22 00:00:00+00:00,2024-05-22 05:30:00+05:30,29.62,26.9,4.08,39.35,8.63,97.93,28.22,17.38,30.04,31.83,21.13,26.4,moderate heat stress,Low
2024-05-22 01:00:00+00:00,2024-05-22 06:30:00+05:30,31.3,25.82,4.7,179.75,9.43,98.0,29.68,18.34,33.16,41.27,22.6,30.01,moderate heat stress,Low
2024-05-22 02:00:00+00:00,2024-05-22 07:30:00+05:30,34.77,21.63,4.8,356.33,9.69,98.06,32.98,19.65,38.45,53.34,24.92,36.4,strong heat stress,Moderate
2024-05-22 03:00:00+00:00,2024-05-22 08:30:00+05:30,38.95,15.72,4.96,545.03,8.37,98.08,36.93,20.39,44.53,65.68,27.08,43.51,very strong heat stress,High
2024-05-22 04:00:00+00:00,2024-05-22 09:30:00+05:30,41.2,13.51,4.33,679.75,7.91,98.05,39.04,20.88,48.39,72.33,28.41,47.41,extreme heat stress,Extreme
2024-05-22 05:00:00+00:00,2024-05-22 10:30:00+05:30,42.86,12.28,3.76,804.9,7.8,98.0,40.6,21.31,51.65,77.56,29.54,50.37,extreme heat stress,Extreme
2024-05-22 06:00:00+00:00,2024-05-22 11:30:00+05:30,43.94,11.6,3.25,873.78,7.81,97.9,41.59,21.62,53.8,79.9,30.29,52.06,extreme heat stress,Extreme
2024-05-22 07:00:00+00:00,2024-05-22 12:30:00+05:30,44.7,11.15,2.78,883.28,7.83,97.79,42.28,21.84,55.0,79.73,30.76,52.79,extreme heat stress,Extreme
2024-05-22 08:00:00+00:00,2024-05-22 13:30:00+05:30,45.02,10.98,2.28,812.8,7.83,97.68,42.57,21.94,54.89,76.26,30.84,52.24,extreme heat stress,Extreme
2024-05-22 09:00:00+00:00,2024-05-22 14:30:00+05:30,44.87,11.0,1.79,670.88,7.77,97.57,42.4,21.86,53.4,69.94,30.47,50.51,extreme heat stress,Extreme
2024-05-22 10:00:00+00:00,2024-05-22 15:30:00+05:30,44.42,11.22,1.39,486.42,7.71,97.5,41.99,21.71,50.88,62.17,29.82,48.14,extreme heat stress,Extreme
2024-05-22 11:00:00+00:00,2024-05-22 16:30:00+05:30,43.56,11.69,1.07,303.2,7.65,97.46,41.19,21.44,47.76,54.36,28.92,45.44,very strong heat stress,High
2024-05-22 12:00:00+00:00,2024-05-22 17:30:00+05:30,42.26,12.53,1.3,116.85,7.65,97.47,39.99,21.07,43.83,46.75,27.74,42.76,very strong heat stress,High
2024-05-22 13:00:00+00:00,2024-05-22 18:30:00+05:30,38.76,15.3,2.25,10.27,7.83,97.51,36.63,20.1,38.89,39.23,25.73,38.09,very strong heat stress,High
2024-05-22 14:00:00+00:00,2024-05-22 19:30:00+05:30,37.13,16.99,3.1,0.0,8.05,97.56,35.05,19.7,37.13,37.13,24.93,35.81,strong heat stress,Moderate
2024-05-22 15:00:00+00:00,2024-05-22 20:30:00+05:30,36.53,18.17,3.87,0.0,8.56,97.63,34.54,19.72,36.53,36.53,24.77,34.82,strong heat stress,Moderate
2024-05-22 16:00:00+00:00,2024-05-22 21:30:00+05:30,35.82,19.81,4.54,0.0,9.26,97.7,33.95,19.8,35.82,35.82,24.6,33.74,strong heat stress,Moderate
2024-05-22 17:00:00+00:00,2024-05-22 22:30:00+05:30,34.79,22.15,4.74,0.0,10.08,97.73,33.07,19.82,34.79,34.79,24.31,32.35,strong heat stress,Moderate
2024-05-22 18:00:00+00:00,2024-05-22 23:30:00+05:30,33.75,24.95,4.89,0.0,10.99,97.74,32.22,19.88,33.75,33.75,24.04,30.97,moderate heat stress,Low
2024-05-22 19:00:00+00:00,2024-05-23 00:30:00+05:30,32.87,28.01,5.24,0.0,11.98,97.73,31.58,20.04,32.87,32.87,23.89,29.75,moderate heat stress,Low
2024-05-22 20:00:00+00:00,2024-05-23 01:30:00+05:30,32.15,31.34,5.65,0.0,13.08,97.73,31.15,20.31,32.15,32.15,23.86,28.77,moderate heat stress,Low
2024-05-22 21:00:00+00:00,2024-05-23 02:30:00+05:30,31.54,34.99,5.72,0.0,14.22,97.75,30.9,20.65,31.54,31.54,23.92,28.06,moderate heat stress,Low
2024-05-22 22:00:00+00:00,2024-05-23 03:30:00+05:30,31.07,38.8,5.67,0.0,15.42,97.78,30.83,21.08,31.07,31.07,24.08,27.62,moderate heat stress,Low
2024-05-22 23:00:00+00:00,2024-05-23 04:30:00+05:30,30.66,42.8,5.72,0.0,16.6,97.83,30.87,21.53,30.66,30.66,24.27,27.27,moderate heat stress,Low
2024-05-23 00:00:00+00:00,2024-05-23 05:30:00+05:30,30.51,45.92,5.71,36.42,17.59,97.88,31.14,21.99,30.87,32.72,24.62,27.76,moderate heat stress,Low
2024-05-23 01:00:00+00:00,2024-05-23 06:30:00+05:30,32.14,44.24,6.64,160.02,18.46,97.93,33.31,23.04,33.66,41.76,26.07,31.43,moderate heat stress,Moderate
2024-05-23 02:00:00+00:00,2024-05-23 07:30:00+05:30,35.15,36.26,7.26,322.0,17.97,97.96,36.41,23.79,38.14,53.66,27.79,37.21,strong heat stress,Moderate
2024-05-23 03:00:00+00:00,2024-05-23 08:30:00+05:30,37.74,28.83,6.91,495.1,16.59,97.96,38.62,23.89,42.4,64.29,28.98,42.28,very strong heat stress,High
2024-05-23 04:00:00+00:00,2024-05-23 09:30:00+05:30,39.51,25.13,6.49,732.67,15.94,97.95,40.32,24.09,46.52,76.01,30.12,46.83,extreme heat stress,Extreme
2024-05-23 05:00:00+00:00,2024-05-23 10:30:00+05:30,40.92,22.88,6.1,851.3,15.64,97.9,41.79,24.35,49.19,81.53,30.98,49.69,extreme heat stress,Extreme
2024-05-23 06:00:00+00:00,2024-05-23 11:30:00+05:30,41.94,21.42,5.58,892.47,15.45,97.84,42.84,24.55,50.81,83.21,31.54,51.21,extreme heat stress,Extreme
2024-05-23 07:00:00+00:00,2024-05-23 12:30:00+05:30,42.67,20.38,4.85,876.88,15.27,97.75,43.55,24.67,51.69,82.04,31.87,51.75,extreme heat stress,Extreme
2024-05-23 08:00:00+00:00,2024-05-23 13:30:00+05:30,43.05,19.78,4.02,794.17,15.12,97.65,43.88,24.69,51.59,77.78,31.91,51.25,extreme heat stress,Extreme
2024-05-23 09:00:00+00:00,2024-05-23 14:30:00+05:30,43.06,19.38,3.29,653.95,14.8,97.56,43.71,24.54,50.42,71.14,31.57,49.83,extreme heat stress,Extreme
2024-05-23 10:00:00+00:00,2024-05-23 15:30:00+05:30,42.67,19.23,2.7,469.12,14.37,97.49,43.04,24.22,48.18,62.64,30.86,47.58,extreme heat stress,Extreme
2024-05-23 11:00:00+00:00,2024-05-23 16:30:00+05:30,41.82,19.63,2.35,299.45,14.01,97.45,41.91,23.8,45.43,54.62,29.93,45.0,very strong heat stress,High
2024-05-23 12:00:00+00:00,2024-05-23 17:30:00+05:30,40.56,20.69,2.46,115.1,13.79,97.46,40.42,23.33,41.94,45.75,28.78,41.79,very strong heat stress,High
2024-05-23 13:00:00+00:00,2024-05-23 18:30:00+05:30,37.94,23.97,2.14,9.7,13.88,97.5,37.54,22.6,37.94,37.94,27.2,37.66,strong heat stress,Moderate
2024-05-23 14:00:00+00:00,2024-05-23 19:30:00+05:30,36.34,26.63,2.9,0.0,14.16,97.58,35.87,22.23,36.34,36.34,26.47,35.45,strong heat stress,Moderate
2024-05-23 15:00:00+00:00,2024-05-23 20:30:00+05:30,35.67,28.33,3.82,0.0,14.55,97.64,35.28,22.21,35.67,35.67,26.25,34.2,strong heat stress,Moderate
2024-05-23 16:00:00+00:00,2024-05-23 21:30:00+05:30,34.9,30.44,4.46,0.0,15.01,97.7,34.62,22.18,34.9,34.9,26.0,32.99,strong heat stress,Moderate
2024-05-23 17:00:00+00:00,2024-05-23 22:30:00+05:30,34.04,32.89,4.83,0.0,15.46,97.72,33.88,22.12,34.04,34.04,25.7,31.79,moderate heat stress,Moderate
2024-05-23 18:00:00+00:00,2024-05-23 23:30:00+05:30,33.23,35.36,5.06,0.0,15.89,97.72,33.19,22.06,33.23,33.23,25.41,30.71,moderate heat stress,Moderate
2024-05-23 19:00:00+00:00,2024-05-24 00:30:00+05:30,32.49,37.7,5.07,0.0,16.26,97.69,32.57,21.99,32.49,32.49,25.14,29.8,moderate heat stress,Moderate
2024-05-23 20:00:00+00:00,2024-05-24 01:30:00+05:30,31.79,39.98,4.97,0.0,16.56,97.68,31.98,21.9,31.79,31.79,24.87,28.99,moderate heat stress,Low
2024-05-23 21:00:00+00:00,2024-05-24 02:30:00+05:30,31.15,42.18,4.88,0.0,16.81,97.7,31.45,21.82,31.15,31.15,24.62,28.28,moderate heat stress,Low
2024-05-23 22:00:00+00:00,2024-05-24 03:30:00+05:30,30.6,44.14,4.82,0.0,17.04,97.74,30.99,21.74,30.6,30.6,24.4,27.67,moderate heat stress,Low
2024-05-23 23:00:00+00:00,2024-05-24 04:30:00+05:30,30.12,45.93,4.63,0.0,17.24,97.78,30.61,21.67,30.12,30.12,24.2,27.23,moderate heat stress,Low
2024-05-24 00:00:00+00:00,2024-05-24 05:30:00+05:30,30.23,46.07,4.98,35.05,17.38,97.84,30.78,21.79,30.59,32.3,24.39,27.66,moderate heat stress,Low
2024-05-24 01:00:00+00:00,2024-05-24 06:30:00+05:30,32.34,41.14,5.7,167.57,17.48,97.9,32.99,22.59,34.0,42.02,25.84,31.69,moderate heat stress,Moderate
2024-05-24 02:00:00+00:00,2024-05-24 07:30:00+05:30,35.01,34.88,6.23,351.73,17.24,97.94,35.82,23.35,38.41,54.43,27.53,37.08,strong heat stress,Moderate
2024-05-24 03:00:00+00:00,2024-05-24 08:30:00+05:30,37.23,29.89,6.04,546.1,16.72,97.96,38.1,23.8,42.55,65.48,28.89,41.9,very strong heat stress,High
2024-05-24 04:00:00+00:00,2024-05-24 09:30:00+05:30,39.1,26.39,5.26,716.2,16.36,97.95,40.08,24.18,46.32,73.48,30.1,45.86,very strong heat stress,High
2024-05-24 05:00:00+00:00,2024-05-24 10:30:00+05:30,40.65,23.88,4.12,837.42,16.08,97.91,41.74,24.5,49.61,77.72,31.14,48.85,extreme heat stress,Extreme
2024-05-24 06:00:00+00:00,2024-05-24 11:30:00+05:30,41.86,22.03,2.85,895.08,15.82,97.84,42.97,24.71,52.25,78.05,31.94,50.68,extreme heat stress,Extreme
2024-05-24 07:00:00+00:00,2024-05-24 12:30:00+05:30,42.61,20.76,1.55,879.42,15.5,97.75,43.63,24.77,54.08,74.05,32.41,50.71,extreme heat stress,Extreme
2024-05-24 08:00:00+00:00,2024-05-24 13:30:00+05:30,42.97,19.86,0.57,788.08,15.11,97.66,43.79,24.67,54.88,66.6,32.54,48.76,extreme heat stress,Extreme
2024-05-24 09:00:00+00:00,2024-05-24 14:30:00+05:30,43.11,19.11,1.12,640.12,14.63,97.56,43.67,24.47,51.92,65.18,31.82,48.7,extreme heat stress,Extreme
2024-05-24 10:00:00+00:00,2024-05-24 15:30:00+05:30,42.82,18.9,1.56,455.38,14.24,97.48,43.12,24.19,48.75,60.07,30.97,47.24,extreme heat stress,Extreme
2024-05-24 11:00:00+00:00,2024-05-24 16:30:00+05:30,42.06,19.3,1.77,272.2,13.93,97.43,42.14,23.84,45.53,53.01,30.0,44.9,very strong heat stress,High
2024-05-24 12:00:00+00:00,2024-05-24 17:30:00+05:30,40.93,20.21,1.81,102.38,13.73,97.43,40.8,23.41,42.23,45.22,28.93,42.11,very strong heat stress,High
2024-05-24 13:00:00+00:00,2024-05-24 18:30:00+05:30,38.76,22.65,1.42,9.77,13.69,97.47,38.37,22.76,38.76,38.76,27.56,38.7,very strong heat stress,High
2024-05-24 14:00:00+00:00,2024-05-24 19:30:00+05:30,37.04,25.32,1.92,0.0,13.98,97.53,36.57,22.36,37.04,37.04,26.77,36.68,strong heat stress,Moderate
2024-05-24 15:00:00+00:00,2024-05-24 20:30:00+05:30,36.04,27.56,2.24,0.0,14.45,97.58,35.65,22.27,36.04,36.04,26.4,35.44,strong heat stress,Moderate
2024-05-24 16:00:00+00:00,2024-05-24 21:30:00+05:30,35.1,30.17,2.43,0.0,15.04,97.63,34.85,22.26,35.1,35.1,26.11,34.31,strong heat stress,Moderate
2024-05-24 17:00:00+00:00,2024-05-24 22:30:00+05:30,34.23,32.76,2.62,0.0,15.57,97.66,34.13,22.24,34.23,34.23,25.84,33.24,strong heat stress,Moderate
2024-05-24 18:00:00+00:00,2024-05-24 23:30:00+05:30,33.43,34.88,2.79,0.0,15.85,97.65,33.39,22.11,33.43,33.43,25.51,32.24,strong heat stress,Moderate
2024-05-24 19:00:00+00:00,2024-05-25 00:30:00+05:30,32.68,36.62,2.87,0.0,15.96,97.63,32.64,21.91,32.68,32.68,25.14,31.33,moderate heat stress,Moderate
2024-05-24 20:00:00+00:00,2024-05-25 01:30:00+05:30,31.97,38.14,2.85,0.0,15.97,97.61,31.92,21.67,31.97,31.97,24.76,30.53,moderate heat stress,Low
2024-05-24 21:00:00+00:00,2024-05-25 02:30:00+05:30,31.28,39.52,2.72,0.0,15.92,97.59,31.21,21.39,31.28,31.28,24.36,29.85,moderate heat stress,Low
2024-05-24 22:00:00+00:00,2024-05-25 03:30:00+05:30,30.74,40.62,2.57,0.0,15.86,97.6,30.67,21.17,30.74,30.74,24.04,29.37,moderate heat stress,Low
2024-05-24 23:00:00+00:00,2024-05-25 04:30:00+05:30,30.3,41.52,2.46,0.0,15.8,97.63,30.23,20.99,30.3,30.3,23.78,28.98,moderate heat stress,Low
2024-05-25 00:00:00+00:00,2024-05-25 05:30:00+05:30,30.92,39.96,2.5,37.72,15.77,97.69,30.8,21.19,31.37,32.78,24.2,30.07,moderate heat stress,Low
2024-05-25 01:00:00+00:00,2024-05-25 06:30:00+05:30,33.15,35.19,3.26,180.57,15.74,97.74,33.05,21.96,35.19,42.19,25.73,33.65,strong heat stress,Moderate
2024-05-25 02:00:00+00:00,2024-05-25 07:30:00+05:30,36.71,28.28,2.31,366.0,15.43,97.78,36.82,22.97,41.14,52.62,27.98,39.98,very strong heat stress,High
2024-05-25 03:00:00+00:00,2024-05-25 08:30:00+05:30,39.4,23.11,0.48,533.85,14.53,97.79,39.47,23.36,47.63,55.58,29.82,43.11,very strong heat stress,High
2024-05-25 04:00:00+00:00,2024-05-25 09:30:00+05:30,41.57,19.43,1.37,718.97,13.64,97.76,41.46,23.56,51.15,67.32,30.88,47.91,extreme heat stress,Extreme
2024-05-25 05:00:00+00:00,2024-05-25 10:30:00+05:30,43.31,17.11,2.46,844.65,13.08,97.7,43.06,23.78,53.41,76.44,31.66,51.42,extreme heat stress,Extreme
2024-05-25 06:00:00+00:00,2024-05-25 11:30:00+05:30,44.66,15.37,3.28,866.28,12.54,97.6,44.17,23.89,54.42,80.27,32.07,53.26,extreme heat stress,Extreme
2024-05-25 07:00:00+00:00,2024-05-25 12:30:00+05:30,45.62,13.99,4.12,857.97,11.85,97.48,44.77,23.84,54.8,82.38,32.21,54.4,extreme heat stress,Extreme
2024-05-25 08:00:00+00:00,2024-05-25 13:30:00+05:30,46.16,12.88,5.12,775.67,11.05,97.36,44.88,23.62,54.04,81.23,31.96,54.56,extreme heat stress,Extreme
2024-05-25 09:00:00+00:00,2024-05-25 14:30:00+05:30,46.22,12.14,5.99,640.97,10.22,97.26,44.56,23.27,52.48,76.85,31.41,53.77,extreme heat stress,Extreme
2024-05-25 10:00:00+00:00,2024-05-25 15:30:00+05:30,45.81,11.87,6.63,463.1,9.57,97.2,43.91,22.88,50.21,69.27,30.64,51.99,extreme heat stress,Extreme
2024-05-25 11:00:00+00:00,2024-05-25 16:30:00+05:30,44.96,12.0,6.96,278.48,9.08,97.17,42.95,22.44,47.57,59.89,29.72,49.39,extreme heat stress,Extreme
2024-05-25 12:00:00+00:00,2024-05-25 17:30:00+05:30,43.69,12.46,6.42,111.2,8.66,97.17,41.63,21.9,44.76,49.84,28.65,45.76,very strong heat stress,High
2024-05-25 13:00:00+00:00,2024-05-25 18:30:00+05:30,40.48,14.4,3.85,10.6,8.28,97.21,38.43,20.82,40.6,41.02,26.74,39.95,very strong heat stress,High
2024-05-25 14:00:00+00:00,2024-05-25 19:30:00+05:30,38.13,15.95,3.39,0.0,7.92,97.28,36.02,19.96,38.13,38.13,25.41,36.95,strong heat stress,Moderate
2024-05-25 15:00:00+00:00,2024-05-25 20:30:00+05:30,36.83,16.83,3.26,0.0,7.68,97.34,34.69,19.44,36.83,36.83,24.66,35.35,strong heat stress,Moderate
2024-05-25 16:00:00+00:00,2024-05-25 21:30:00+05:30,35.59,17.89,3.15,0.0,7.58,97.4,33.45,19.0,35.59,35.59,23.98,33.85,strong heat stress,Moderate
2024-05-25 17:00:00+00:00,2024-05-25 22:30:00+05:30,34.5,19.01,3.03,0.0,7.58,97.43,32.4,18.65,34.5,34.5,23.4,32.56,strong heat stress,Moderate
2024-05-25 18:00:00+00:00,2024-05-25 23:30:00+05:30,33.51,20.14,2.92,0.0,7.62,97.43,31.46,18.33,33.51,33.51,22.88,31.42,moderate heat stress,Low
2024-05-25 19:00:00+00:00,2024-05-26 00:30:00+05:30,32.56,21.34,2.79,0.0,7.7,97.43,30.6,18.03,32.56,32.56,22.39,30.37,moderate heat stress,Low
2024-05-25 20:00:00+00:00,2024-05-26 01:30:00+05:30,31.69,22.58,2.64,0.0,7.78,97.42,29.84,17.77,31.69,31.69,21.95,29.45,moderate heat stress,Low
2024-05-25 21:00:00+00:00,2024-05-26 02:30:00+05:30,30.94,23.74,2.45,0.0,7.9,97.42,29.21,17.55,30.94,30.94,21.57,28.73,moderate heat stress,Low
2024-05-25 22:00:00+00:00,2024-05-26 03:30:00+05:30,30.43,24.73,2.21,0.0,8.06,97.43,28.8,17.44,30.43,30.43,21.34,28.36,moderate heat stress,Low
2024-05-25 23:00:00+00:00,2024-05-26 04:30:00+05:30,30.06,25.56,1.97,0.0,8.24,97.46,28.52,17.38,30.06,30.06,21.18,28.14,moderate heat stress,Low
2024-05-26 00:00:00+00:00,2024-05-26 05:30:00+05:30,30.43,25.32,1.63,47.45,8.42,97.51,28.84,17.59,31.04,32.53,21.56,29.34,moderate heat stress,Low
2024-05-26 01:00:00+00:00,2024-05-26 06:30:00+05:30,33.01,22.17,1.74,207.73,8.6,97.57,31.12,18.58,35.66,41.93,23.44,33.8,strong heat stress,Moderate
2024-05-26 02:00:00+00:00,2024-05-26 07:30:00+05:30,36.89,17.82,2.03,412.7,8.57,97.63,34.9,19.84,42.02,54.16,25.98,39.98,very strong heat stress,High
2024-05-26 03:00:00+00:00,2024-05-26 08:30:00+05:30,41.46,13.54,4.04,613.3,8.17,97.65,39.36,21.05,48.05,69.43,28.49,47.07,extreme heat stress,Extreme
2024-05-26 04:00:00+00:00,2024-05-26 09:30:00+05:30,43.36,12.38,4.65,781.6,8.32,97.63,41.21,21.66,51.49,78.58,29.8,51.0,extreme heat stress,Extreme
2024-05-26 05:00:00+00:00,2024-05-26 10:30:00+05:30,44.93,11.44,4.85,899.6,8.36,97.56,42.67,22.13,54.19,84.63,30.82,53.95,extreme heat stress,Extreme
2024-05-26 06:00:00+00:00,2024-05-26 11:30:00+05:30,46.23,10.61,5.0,977.4,8.28,97.47,43.76,22.45,56.21,88.76,31.58,56.16,extreme heat stress,Extreme
2024-05-26 07:00:00+00:00,2024-05-26 12:30:00+05:30,47.19,10.2,5.35,960.33,8.42,97.35,44.63,22.77,56.84,89.41,32.03,57.21,extreme heat stress,Extreme
2024-05-26 08:00:00+00:00,2024-05-26 13:30:00+05:30,47.72,10.25,6.04,878.47,8.9,97.22,45.26,23.11,56.28,87.67,32.2,57.47,extreme heat stress,Extreme
2024-05-26 09:00:00+00:00,2024-05-26 14:30:00+05:30,47.84,10.57,6.71,734.47,9.43,97.12,45.6,23.36,54.8,82.78,32.1,56.82,extreme heat stress,Extreme
2024-05-26 10:00:00+00:00,2024-05-26 15:30:00+05:30,47.39,11.05,7.17,545.83,9.73,97.05,45.36,23.37,52.47,74.75,31.6,55.0,extreme heat stress,Extreme
2024-05-26 11:00:00+00:00,2024-05-26 16:30:00+05:30,46.43,11.64,7.34,335.12,9.76,97.0,44.54,23.13,49.53,64.18,30.74,52.07,extreme heat stress,Extreme
2024-05-26 12:00:00+00:00,2024-05-26 17:30:00+05:30,45.0,12.33,6.62,140.3,9.52,97.0,43.15,22.63,46.33,52.68,29.61,47.89,extreme heat stress,Extreme
2024-05-26 13:00:00+00:00,2024-05-26 18:30:00+05:30,41.45,14.57,3.72,12.6,9.22,97.05,39.65,21.5,41.59,42.09,27.51,41.25,very strong heat stress,High
2024-05-26 14:00:00+00:00,2024-05-26 19:30:00+05:30,38.91,16.49,3.21,0.0,9.05,97.13,37.04,20.67,38.91,38.91,26.14,38.06,very strong heat stress,High
2024-05-26 15:00:00+00:00,2024-05-26 20:30:00+05:30,37.69,17.51,2.98,0.0,8.95,97.2,35.78,20.26,37.69,37.69,25.49,36.61,strong heat stress,Moderate
2024-05-26 16:00:00+00:00,2024-05-26 21:30:00+05:30,36.91,18.2,2.58,0.0,8.9,97.22,34.98,19.99,36.91,36.91,25.06,35.8,strong heat stress,Moderate
2024-05-26 17:00:00+00:00,2024-05-26 22:30:00+05:30,36.66,18.4,2.09,0.0,8.85,97.23,34.72,19.89,36.66,36.66,24.92,35.66,strong heat stress,Moderate
2024-05-26 18:00:00+00:00,2024-05-26 23:30:00+05:30,36.26,18.75,1.68,0.0,8.8,97.22,34.31,19.74,36.26,36.26,24.7,35.29,strong heat stress,Moderate
2024-05-26 19:00:00+00:00,2024-05-27 00:30:00+05:30,35.09,19.97,1.65,0.0,8.78,97.19,33.14,19.35,35.09,35.09,24.07,33.97,strong heat stress,Moderate
2024-05-26 20:00:00+00:00,2024-05-27 01:30:00+05:30,33.12,22.49,2.16,0.0,8.92,97.16,31.26,18.75,33.12,33.12,23.06,31.52,moderate heat stress,Low
2024-05-26 21:00:00+00:00,2024-05-27 02:30:00+05:30,31.66,25.38,2.53,0.0,9.5,97.16,30.01,18.49,31.66,31.66,22.44,29.64,moderate heat stress,Low
2024-05-26 22:00:00+00:00,2024-05-27 03:30:00+05:30,30.71,28.61,2.6,0.0,10.47,97.18,29.32,18.58,30.71,30.71,22.22,28.58,moderate heat stress,Low
2024-05-26 23:00:00+00:00,2024-05-27 04:30:00+05:30,29.91,32.09,2.59,0.0,11.49,97.21,28.83,18.76,29.91,29.91,22.1,27.79,moderate heat stress,Low
2024-05-27 00:00:00+00:00,2024-05-27 05:30:00+05:30,30.44,32.81,2.69,44.58,12.29,97.24,29.42,19.32,30.96,32.68,22.76,28.96,moderate heat stress,Low
2024-05-27 01:00:00+00:00,2024-05-27 06:30:00+05:30,32.89,29.4,3.48,187.2,12.73,97.28,31.78,20.4,34.97,42.42,24.57,32.95,strong heat stress,Moderate
2024-05-27 02:00:00+00:00,2024-05-27 07:30:00+05:30,37.14,22.12,2.43,370.75,11.97,97.31,35.99,21.45,41.59,53.38,27.05,40.16,very strong heat stress,High
2024-05-27 03:00:00+00:00,2024-05-27 08:30:00+05:30,41.77,14.96,0.71,573.28,9.85,97.32,40.16,21.87,50.19,60.15,29.53,45.54,very strong heat stress,High
2024-05-27 04:00:00+00:00,2024-05-27 09:30:00+05:30,44.28,12.23,1.82,756.7,8.85,97.3,42.24,22.15,53.87,72.41,30.7,50.79,extreme heat stress,Extreme
2024-05-27 05:00:00+00:00,2024-05-27 10:30:00+05:30,45.8,10.95,2.87,884.78,8.4,97.25,43.44,22.38,56.05,80.89,31.46,54.02,extreme heat stress,Extreme
2024-05-27 06:00:00+00:00,2024-05-27 11:30:00+05:30,46.83,10.09,3.59,948.6,7.99,97.18,44.17,22.5,57.3,85.56,31.89,55.91,extreme heat stress,Extreme
2024-05-27 07:00:00+00:00,2024-05-27 12:30:00+05:30,47.48,9.21,4.34,944.55,7.19,97.08,44.39,22.35,57.46,87.38,31.89,56.79,extreme heat stress,Extreme
2024-05-27 08:00:00+00:00,2024-05-27 13:30:00+05:30,47.76,8.41,5.02,872.45,6.15,96.97,44.22,22.02,56.66,86.05,31.52,56.65,extreme heat stress,Extreme
2024-05-27 09:00:00+00:00,2024-05-27 14:30:00+05:30,47.64,7.91,5.56,734.53,5.21,96.89,43.82,21.64,54.95,81.34,30.9,55.44,extreme heat stress,Extreme
2024-05-27 10:00:00+00:00,2024-05-27 15:30:00+05:30,47.19,7.68,5.89,549.08,4.5,96.82,43.26,21.25,52.57,73.63,30.11,53.34,extreme heat stress,Extreme
2024-05-27 11:00:00+00:00,2024-05-27 16:30:00+05:30,46.28,7.77,5.82,338.45,4.0,96.79,42.44,20.81,49.61,63.34,29.11,50.26,extreme heat stress,Extreme
2024-05-27 12:00:00+00:00,2024-05-27 17:30:00+05:30,44.71,8.24,4.56,149.7,3.63,96.8,41.13,20.22,46.27,52.23,27.88,46.07,extreme heat stress,Extreme
2024-05-27 13:00:00+00:00,2024-05-27 18:30:00+05:30,40.29,10.33,2.83,13.3,3.43,96.85,37.34,18.84,40.44,40.92,25.3,39.42,very strong heat stress,High
2024-05-27 14:00:00+00:00,2024-05-27 19:30:00+05:30,38.57,11.13,2.72,0.0,3.15,96.91,35.75,18.21,38.57,38.57,24.32,37.25,strong heat stress,Moderate
2024-05-27 15:00:00+00:00,2024-05-27 20:30:00+05:30,37.87,11.28,2.58,0.0,2.8,96.97,35.08,17.86,37.87,37.87,23.86,36.42,strong heat stress,Moderate
2024-05-27 16:00:00+00:00,2024-05-27 21:30:00+05:30,36.87,11.57,2.61,0.0,2.38,97.0,34.14,17.39,36.87,36.87,23.24,35.21,strong heat stress,Moderate
2024-05-27 17:00:00+00:00,2024-05-27 22:30:00+05:30,35.76,11.98,2.65,0.0,2.01,97.0,33.11,16.9,35.76,35.76,22.56,33.86,strong heat stress,Moderate
2024-05-27 18:00:00+00:00,2024-05-27 23:30:00+05:30,34.81,12.37,2.61,0.0,1.72,96.97,32.24,16.49,34.81,34.81,21.98,32.74,strong heat stress,Moderate
2024-05-27 19:00:00+00:00,2024-05-28 00:30:00+05:30,34.08,12.7,2.46,0.0,1.53,96.91,31.59,16.17,34.08,34.08,21.54,31.94,moderate heat stress,Low
2024-05-27 20:00:00+00:00,2024-05-28 01:30:00+05:30,33.4,13.09,2.31,0.0,1.41,96.86,30.98,15.9,33.4,33.4,21.15,31.22,moderate heat stress,Low
2024-05-27 21:00:00+00:00,2024-05-28 02:30:00+05:30,32.81,13.53,2.12,0.0,1.39,96.83,30.47,15.7,32.81,32.81,20.83,30.65,moderate heat stress,Low
2024-05-27 22:00:00+00:00,2024-05-28 03:30:00+05:30,32.33,13.96,1.88,0.0,1.46,96.84,30.06,15.55,32.33,32.33,20.59,30.23,moderate heat stress,Low
2024-05-27 23:00:00+00:00,2024-05-28 04:30:00+05:30,31.94,14.38,1.62,0.0,1.57,96.88,29.73,15.45,31.94,31.94,20.4,29.92,moderate heat stress,Low
2024-05-28 00:00:00+00:00,2024-05-28 05:30:00+05:30,32.11,14.38,1.29,48.7,1.69,96.93,29.88,15.56,32.77,34.13,20.66,30.71,moderate heat stress,Low
2024-05-28 01:00:00+00:00,2024-05-28 06:30:00+05:30,34.27,12.86,1.12,213.55,1.83,97.0,31.77,16.35,37.21,42.48,22.31,34.51,strong heat stress,Moderate
2024-05-28 02:00:00+00:00,2024-05-28 07:30:00+05:30,37.28,11.0,0.89,427.17,1.99,97.06,34.48,17.39,43.36,52.18,24.57,39.17,very strong heat stress,High
2024-05-28 03:00:00+00:00,2024-05-28 08:30:00+05:30,42.84,8.47,1.03,637.05,2.63,97.09,39.41,19.32,51.72,64.49,28.15,46.83,extreme heat stress,Extreme
2024-05-28 04:00:00+00:00,2024-05-28 09:30:00+05:30,45.44,7.58,2.01,808.55,3.07,97.09,41.56,20.23,55.5,75.69,29.8,52.2,extreme heat stress,Extreme
2024-05-28 05:00:00+00:00,2024-05-28 10:30:00+05:30,46.72,7.26,2.45,925.8,3.43,97.05,42.61,20.73,57.8,81.92,30.74,54.99,extreme heat stress,Extreme
2024-05-28 06:00:00+00:00,2024-05-28 11:30:00+05:30,47.67,7.06,3.22,995.9,3.73,96.98,43.38,21.11,58.93,87.02,31.33,57.07,extreme heat stress,Extreme
2024-05-28 07:00:00+00:00,2024-05-28 12:30:00+05:30,48.27,6.85,4.21,985.88,3.78,96.88,43.81,21.29,58.76,89.23,31.48,57.98,extreme heat stress,Extreme
2024-05-28 08:00:00+00:00,2024-05-28 13:30:00+05:30,48.5,6.66,5.19,908.88,3.57,96.79,43.9,21.29,57.7,88.25,31.29,57.85,extreme heat stress,Extreme
2024-05-28 09:00:00+00:00,2024-05-28 14:30:00+05:30,48.3,6.48,5.97,771.33,3.08,96.71,43.62,21.06,55.84,83.82,30.74,56.67,extreme heat stress,Extreme
2024-05-28 10:00:00+00:00,2024-05-28 15:30:00+05:30,47.64,6.38,6.41,585.53,2.42,96.67,42.99,20.64,53.26,76.05,29.87,54.41,extreme heat stress,Extreme
2024-05-28 11:00:00+00:00,2024-05-28 16:30:00+05:30,46.55,6.46,6.22,369.6,1.8,96.67,42.08,20.12,50.12,65.29,28.76,50.98,extreme heat stress,Extreme
2024-05-28 12:00:00+00:00,2024-05-28 17:30:00+05:30,44.85,6.86,4.76,159.02,1.33,96.69,40.75,19.47,46.49,52.89,27.41,46.25,extreme heat stress,Extreme
2024-05-28 13:00:00+00:00,2024-05-28 18:30:00+05:30,40.25,8.79,2.62,14.85,1.21,96.75,37.03,18.04,40.43,40.94,24.74,39.21,very strong heat stress,High
2024-05-28 14:00:00+00:00,2024-05-28 19:30:00+05:30,39.72,8.98,1.9,0.0,1.11,96.81,36.56,17.84,39.72,39.72,24.4,38.45,very strong heat stress,High
2024-05-28 15:00:00+00:00,2024-05-28 20:30:00+05:30,40.07,8.78,1.01,0.0,1.08,96.87,36.86,17.93,40.07,40.07,24.57,38.55,very strong heat stress,High
2024-05-28 16:00:00+00:00,2024-05-28 21:30:00+05:30,39.39,9.11,0.8,0.0,1.04,96.91,36.27,17.72,39.39,39.39,24.22,37.67,strong heat stress,Moderate
2024-05-28 17:00:00+00:00,2024-05-28 22:30:00+05:30,37.71,9.88,1.62,0.0,0.88,96.93,34.79,17.13,37.71,37.71,23.3,36.17,strong heat stress,Moderate
2024-05-28 18:00:00+00:00,2024-05-28 23:30:00+05:30,35.6,11.09,2.32,0.0,0.84,96.91,32.91,16.44,35.6,35.6,22.19,33.7,strong heat stress,Moderate
2024-05-28 19:00:00+00:00,2024-05-29 00:30:00+05:30,33.76,12.33,2.83,0.0,0.88,96.89,31.29,15.84,33.76,33.76,21.21,31.35,moderate heat stress,Low
2024-05-28 20:00:00+00:00,2024-05-29 01:30:00+05:30,32.53,13.31,3.2,0.0,0.95,96.88,30.22,15.45,32.53,32.53,20.57,29.67,moderate heat stress,Low
2024-05-28 21:00:00+00:00,2024-05-29 02:30:00+05:30,31.62,14.14,3.29,0.0,1.09,96.89,29.45,15.17,31.62,31.62,20.11,28.52,moderate heat stress,Low
2024-05-28 22:00:00+00:00,2024-05-29 03:30:00+05:30,30.74,15.15,3.12,0.0,1.34,96.9,28.74,14.95,30.74,30.74,19.69,27.6,moderate heat stress,Low
2024-05-28 23:00:00+00:00,2024-05-29 04:30:00+05:30,30.23,15.97,2.65,0.0,1.65,96.94,28.33,14.88,30.23,30.23,19.49,27.39,moderate heat stress,Low
2024-05-29 00:00:00+00:00,2024-05-29 05:30:00+05:30,30.78,15.76,2.07,46.33,1.91,97.01,28.78,15.17,31.35,32.95,19.97,29.01,moderate heat stress,Low
2024-05-29 01:00:00+00:00,2024-05-29 06:30:00+05:30,33.75,13.43,3.14,193.5,2.05,97.1,31.31,16.24,35.95,43.29,21.94,33.5,strong heat stress,Moderate
2024-05-29 02:00:00+00:00,2024-05-29 07:30:00+05:30,37.26,10.93,3.99,376.48,1.91,97.18,34.46,17.35,41.32,55.68,24.13,39.33,very strong heat stress,High
2024-05-29 03:00:00+00:00,2024-05-29 08:30:00+05:30,41.19,8.88,4.53,564.53,2.05,97.24,37.93,18.61,47.1,67.85,26.57,45.83,very strong heat stress,High
2024-05-29 04:00:00+00:00,2024-05-29 09:30:00+05:30,43.86,8.06,4.28,775.38,2.73,97.24,40.25,19.65,52.08,78.14,28.56,50.91,extreme heat stress,Extreme
2024-05-29 05:00:00+00:00,2024-05-29 10:30:00+05:30,45.63,7.69,4.18,889.67,3.37,97.2,41.79,20.4,55.12,83.66,29.87,54.03,extreme heat stress,Extreme
2024-05-29 06:00:00+00:00,2024-05-29 11:30:00+05:30,46.92,7.46,4.36,966.55,3.9,97.15,42.89,20.96,57.12,87.78,30.79,56.31,extreme heat stress,Extreme
2024-05-29 07:00:00+00:00,2024-05-29 12:30:00+05:30,47.75,7.5,4.72,955.08,4.58,97.07,43.69,21.44,57.64,88.63,31.31,57.26,extreme heat stress,Extreme
2024-05-29 08:00:00+00:00,2024-05-29 13:30:00+05:30,48.07,7.87,5.09,865.58,5.45,96.98,44.21,21.85,56.87,86.14,31.48,56.92,extreme heat stress,Extreme
2024-05-29 09:00:00+00:00,2024-05-29 14:30:00+05:30,47.97,8.1,5.05,679.92,5.76,96.92,44.25,21.94,54.9,78.79,31.14,55.02,extreme heat stress,Extreme
2024-05-29 10:00:00+00:00,2024-05-29 15:30:00+05:30,47.6,8.16,4.7,444.02,5.6,96.88,43.92,21.78,52.2,68.34,30.44,52.2,extreme heat stress,Extreme
2024-05-29 11:00:00+00:00,2024-05-29 16:30:00+05:30,46.76,8.34,4.11,269.02,5.3,96.87,43.18,21.42,49.64,59.45,29.6,49.41,extreme heat stress,Extreme
2024-05-29 12:00:00+00:00,2024-05-29 17:30:00+05:30,45.19,8.99,2.67,117.28,5.18,96.87,41.9,20.93,46.57,50.41,28.48,46.01,extreme heat stress,Extreme
2024-05-29 13:00:00+00:00,2024-05-29 18:30:00+05:30,42.18,10.66,1.51,11.12,5.3,96.91,39.35,20.1,42.33,42.63,26.76,41.58,very strong heat stress,High
2024-05-29 14:00:00+00:00,2024-05-29 19:30:00+05:30,41.52,10.93,0.98,0.0,5.14,96.98,38.73,19.85,41.52,41.52,26.35,40.5,very strong heat stress,High
2024-05-29 15:00:00+00:00,2024-05-29 20:30:00+05:30,40.18,11.68,1.38,0.0,5.04,97.06,37.48,19.42,40.18,40.18,25.65,39.25,very strong heat stress,High
2024-05-29 16:00:00+00:00,2024-05-29 21:30:00+05:30,38.08,13.04,2.19,0.0,4.98,97.12,35.51,18.75,38.08,38.08,24.55,36.93,strong heat stress,Moderate
2024-05-29 17:00:00+00:00,2024-05-29 22:30:00+05:30,36.53,14.24,2.66,0.0,5.03,97.14,34.05,18.28,36.53,36.53,23.75,34.99,strong heat stress,Moderate
2024-05-29 18:00:00+00:00,2024-05-29 23:30:00+05:30,35.51,15.3,2.72,0.0,5.26,97.15,33.11,18.04,35.51,35.51,23.28,33.77,strong heat stress,Moderate
2024-05-29 19:00:00+00:00,2024-05-30 00:30:00+05:30,34.95,16.19,2.27,0.0,5.62,97.14,32.62,18.0,34.95,34.95,23.08,33.32,strong heat stress,Moderate
2024-05-29 20:00:00+00:00,2024-05-30 01:30:00+05:30,34.14,17.4,1.94,0.0,6.0,97.14,31.89,17.88,34.14,34.14,22.76,32.55,strong heat stress,Moderate
2024-05-29 21:00:00+00:00,2024-05-30 02:30:00+05:30,33.16,19.11,2.36,0.0,6.56,97.14,31.04,17.78,33.16,33.16,22.39,31.26,moderate heat stress,Low
2024-05-29 22:00:00+00:00,2024-05-30 03:30:00+05:30,32.98,20.54,3.01,0.0,7.44,97.18,30.96,18.09,32.98,32.98,22.56,30.71,moderate heat stress,Low
2024-05-29 23:00:00+00:00,2024-05-30 04:30:00+05:30,32.77,23.11,4.01,0.0,8.96,97.26,30.95,18.68,32.77,32.77,22.91,29.93,moderate heat stress,Low
2024-05-30 00:00:00+00:00,2024-05-30 05:30:00+05:30,33.31,25.47,5.21,44.2,10.84,97.36,31.78,19.71,33.76,35.87,23.88,30.83,moderate heat stress,Low
2024-05-30 01:00:00+00:00,2024-05-30 06:30:00+05:30,35.32,25.4,5.93,183.77,12.5,97.46,34.22,21.14,37.12,45.75,25.76,35.25,strong heat stress,Moderate
2024-05-30 02:00:00+00:00,2024-05-30 07:30:00+05:30,39.19,23.21,6.45,390.77,14.38,97.56,39.18,23.24,42.93,60.11,28.78,42.94,very strong heat stress,High
2024-05-30 03:00:00+00:00,2024-05-30 08:30:00+05:30,42.47,20.01,7.35,579.55,14.81,97.6,43.07,24.39,47.83,72.42,30.89,49.78,extreme heat stress,Extreme
2024-05-30 04:00:00+00:00,2024-05-30 09:30:00+05:30,44.52,16.4,7.02,793.38,13.34,97.61,44.48,24.27,51.95,82.99,31.83,54.21,extreme heat stress,Extreme
2024-05-30 05:00:00+00:00,2024-05-30 10:30:00+05:30,45.97,13.03,6.28,907.47,10.98,97.56,44.72,23.58,54.72,87.79,32.05,56.25,extreme heat stress,Extreme
2024-05-30 06:00:00+00:00,2024-05-30 11:30:00+05:30,47.05,10.09,5.52,950.55,8.05,97.49,44.41,22.63,56.52,89.19,31.85,57.04,extreme heat stress,Extreme
2024-05-30 07:00:00+00:00,2024-05-30 12:30:00+05:30,47.65,7.8,5.09,937.88,4.95,97.39,43.77,21.58,57.19,88.52,31.31,57.15,extreme heat stress,Extreme
2024-05-30 08:00:00+00:00,2024-05-30 13:30:00+05:30,47.77,6.41,5.06,872.85,2.54,97.31,43.12,20.73,56.66,86.14,30.62,56.62,extreme heat stress,Extreme
2024-05-30 09:00:00+00:00,2024-05-30 14:30:00+05:30,47.49,5.74,5.46,743.75,0.99,97.25,42.53,20.14,54.92,81.47,29.83,55.21,extreme heat stress,Extreme
2024-05-30 10:00:00+00:00,2024-05-30 15:30:00+05:30,46.89,5.28,5.86,561.8,-0.41,97.21,41.83,19.52,52.41,73.9,28.83,52.92,extreme heat stress,Extreme
2024-05-30 11:00:00+00:00,2024-05-30 16:30:00+05:30,45.9,5.06,5.91,352.48,-1.6,97.19,40.96,18.87,49.35,63.72,27.67,49.75,extreme heat stress,Extreme
2024-05-30 12:00:00+00:00,2024-05-30 17:30:00+05:30,44.25,5.15,4.78,159.73,-2.51,97.21,39.7,18.09,45.9,52.37,26.27,45.38,very strong heat stress,High
2024-05-30 13:00:00+00:00,2024-05-30 18:30:00+05:30,39.23,6.72,3.16,15.5,-2.87,97.26,35.85,16.39,39.41,39.99,23.28,37.65,strong heat stress,Moderate
2024-05-30 14:00:00+00:00,2024-05-30 19:30:00+05:30,36.85,7.55,3.49,0.0,-3.25,97.32,33.87,15.53,36.85,36.85,21.93,34.55,strong heat stress,Moderate
2024-05-30 15:00:00+00:00,2024-05-30 20:30:00+05:30,35.66,7.98,3.6,0.0,-3.39,97.39,32.86,15.09,35.66,35.66,21.26,33.06,strong heat stress,Moderate
2024-05-30 16:00:00+00:00,2024-05-30 21:30:00+05:30,34.53,8.53,3.61,0.0,-3.37,97.45,31.9,14.71,34.53,34.53,20.66,31.68,moderate heat stress,Low
2024-05-30 17:00:00+00:00,2024-05-30 22:30:00+05:30,33.43,9.25,3.51,0.0,-3.18,97.47,30.97,14.4,33.43,33.43,20.11,30.4,moderate heat stress,Low
2024-05-30 18:00:00+00:00,2024-05-30 23:30:00+05:30,32.37,10.07,3.26,0.0,-2.88,97.46,30.07,14.13,32.37,32.37,19.6,29.28,moderate heat stress,Low
2024-05-30 19:00:00+00:00,2024-05-31 00:30:00+05:30,31.68,10.7,2.77,0.0,-2.61,97.43,29.49,13.97,31.68,31.68,19.29,28.8,moderate heat stress,Low
2024-05-30 20:00:00+00:00,2024-05-31 01:30:00+05:30,32.02,10.56,1.97,0.0,-2.51,97.41,29.78,14.12,32.02,32.02,19.49,29.64,moderate heat stress,Low
2024-05-30 21:00:00+00:00,2024-05-31 02:30:00+05:30,32.31,10.39,1.3,0.0,-2.51,97.41,30.02,14.22,32.31,32.31,19.65,30.14,moderate heat stress,Low
2024-05-30 22:00:00+00:00,2024-05-31 03:30:00+05:30,32.06,10.54,0.96,0.0,-2.51,97.43,29.81,14.14,32.06,32.06,19.51,29.88,moderate heat stress,Low
2024-05-30 23:00:00+00:00,2024-05-31 04:30:00+05:30,31.31,11.11,1.14,0.0,-2.42,97.47,29.19,13.91,31.31,31.31,19.13,29.15,moderate heat stress,Low
2024-05-31 00:00:00+00:00,2024-05-31 05:30:00+05:30,30.67,11.74,1.65,51.95,-2.16,97.53,28.67,13.76,31.34,32.97,18.97,28.97,moderate heat stress,Low
2024-05-31 01:00:00+00:00,2024-05-31 06:30:00+05:30,33.68,10.27,2.48,211.15,-1.65,97.61,31.18,14.97,36.2,43.49,21.09,33.67,strong heat stress,Moderate
2024-05-31 02:00:00+00:00,2024-05-31 07:30:00+05:30,37.12,8.9,2.74,412.95,-1.0,97.67,34.18,16.33,41.95,55.57,23.54,39.44,very strong heat stress,High
2024-05-31 03:00:00+00:00,2024-05-31 08:30:00+05:30,42.43,6.7,3.01,586.7,-0.7,97.7,38.59,18.08,49.16,67.53,26.73,47.01,extreme heat stress,Extreme
2024-05-31 04:00:00+00:00,2024-05-31 09:30:00+05:30,45.7,6.07,3.49,689.85,0.4,97.69,41.19,19.42,53.36,75.04,28.84,51.96,extreme heat stress,Extreme
2024-05-31 05:00:00+00:00,2024-05-31 10:30:00+05:30,46.9,6.29,3.98,833.6,1.68,97.64,42.31,20.19,55.89,82.24,30.0,54.88,extreme heat stress,Extreme
2024-05-31 06:00:00+00:00,2024-05-31 11:30:00+05:30,47.72,6.51,4.63,952.65,2.7,97.56,43.13,20.77,57.63,88.37,30.84,57.19,extreme heat stress,Extreme
2024-05-31 07:00:00+00:00,2024-05-31 12:30:00+05:30,48.18,6.69,5.45,967.08,3.36,97.47,43.63,21.14,57.85,90.56,31.18,58.17,extreme heat stress,Extreme
2024-05-31 08:00:00+00:00,2024-05-31 13:30:00+05:30,48.21,6.77,6.31,863.58,3.55,97.38,43.71,21.21,56.53,87.8,30.97,57.66,extreme heat stress,Extreme
2024-05-31 09:00:00+00:00,2024-05-31 14:30:00+05:30,47.86,6.8,6.62,735.65,3.37,97.32,43.41,21.04,54.86,82.75,30.49,56.25,extreme heat stress,Extreme
2024-05-31 10:00:00+00:00,2024-05-31 15:30:00+05:30,47.26,6.94,6.63,546.72,3.19,97.28,42.94,20.81,52.46,74.24,29.79,53.8,extreme heat stress,Extreme
2024-05-31 11:00:00+00:00,2024-05-31 16:30:00+05:30,46.25,7.27,6.56,330.83,3.08,97.26,42.18,20.48,49.4,63.39,28.84,50.57,extreme heat stress,Extreme
2024-05-31 12:00:00+00:00,2024-05-31 17:30:00+05:30,44.72,7.87,5.67,135.9,3.0,97.28,41.0,20.01,46.07,51.92,27.69,46.36,extreme heat stress,Extreme
2024-05-31 13:00:00+00:00,2024-05-31 18:30:00+05:30,40.47,10.04,3.43,14.1,3.12,97.34,37.46,18.8,40.63,41.17,25.33,39.56,very strong heat stress,High
2024-05-31 14:00:00+00:00,2024-05-31 19:30:00+05:30,38.1,11.71,3.49,0.0,3.47,97.41,35.36,18.19,38.1,38.1,24.16,36.54,strong heat stress,Moderate
2024-05-31 15:00:00+00:00,2024-05-31 20:30:00+05:30,36.96,13.01,3.49,0.0,4.07,97.48,34.36,18.05,36.96,36.96,23.72,35.17,strong heat stress,Moderate
2024-05-31 16:00:00+00:00,2024-05-31 21:30:00+05:30,35.95,14.6,3.45,0.0,4.91,97.52,33.49,18.05,35.95,35.95,23.42,33.98,strong heat stress,Moderate
2024-05-31 17:00:00+00:00,2024-05-31 22:30:00+05:30,35.05,16.41,3.38,0.0,5.89,97.52,32.74,18.14,35.05,35.05,23.21,32.95,strong heat stress,Moderate
2024-05-31 18:00:00+00:00,2024-05-31 23:30:00+05:30,34.23,18.35,3.29,0.0,6.85,97.49,32.06,18.25,34.23,34.23,23.05,32.04,strong heat stress,Moderate
2024-05-31 19:00:00+00:00,2024-06-01 00:30:00+05:30,33.48,20.27,3.18,0.0,7.68,97.45,31.44,18.35,33.48,33.48,22.89,31.23,moderate heat stress,Low
2024-05-31 20:00:00+00:00,2024-06-01 01:30:00+05:30,32.7,22.15,3.07,0.0,8.31,97.43,30.8,18.36,32.7,32.7,22.66,30.39,moderate heat stress,Low
2024-05-31 21:00:00+00:00,2024-06-01 02:30:00+05:30,31.97,23.67,3.03,0.0,8.68,97.43,30.18,18.27,31.97,31.97,22.38,29.57,moderate heat stress,Low
2024-05-31 22:00:00+00:00,2024-06-01 03:30:00+05:30,31.34,24.91,3.1,0.0,8.91,97.49,29.66,18.14,31.34,31.34,22.1,28.77,moderate heat stress,Low
2024-05-31 23:00:00+00:00,2024-06-01 04:30:00+05:30,30.83,25.63,3.26,0.05,8.9,97.56,29.22,17.95,30.83,30.83,21.82,28.03,moderate heat stress,Low
