ward_id,ward_name,forecast_date,temperature_max_c,temperature_min_c,temperature_mean_c,humidity_mean_pct,humidity_max_pct,wind_mean_mps,solar_max_wm2,heat_index_max_c,wbgt_max_c,wbgt_mean_c,utci_max_c,thermal_hazard_score,danger_hours,extreme_hours,night_temperature_min_c,peak_risk_time_ist,population_estimate_2020,population_density_per_sq_km,exposure_score,danger_day,consecutive_danger_days,heat_duration_score,mortality_risk_index,risk_level,alert_code,map_color,recommended_action,sms_alert_required,open_cooling_centres,shift_outdoor_work_hours,hospital_surge_alert,model_version,risk_interpretation,vulnerability_data_status
1,NARELA,2026-08-28,33.7,27.3,30.3,76.0,92,2.12,764.0,40.03,30.3,28.31,40.84,67.62,11,0,27.3,2026-08-28T11:00,107464,5301.18,25.21,True,1,33.33,53.0,High,ORANGE,#E67E22,Activate the local heat action plan; open cooling centres; shift strenuous outdoor work away from afternoon hours; alert hospitals for a possible heat-illness surge.,True,True,True,True,provisional-impact-risk-v2,Relative heat-health impact ranking; not a predicted death count,WorldPop exposure included; demographic and health-outcome calibration pending
1,NARELA,2026-08-29,33.7,26.7,30.08,74.42,84,2.29,848.0,41.81,31.32,28.04,43.02,75.5,12,2,26.7,2026-08-29T13:00,107464,5301.18,25.21,True,2,66.67,61.69,High,ORANGE,#E67E22,Activate the local heat action plan; open cooling centres; shift strenuous outdoor work away from afternoon hours; alert hospitals for a possible heat-illness surge.,True,True,True,True,provisional-impact-risk-v2,Relative heat-health impact ranking; not a predicted death count,WorldPop exposure included; demographic and health-outcome calibration pending
1,NARELA,2026-08-30,33.8,26.8,30.28,73.67,85,1.88,825.0,42.04,31.43,28.18,42.81,75.68,13,3,26.8,2026-08-30T13:00,107464,5301.18,25.21,True,3,100.0,64.36,High,ORANGE,#E67E22,Activate the local heat action plan; open cooling centres; shift strenuous outdoor work away from afternoon hours; alert hospitals for a possible heat-illness surge.,True,True,True,True,provisional-impact-risk-v2,Relative heat-health impact ranking; not a predicted death count,WorldPop exposure included; demographic and health-outcome calibration pending
1,NARELA,2026-08-31,33.1,26.9,29.78,76.88,95,1.35,778.0,40.66,30.91,28.0,41.76,71.65,11,0,26.9,2026-08-31T13:00,107464,5301.18,25.21,True,4,100.0,60.93,High,ORANGE,#E67E22,Activate the local heat action plan; open cooling centres; shift strenuous outdoor work away from afternoon hours; alert hospitals for a possible heat-illness surge.,True,True,True,True,provisional-impact-risk-v2,Relative heat-health impact ranking; not a predicted death count,WorldPop exposure included; demographic and health-outcome calibration pending
1,NARELA,2026-09-01,32.2,26.5,28.49,84.33,96,1.36,783.0,40.63,30.89,27.55,41.51,71.46,7,0,26.5,2026-09-01T13:00,107464,5301.18,25.21,True,5,100.0,60.77,High,ORANGE,#E67E22,Activate the local heat action plan; open cooling centres; shift strenuous outdoor work away from afternoon hours; alert hospitals for a possible heat-illness surge.,True,True,True,True,provisional-impact-risk-v2,Relative heat-health impact ranking; not a predicted death count,WorldPop exposure included; demographic and health-outcome calibration pending
10,TIMAR PUR,2026-08-28,34.2,26.5,30.52,74.67,93,2.07,763.0,40.06,30.4,28.36,41.15,68.66,13,0,26.5,2026-08-28T13:00,107771,22550.01,45.11,True,1,33.33,56.55,High,ORANGE,#E67E22,Activate the local heat action plan; open cooling centres; shift strenuous outdoor work away from afternoon hours; alert hospitals for a possible heat-illness surge.,True,True,True,True,provisional-impact-risk-v2,Relative heat-health impact ranking; not a predicted death count,WorldPop exposure included; demographic and health-outcome calibration pending
10,TIMAR PUR,2026-08-29,34.6,26.9,30.92,68.46,80,2.16,843.0,40.89,30.97,28.15,43.13,73.81,14,0,26.9,2026-08-29T13:00,107771,22550.01,45.11,True,2,66.67,63.25,High,ORANGE,#E67E22,Activate the local heat action plan; open cooling centres; shift strenuous outdoor work away from afternoon hours; alert hospitals for a possible heat-illness surge.,True,True,True,True,provisional-impact-risk-v2,Relative heat-health impact ranking; not a predicted death count,WorldPop exposure included; demographic and health-outcome calibration pending
10,TIMAR PUR,2026-08-30,35.0,27.5,31.32,66.12,83,1.89,786.0,41.48,31.13,28.26,42.68,74.3,15,1,27.5,2026-08-30T14:00,107771,22550.01,45.11,True,3,100.0,66.14,High,ORANGE,#E67E22,Activate the local heat action plan; open cooling centres; shift strenuous outdoor work away from afternoon hours; alert hospitals for a possible heat-illness surge.,True,True,True,True,provisional-impact-risk-v2,Relative heat-health impact ranking; not a predicted death count,WorldPop exposure included; demographic and health-outcome calibration pending
10,TIMAR PUR,2026-08-31,35.2,27.9,31.19,66.04,89,1.64,817.0,41.15,31.03,28.09,43.17,73.97,9,1,27.9,2026-08-31T14:00,107771,22550.01,45.11,True,4,100.0,65.85,High,ORANGE,#E67E22,Activate the local heat action plan; open cooling centres; shift strenuous outdoor work away from afternoon hours; alert hospitals for a possible heat-illness surge.,True,True,True,True,provisional-impact-risk-v2,Relative heat-health impact ranking; not a predicted death count,WorldPop exposure included; demographic and health-outcome calibration pending
10,TIMAR PUR,2026-09-01,33.7,27.3,29.78,77.71,94,1.3,771.0,40.19,30.74,28.06,42.07,71.35,9,0,27.3,2026-09-01T13:00,107771,22550.01,45.11,True,5,100.0,63.52,High,ORANGE,#E67E22,Activate the local heat action plan; open cooling centres; shift strenuous outdoor work away from afternoon hours; alert hospitals for a possible heat-illness surge.,True,True,True,True,provisional-impact-risk-v2,Relative heat-health impact ranking; not a predicted death count,WorldPop exposure included; demographic and health-outcome calibration pending
100,KARAM PURA,2026-08-28,34.5,26.5,30.69,72.71,93,1.93,770.0,39.97,30.55,28.32,42.09,70.45,12,0,26.5,2026-08-28T13:00,85704,38197.62,57.18,True,1,33.33,59.72,High,ORANGE,#E67E22,Activate the local heat action plan; open cooling centres; shift strenuous outdoor work away from afternoon hours; alert hospitals for a possible heat-illness surge.,True,True,True,True,provisional-impact-risk-v2,Relative heat-health impact ranking; not a predicted death count,WorldPop exposure included; demographic and health-outcome calibration pending
100,KARAM PURA,2026-08-29,34.8,26.7,30.81,68.58,80,1.94,844.0,40.98,31.08,28.04,43.46,74.76,13,1,26.7,2026-08-29T13:00,85704,38197.62,57.18,True,2,66.67,65.87,High,ORANGE,#E67E22,Activate the local heat action plan; open cooling centres; shift strenuous outdoor work away from afternoon hours; alert hospitals for a possible heat-illness surge.,True,True,True,True,provisional-impact-risk-v2,Relative heat-health impact ranking; not a predicted death count,WorldPop exposure included; demographic and health-outcome calibration pending
100,KARAM PURA,2026-08-30,35.3,27.4,31.39,64.71,76,1.74,788.0,41.81,31.17,28.15,43.02,74.86,14,1,27.4,2026-08-30T14:00,85704,38197.62,57.18,True,3,100.0,68.45,High,ORANGE,#E67E22,Activate the local heat action plan; open cooling centres; shift strenuous outdoor work away from afternoon hours; alert hospitals for a possible heat-illness surge.,True,True,True,True,provisional-impact-risk-v2,Relative heat-health impact ranking; not a predicted death count,WorldPop exposure included; demographic and health-outcome calibration pending
100,KARAM PURA,2026-08-31,35.8,27.4,31.62,61.42,78,1.55,819.0,41.36,31.24,27.98,43.79,75.8,11,2,27.4,2026-08-31T13:00,85704,38197.62,57.18,True,4,100.0,69.31,High,ORANGE,#E67E22,Activate the local heat action plan; open cooling centres; shift strenuous outdoor work away from afternoon hours; alert hospitals for a possible heat-illness surge.,True,True,True,True,provisional-impact-risk-v2,Relative heat-health impact ranking; not a predicted death count,WorldPop exposure included; demographic and health-outcome calibration pending
100,KARAM PURA,2026-09-01,34.5,28.1,30.6,68.92,87,1.14,789.0,40.54,30.89,27.9,42.76,72.92,8,0,28.1,2026-09-01T13:00,85704,38197.62,57.18,True,5,100.0,66.67,High,ORANGE,#E67E22,Activate the local heat action plan; open cooling centres; shift strenuous outdoor work away from afternoon hours; alert hospitals for a possible heat-illness surge.,True,True,True,True,provisional-impact-risk-v2,Relative heat-health impact ranking; not a predicted death count,WorldPop exposure included; demographic and health-outcome calibration pending
101,RAJA GARDEN,2026-08-28,34.5,26.5,30.69,72.71,93,1.93,770.0,39.97,30.55,28.32,42.09,70.45,12,0,26.5,2026-08-28T13:00,72850,32859.72,47.61,True,1,33.33,58.37,High,ORANGE,#E67E22,Activate the local heat action plan; open cooling centres; shift strenuous outdoor work away from afternoon hours; alert hospitals for a possible heat-illness surge.,True,True,True,True,provisional-impact-risk-v2,Relative heat-health impact ranking; not a predicted death count,WorldPop exposure included; demographic and health-outcome calibration pending
101,RAJA GARDEN,2026-08-29,34.8,26.7,30.81,68.58,80,1.94,844.0,40.98,31.08,28.04,43.46,74.76,13,1,26.7,2026-08-29T13:00,72850,32859.72,47.61,True,2,66.67,64.44,High,ORANGE,#E67E22,Activate the local heat action plan; open cooling centres; shift strenuous outdoor work away from afternoon hours; alert hospitals for a possible heat-illness surge.,True,True,True,True,provisional-impact-risk-v2,Relative heat-health impact ranking; not a predicted death count,WorldPop exposure included; demographic and health-outcome calibration pending
101,RAJA GARDEN,2026-08-30,35.3,27.4,31.39,64.71,76,1.74,788.0,41.81,31.17,28.15,43.02,74.86,14,1,27.4,2026-08-30T14:00,72850,32859.72,47.61,True,3,100.0,67.02,High,ORANGE,#E67E22,Activate the local heat action plan; open cooling centres; shift strenuous outdoor work away from afternoon hours; alert hospitals for a possible heat-illness surge.,True,True,True,True,provisional-impact-risk-v2,Relative heat-health impact ranking; not a predicted death count,WorldPop exposure included; demographic and health-outcome calibration pending
101,RAJA GARDEN,2026-08-31,35.8,27.4,31.62,61.42,78,1.55,819.0,41.36,31.24,27.98,43.79,75.8,11,2,27.4,2026-08-31T13:00,72850,32859.72,47.61,True,4,100.0,67.86,High,ORANGE,#E67E22,Activate the local heat action plan; open cooling centres; shift strenuous outdoor work away from afternoon hours; alert hospitals for a possible heat-illness surge.,True,True,True,True,provisional-impact-risk-v2,Relative heat-health impact ranking; not a predicted death count,WorldPop exposure included; demographic and health-outcome calibration pending
101,RAJA GARDEN,2026-09-01,34.5,28.1,30.6,68.92,87,1.14,789.0,40.54,30.89,27.9,42.76,72.92,8,0,28.1,2026-09-01T13:00,72850,32859.72,47.61,True,5,100.0,65.28,High,ORANGE,#E67E22,Activate the local heat action plan; open cooling centres; shift strenuous outdoor work away from afternoon hours; alert hospitals for a possible heat-illness surge.,True,True,True,True,provisional-impact-risk-v2,Relative heat-health impact ranking; not a predicted death count,WorldPop exposure included; demographic and health-outcome calibration pending
102,RAGHUBIR NAGAR,2026-08-28,34.6,27.0,30.94,70.71,95,2.25,789.0,40.55,30.53,28.35,42.43,70.68,12,0,27.0,2026-08-28T13:00,21070,33814.8,34.85,True,1,33.33,56.76,High,ORANGE,#E67E22,Activate the local heat action plan; open cooling centres; shift strenuous outdoor work away from afternoon hours; alert hospitals for a possible heat-illness surge.,True,True,True,True,provisional-impact-risk-v2,Relative heat-health impact ranking; not a predicted death count,WorldPop exposure included; demographic and health-outcome calibration pending
102,RAGHUBIR NAGAR,2026-08-29,34.9,26.7,30.94,67.21,79,2.22,848.0,40.83,31.18,28.01,43.64,75.49,13,2,26.7,2026-08-29T13:00,21070,33814.8,34.85,True,2,66.67,63.14,High,ORANGE,#E67E22,Activate the local heat action plan; open cooling centres; shift strenuous outdoor work away from afternoon hours; alert hospitals for a possible heat-illness surge.,True,True,True,True,provisional-impact-risk-v2,Relative heat-health impact ranking; not a predicted death count,WorldPop exposure included; demographic and health-outcome calibration pending
102,RAGHUBIR NAGAR,2026-08-30,35.5,27.4,31.5,63.46,76,2.09,803.0,41.64,31.28,28.12,43.48,75.76,14,2,27.4,2026-08-30T14:00,21070,33814.8,34.85,True,3,100.0,65.89,High,ORANGE,#E67E22,Activate the local heat action plan; open cooling centres; shift strenuous outdoor work away from afternoon hours; alert hospitals for a possible heat-illness surge.,True,True,True,True,provisional-impact-risk-v2,Relative heat-health impact ranking; not a predicted death count,WorldPop exposure included; demographic and health-outcome calibration pending
102,RAGHUBIR NAGAR,2026-08-31,35.3,27.5,31.49,60.79,74,1.85,824.0,40.6,31.11,27.8,43.59,74.89,11,1,27.5,2026-08-31T13:00,21070,33814.8,34.85,True,4,100.0,65.14,High,ORANGE,#E67E22,Activate the local heat action plan; open cooling centres; shift strenuous outdoor work away from afternoon hours; alert hospitals for a possible heat-illness surge.,True,True,True,True,provisional-impact-risk-v2,Relative heat-health impact ranking; not a predicted death count,WorldPop exposure included; demographic and health-outcome calibration pending
102,RAGHUBIR NAGAR,2026-09-01,34.7,27.7,30.73,66.17,84,1.51,798.0,39.6,30.58,27.72,42.75,71.1,8,0,27.7,2026-09-01T13:00,21070,33814.8,34.85,True,5,100.0,61.84,High,ORANGE,#E67E22,Activate the local heat action plan; open cooling centres; shift strenuous outdoor work away from afternoon hours; alert hospitals for a possible heat-illness surge.,True,True,True,True,provisional-impact-risk-v2,Relative heat-health impact ranking; not a predicted death count,WorldPop exposure included; demographic and health-outcome calibration pending
103,PUNJABI BAGH,2026-08-28,34.5,26.5,30.69,72.71,93,1.93,770.0,39.97,30.55,28.32,42.09,70.45,12,0,26.5,2026-08-28T13:00,85113,27173.55,44.36,True,1,33.33,57.92,High,ORANGE,#E67E22,Activate the local heat action plan; open cooling centres; shift strenuous outdoor work away from afternoon hours; alert hospitals for a possible heat-illness surge.,True,True,True,True,provisional-impact-risk-v2,Relative heat-health impact ranking; not a predicted death count,WorldPop exposure included; demographic and health-outcome calibration pending
103,PUNJABI BAGH,2026-08-29,34.8,26.7,30.81,68.58,80,1.94,844.0,40.98,31.08,28.04,43.46,74.76,13,1,26.7,2026-08-29T13:00,85113,27173.55,44.36,True,2,66.67,63.95,High,ORANGE,#E67E22,Activate the local heat action plan; open cooling centres; shift strenuous outdoor work away from afternoon hours; alert hospitals for a possible heat-illness surge.,True,True,True,True,provisional-impact-risk-v2,Relative heat-health impact ranking; not a predicted death count,WorldPop exposure included; demographic and health-outcome calibration pending
103,PUNJABI BAGH,2026-08-30,35.3,27.4,31.39,64.71,76,1.74,788.0,41.81,31.17,28.15,43.02,74.86,14,1,27.4,2026-08-30T14:00,85113,27173.55,44.36,True,3,100.0,66.53,High,ORANGE,#E67E22,Activate the local heat action plan; open cooling centres; shift strenuous outdoor work away from afternoon hours; alert hospitals for a possible heat-illness surge.,True,True,True,True,provisional-impact-risk-v2,Relative heat-health impact ranking; not a predicted death count,WorldPop exposure included; demographic and health-outcome calibration pending
103,PUNJABI BAGH,2026-08-31,35.8,27.4,31.62,61.42,78,1.55,819.0,41.36,31.24,27.98,43.79,75.8,11,2,27.4,2026-08-31T13:00,85113,27173.55,44.36,True,4,100.0,67.36,High,ORANGE,#E67E22,Activate the local heat action plan; open cooling centres; shift strenuous outdoor work away from afternoon hours; alert hospitals for a possible heat-illness surge.,True,True,True,True,provisional-impact-risk-v2,Relative heat-health impact ranking; not a predicted death count,WorldPop exposure included; demographic and health-outcome calibration pending
103,PUNJABI BAGH,2026-09-01,34.5,28.1,30.6,68.92,87,1.14,789.0,40.54,30.89,27.9,42.76,72.92,8,0,28.1,2026-09-01T13:00,85113,27173.55,44.36,True,5,100.0,64.8,High,ORANGE,#E67E22,Activate the local heat action plan; open cooling centres; shift strenuous outdoor work away from afternoon hours; alert hospitals for a possible heat-illness surge.,True,True,True,True,provisional-impact-risk-v2,Relative heat-health impact ranking; not a predicted death count,WorldPop exposure included; demographic and health-outcome calibration pending
104,MADIPUR,2026-08-28,34.6,27.0,30.94,70.71,95,2.25,789.0,40.55,30.53,28.35,42.43,70.68,12,0,27.0,2026-08-28T13:00,15583,26960.21,25.51,True,1,33.33,55.44,High,ORANGE,#E67E22,Activate the local heat action plan; open cooling centres; shift strenuous outdoor work away from afternoon hours; alert hospitals for a possible heat-illness surge.,True,True,True,True,provisional-impact-risk-v2,Relative heat-health impact ranking; not a predicted death count,WorldPop exposure included; demographic and health-outcome calibration pending
104,MADIPUR,2026-08-29,34.9,26.7,30.94,67.21,79,2.22,848.0,40.83,31.18,28.01,43.64,75.49,13,2,26.7,2026-08-29T13:00,15583,26960.21,25.51,True,2,66.67,61.73,High,ORANGE,#E67E22,Activate the local heat action plan; open cooling centres; shift strenuous outdoor work away from afternoon hours; alert hospitals for a possible heat-illness surge.,True,True,True,True,provisional-impact-risk-v2,Relative heat-health impact ranking; not a predicted death count,WorldPop exposure included; demographic and health-outcome calibration pending
104,MADIPUR,2026-08-30,35.5,27.4,31.5,63.46,76,2.09,803.0,41.64,31.28,28.12,43.48,75.76,14,2,27.4,2026-08-30T14:00,15583,26960.21,25.51,True,3,100.0,64.47,High,ORANGE,#E67E22,Activate the local heat action plan; open cooling centres; shift strenuous outdoor work away from afternoon hours; alert hospitals for a possible heat-illness surge.,True,True,True,True,provisional-impact-risk-v2,Relative heat-health impact ranking; not a predicted death count,WorldPop exposure included; demographic and health-outcome calibration pending
104,MADIPUR,2026-08-31,35.3,27.5,31.49,60.79,74,1.85,824.0,40.6,31.11,27.8,43.59,74.89,11,1,27.5,2026-08-31T13:00,15583,26960.21,25.51,True,4,100.0,63.74,High,ORANGE,#E67E22,Activate the local heat action plan; open cooling centres; shift strenuous outdoor work away from afternoon hours; alert hospitals for a possible heat-illness surge.,True,True,True,True,provisional-impact-risk-v2,Relative heat-health impact ranking; not a predicted death count,WorldPop exposure included; demographic and health-outcome calibration pending
104,MADIPUR,2026-09-01,34.7,27.7,30.73,66.17,84,1.51,798.0,39.6,30.58,27.72,42.75,71.1,8,0,27.7,2026-09-01T13:00,15583,26960.21,25.51,True,5,100.0,60.51,High,ORANGE,#E67E22,Activate the local heat action plan; open cooling centres; shift strenuous outdoor work away from afternoon hours; alert hospitals for a possible heat-illness surge.,True,True,True,True,provisional-impact-risk-v2,Relative heat-health impact ranking; not a predicted death count,WorldPop exposure included; demographic and health-outcome calibration pending
105,RAJOURI GARDEN,2026-08-28,34.6,27.0,30.94,70.71,95,2.25,789.0,40.55,30.53,28.35,42.43,70.68,12,0,27.0,2026-08-28T13:00,84991,37478.94,56.16,True,1,33.33,59.77,High,ORANGE,#E67E22,Activate the local heat action plan; open cooling centres; shift strenuous outdoor work away from afternoon hours; alert hospitals for a possible heat-illness surge.,True,True,True,True,provisional-impact-risk-v2,Relative heat-health impact ranking; not a predicted death count,WorldPop exposure included; demographic and health-outcome calibration pending
105,RAJOURI GARDEN,2026-08-29,34.9,26.7,30.94,67.21,79,2.22,848.0,40.83,31.18,28.01,43.64,75.49,13,2,26.7,2026-08-29T13:00,84991,37478.94,56.16,True,2,66.67,66.36,High,ORANGE,#E67E22,Activate the local heat action plan; open cooling centres; shift strenuous outdoor work away from afternoon hours; alert hospitals for a possible heat-illness surge.,True,True,True,True,provisional-impact-risk-v2,Relative heat-health impact ranking; not a predicted death count,WorldPop exposure included; demographic and health-outcome calibration pending
105,RAJOURI GARDEN,2026-08-30,35.5,27.4,31.5,63.46,76,2.09,803.0,41.64,31.28,28.12,43.48,75.76,14,2,27.4,2026-08-30T14:00,84991,37478.94,56.16,True,3,100.0,69.12,High,ORANGE,#E67E22,Activate the local heat action plan; open cooling centres; shift strenuous outdoor work away from afternoon hours; alert hospitals for a possible heat-illness surge.,True,True,True,True,provisional-impact-risk-v2,Relative heat-health impact ranking; not a predicted death count,WorldPop exposure included; demographic and health-outcome calibration pending
105,RAJOURI GARDEN,2026-08-31,35.3,27.5,31.49,60.79,74,1.85,824.0,40.6,31.11,27.8,43.59,74.89,11,1,27.5,2026-08-31T13:00,84991,37478.94,56.16,True,4,100.0,68.33,High,ORANGE,#E67E22,Activate the local heat action plan; open cooling centres; shift strenuous outdoor work away from afternoon hours; alert hospitals for a possible heat-illness surge.,True,True,True,True,provisional-impact-risk-v2,Relative heat-health impact ranking; not a predicted death count,WorldPop exposure included; demographic and health-outcome calibration pending
105,RAJOURI GARDEN,2026-09-01,34.7,27.7,30.73,66.17,84,1.51,798.0,39.6,30.58,27.72,42.75,71.1,8,0,27.7,2026-09-01T13:00,84991,37478.94,56.16,True,5,100.0,64.87,High,ORANGE,#E67E22,Activate the local heat action plan; open cooling centres; shift strenuous outdoor work away from afternoon hours; alert hospitals for a possible heat-illness surge.,True,True,True,True,provisional-impact-risk-v2,Relative heat-health impact ranking; not a predicted death count,WorldPop exposure included; demographic and health-outcome calibration pending
106,TAGORE GARDEN,2026-08-28,34.6,27.0,30.94,70.71,95,2.25,789.0,40.55,30.53,28.35,42.43,70.68,12,0,27.0,2026-08-28T13:00,34732,42124.92,48.05,True,1,33.33,58.63,High,ORANGE,#E67E22,Activate the local heat action plan; open cooling centres; shift strenuous outdoor work away from afternoon hours; alert hospitals for a possible heat-illness surge.,True,True,True,True,provisional-impact-risk-v2,Relative heat-health impact ranking; not a predicted death count,WorldPop exposure included; demographic and health-outcome calibration pending
106,TAGORE GARDEN,2026-08-29,34.9,26.7,30.94,67.21,79,2.22,848.0,40.83,31.18,28.01,43.64,75.49,13,2,26.7,2026-08-29T13:00,34732,42124.92,48.05,True,2,66.67,65.13,High,ORANGE,#E67E22,Activate the local heat action plan; open cooling centres; shift strenuous outdoor work away from afternoon hours; alert hospitals for a possible heat-illness surge.,True,True,True,True,provisional-impact-risk-v2,Relative heat-health impact ranking; not a predicted death count,WorldPop exposure included; demographic and health-outcome calibration pending
106,TAGORE GARDEN,2026-08-30,35.5,27.4,31.5,63.46,76,2.09,803.0,41.64,31.28,28.12,43.48,75.76,14,2,27.4,2026-08-30T14:00,34732,42124.92,48.05,True,3,100.0,67.89,High,ORANGE,#E67E22,Activate the local heat action plan; open cooling centres; shift strenuous outdoor work away from afternoon hours; alert hospitals for a possible heat-illness surge.,True,True,True,True,provisional-impact-risk-v2,Relative heat-health impact ranking; not a predicted death count,WorldPop exposure included; demographic and health-outcome calibration pending
106,TAGORE GARDEN,2026-08-31,35.3,27.5,31.49,60.79,74,1.85,824.0,40.6,31.11,27.8,43.59,74.89,11,1,27.5,2026-08-31T13:00,34732,42124.92,48.05,True,4,100.0,67.11,High,ORANGE,#E67E22,Activate the local heat action plan; open cooling centres; shift strenuous outdoor work away from afternoon hours; alert hospitals for a possible heat-illness surge.,True,True,True,True,provisional-impact-risk-v2,Relative heat-health impact ranking; not a predicted death count,WorldPop exposure included; demographic and health-outcome calibration pending
106,TAGORE GARDEN,2026-09-01,34.7,27.7,30.73,66.17,84,1.51,798.0,39.6,30.58,27.72,42.75,71.1,8,0,27.7,2026-09-01T13:00,34732,42124.92,48.05,True,5,100.0,63.72,High,ORANGE,#E67E22,Activate the local heat action plan; open cooling centres; shift strenuous outdoor work away from afternoon hours; alert hospitals for a possible heat-illness surge.,True,True,True,True,provisional-impact-risk-v2,Relative heat-health impact ranking; not a predicted death count,WorldPop exposure included; demographic and health-outcome calibration pending
107,VISHNU GARDEN,2026-08-28,34.6,27.0,30.94,70.71,95,2.25,789.0,40.55,30.53,28.35,42.43,70.68,12,0,27.0,2026-08-28T13:00,19980,41375.03,43.24,True,1,33.33,57.95,High,ORANGE,#E67E22,Activate the local heat action plan; open cooling centres; shift strenuous outdoor work away from afternoon hours; alert hospitals for a possible heat-illness surge.,True,True,True,True,provisional-impact-risk-v2,Relative heat-health impact ranking; not a predicted death count,WorldPop exposure included; demographic and health-outcome calibration pending
107,VISHNU GARDEN,2026-08-29,34.9,26.7,30.94,67.21,79,2.22,848.0,40.83,31.18,28.01,43.64,75.49,13,2,26.7,2026-08-29T13:00,19980,41375.03,43.24,True,2,66.67,64.41,High,ORANGE,#E67E22,Activate the local heat action plan; open cooling centres; shift strenuous outdoor work away from afternoon hours; alert hospitals for a possible heat-illness surge.,True,True,True,True,provisional-impact-risk-v2,Relative heat-health impact ranking; not a predicted death count,WorldPop exposure included; demographic and health-outcome calibration pending
107,VISHNU GARDEN,2026-08-30,35.5,27.4,31.5,63.46,76,2.09,803.0,41.64,31.28,28.12,43.48,75.76,14,2,27.4,2026-08-30T14:00,19980,41375.03,43.24,True,3,100.0,67.16,High,ORANGE,#E67E22,Activate the local heat action plan; open cooling centres; shift strenuous outdoor work away from afternoon hours; alert hospitals for a possible heat-illness surge.,True,True,True,True,provisional-impact-risk-v2,Relative heat-health impact ranking; not a predicted death count,WorldPop exposure included; demographic and health-outcome calibration pending
107,VISHNU GARDEN,2026-08-31,35.3,27.5,31.49,60.79,74,1.85,824.0,40.6,31.11,27.8,43.59,74.89,11,1,27.5,2026-08-31T13:00,19980,41375.03,43.24,True,4,100.0,66.39,High,ORANGE,#E67E22,Activate the local heat action plan; open cooling centres; shift strenuous outdoor work away from afternoon hours; alert hospitals for a possible heat-illness surge.,True,True,True,True,provisional-impact-risk-v2,Relative heat-health impact ranking; not a predicted death count,WorldPop exposure included; demographic and health-outcome calibration pending
107,VISHNU GARDEN,2026-09-01,34.7,27.7,30.73,66.17,84,1.51,798.0,39.6,30.58,27.72,42.75,71.1,8,0,27.7,2026-09-01T13:00,19980,41375.03,43.24,True,5,100.0,63.03,High,ORANGE,#E67E22,Activate the local heat action plan; open cooling centres; shift strenuous outdoor work away from afternoon hours; alert hospitals for a possible heat-illness surge.,True,True,True,True,provisional-impact-risk-v2,Relative heat-health impact ranking; not a predicted death count,WorldPop exposure included; demographic and health-outcome calibration pending
108,KHYALA,2026-08-28,34.6,27.0,30.94,70.71,95,2.25,789.0,40.55,30.53,28.35,42.43,70.68,12,0,27.0,2026-08-28T13:00,55523,39067.69,50.11,True,1,33.33,58.92,High,ORANGE,#E67E22,Activate the local heat action plan; open cooling centres; shift strenuous outdoor work away from afternoon hours; alert hospitals for a possible heat-illness surge.,True,True,True,True,provisional-impact-risk-v2,Relative heat-health impact ranking; not a predicted death count,WorldPop exposure included; demographic and health-outcome calibration pending
108,KHYALA,2026-08-29,34.9,26.7,30.94,67.21,79,2.22,848.0,40.83,31.18,28.01,43.64,75.49,13,2,26.7,2026-08-29T13:00,55523,39067.69,50.11,True,2,66.67,65.44,High,ORANGE,#E67E22,Activate the local heat action plan; open cooling centres; shift strenuous outdoor work away from afternoon hours; alert hospitals for a possible heat-illness surge.,True,True,True,True,provisional-impact-risk-v2,Relative heat-health impact ranking; not a predicted death count,WorldPop exposure included; demographic and health-outcome calibration pending
108,KHYALA,2026-08-30,35.5,27.4,31.5,63.46,76,2.09,803.0,41.64,31.28,28.12,43.48,75.76,14,2,27.4,2026-08-30T14:00,55523,39067.69,50.11,True,3,100.0,68.2,High,ORANGE,#E67E22,Activate the local heat action plan; open cooling centres; shift strenuous outdoor work away from afternoon hours; alert hospitals for a possible heat-illness surge.,True,True,True,True,provisional-impact-risk-v2,Relative heat-health impact ranking; not a predicted death count,WorldPop exposure included; demographic and health-outcome calibration pending
108,KHYALA,2026-08-31,35.3,27.5,31.49,60.79,74,1.85,824.0,40.6,31.11,27.8,43.59,74.89,11,1,27.5,2026-08-31T13:00,55523,39067.69,50.11,True,4,100.0,67.42,High,ORANGE,#E67E22,Activate the local heat action plan; open cooling centres; shift strenuous outdoor work away from afternoon hours; alert hospitals for a possible heat-illness surge.,True,True,True,True,provisional-impact-risk-v2,Relative heat-health impact ranking; not a predicted death count,WorldPop exposure included; demographic and health-outcome calibration pending
108,KHYALA,2026-09-01,34.7,27.7,30.73,66.17,84,1.51,798.0,39.6,30.58,27.72,42.75,71.1,8,0,27.7,2026-09-01T13:00,55523,39067.69,50.11,True,5,100.0,64.01,High,ORANGE,#E67E22,Activate the local heat action plan; open cooling centres; shift strenuous outdoor work away from afternoon hours; alert hospitals for a possible heat-illness surge.,True,True,True,True,provisional-impact-risk-v2,Relative heat-health impact ranking; not a predicted death count,WorldPop exposure included; demographic and health-outcome calibration pending
109,JANAK PURI NORTH,2026-08-28,34.6,27.0,30.94,70.71,95,2.25,789.0,40.55,30.53,28.35,42.43,70.68,12,0,27.0,2026-08-28T13:00,102812,35018.9,58.11,True,1,33.33,60.05,High,ORANGE,#E67E22,Activate the local heat action plan; open cooling centres; shift strenuous outdoor work away from afternoon hours; alert hospitals for a possible heat-illness surge.,True,True,True,True,provisional-impact-risk-v2,Relative heat-health impact ranking; not a predicted death count,WorldPop exposure included; demographic and health-outcome calibration pending
109,JANAK PURI NORTH,2026-08-29,34.9,26.7,30.94,67.21,79,2.22,848.0,40.83,31.18,28.01,43.64,75.49,13,2,26.7,2026-08-29T13:00,102812,35018.9,58.11,True,2,66.67,66.65,High,ORANGE,#E67E22,Activate the local heat action plan; open cooling centres; shift strenuous outdoor work away from afternoon hours; alert hospitals for a possible heat-illness surge.,True,True,True,True,provisional-impact-risk-v2,Relative heat-health impact ranking; not a predicted death count,WorldPop exposure included; demographic and health-outcome calibration pending
109,JANAK PURI NORTH,2026-08-30,35.5,27.4,31.5,63.46,76,2.09,803.0,41.64,31.28,28.12,43.48,75.76,14,2,27.4,2026-08-30T14:00,102812,35018.9,58.11,True,3,100.0,69.41,High,ORANGE,#E67E22,Activate the local heat action plan; open cooling centres; shift strenuous outdoor work away from afternoon hours; alert hospitals for a possible heat-illness surge.,True,True,True,True,provisional-impact-risk-v2,Relative heat-health impact ranking; not a predicted death count,WorldPop exposure included; demographic and health-outcome calibration pending
109,JANAK PURI NORTH,2026-08-31,35.3,27.5,31.49,60.79,74,1.85,824.0,40.6,31.11,27.8,43.59,74.89,11,1,27.5,2026-08-31T13:00,102812,35018.9,58.11,True,4,100.0,68.62,High,ORANGE,#E67E22,Activate the local heat action plan; open cooling centres; shift strenuous outdoor work away from afternoon hours; alert hospitals for a possible heat-illness surge.,True,True,True,True,provisional-impact-risk-v2,Relative heat-health impact ranking; not a predicted death count,WorldPop exposure included; demographic and health-outcome calibration pending
109,JANAK PURI NORTH,2026-09-01,34.7,27.7,30.73,66.17,84,1.51,798.0,39.6,30.58,27.72,42.75,71.1,8,0,27.7,2026-09-01T13:00,102812,35018.9,58.11,True,5,100.0,65.15,High,ORANGE,#E67E22,Activate the local heat action plan; open cooling centres; shift strenuous outdoor work away from afternoon hours; alert hospitals for a possible heat-illness surge.,True,True,True,True,provisional-impact-risk-v2,Relative heat-health impact ranking; not a predicted death count,WorldPop exposure included; demographic and health-outcome calibration pending
11,MUKHERJEE NAGAR,2026-08-28,34.2,26.5,30.52,74.67,93,2.07,763.0,40.06,30.4,28.36,41.15,68.66,13,0,26.5,2026-08-28T13:00,68958,26687.57,39.48,True,1,33.33,55.78,High,ORANGE,#E67E22,Activate the local heat action plan; open cooling centres; shift strenuous outdoor work away from afternoon hours; alert hospitals for a possible heat-illness surge.,True,True,True,True,provisional-impact-risk-v2,Relative heat-health impact ranking; not a predicted death count,WorldPop exposure included; demographic and health-outcome calibration pending
11,MUKHERJEE NAGAR,2026-08-29,34.6,26.9,30.92,68.46,80,2.16,843.0,40.89,30.97,28.15,43.13,73.81,14,0,26.9,2026-08-29T13:00,68958,26687.57,39.48,True,2,66.67,62.41,High,ORANGE,#E67E22,Activate the local heat action plan; open cooling centres; shift strenuous outdoor work away from afternoon hours; alert hospitals for a possible heat-illness surge.,True,True,True,True,provisional-impact-risk-v2,Relative heat-health impact ranking; not a predicted death count,WorldPop exposure included; demographic and health-outcome calibration pending
11,MUKHERJEE NAGAR,2026-08-30,35.0,27.5,31.32,66.12,83,1.89,786.0,41.48,31.13,28.26,42.68,74.3,15,1,27.5,2026-08-30T14:00,68958,26687.57,39.48,True,3,100.0,65.3,High,ORANGE,#E67E22,Activate the local heat action plan; open cooling centres; shift strenuous outdoor work away from afternoon hours; alert hospitals for a possible heat-illness surge.,True,True,True,True,provisional-impact-risk-v2,Relative heat-health impact ranking; not a predicted death count,WorldPop exposure included; demographic and health-outcome calibration pending
11,MUKHERJEE NAGAR,2026-08-31,35.2,27.9,31.19,66.04,89,1.64,817.0,41.15,31.03,28.09,43.17,73.97,9,1,27.9,2026-08-31T14:00,68958,26687.57,39.48,True,4,100.0,65.02,High,ORANGE,#E67E22,Activate the local heat action plan; open cooling centres; shift strenuous outdoor work away from afternoon hours; alert hospitals for a possible heat-illness surge.,True,True,True,True,provisional-impact-risk-v2,Relative heat-health impact ranking; not a predicted death count,WorldPop exposure included; demographic and health-outcome calibration pending
11,MUKHERJEE NAGAR,2026-09-01,33.7,27.3,29.78,77.71,94,1.3,771.0,40.19,30.74,28.06,42.07,71.35,9,0,27.3,2026-09-01T13:00,68958,26687.57,39.48,True,5,100.0,62.72,High,ORANGE,#E67E22,Activate the local heat action plan; open cooling centres; shift strenuous outdoor work away from afternoon hours; alert hospitals for a possible heat-illness surge.,True,True,True,True,provisional-impact-risk-v2,Relative heat-health impact ranking; not a predicted death count,WorldPop exposure included; demographic and health-outcome calibration pending
110,NANGAL RAYA,2026-08-28,34.2,26.0,30.49,72.0,96,2.22,791.0,39.81,30.56,28.08,42.18,70.56,10,0,26.0,2026-08-28T13:00,64207,26692.86,38.22,True,1,33.33,57.14,High,ORANGE,#E67E22,Activate the local heat action plan; open cooling centres; shift strenuous outdoor work away from afternoon hours; alert hospitals for a possible heat-illness surge.,True,True,True,True,provisional-impact-risk-v2,Relative heat-health impact ranking; not a predicted death count,WorldPop exposure included; demographic and health-outcome calibration pending
110,NANGAL RAYA,2026-08-29,34.2,26.5,30.29,71.12,81,1.98,846.0,41.07,31.11,27.86,43.11,74.53,11,1,26.5,2026-08-29T13:00,64207,26692.86,38.22,True,2,66.67,62.84,High,ORANGE,#E67E22,Activate the local heat action plan; open cooling centres; shift strenuous outdoor work away from afternoon hours; alert hospitals for a possible heat-illness surge.,True,True,True,True,provisional-impact-risk-v2,Relative heat-health impact ranking; not a predicted death count,WorldPop exposure included; demographic and health-outcome calibration pending
110,NANGAL RAYA,2026-08-30,34.5,26.9,30.6,69.33,79,1.87,815.0,41.44,31.17,27.97,42.92,74.51,12,2,26.9,2026-08-30T14:00,64207,26692.86,38.22,True,3,100.0,65.3,High,ORANGE,#E67E22,Activate the local heat action plan; open cooling centres; shift strenuous outdoor work away from afternoon hours; alert hospitals for a possible heat-illness surge.,True,True,True,True,provisional-impact-risk-v2,Relative heat-health impact ranking; not a predicted death count,WorldPop exposure included; demographic and health-outcome calibration pending
110,NANGAL RAYA,2026-08-31,34.5,26.9,30.55,67.5,82,1.64,828.0,40.26,31.02,27.71,43.14,73.9,12,1,26.9,2026-08-31T13:00,64207,26692.86,38.22,True,4,100.0,64.77,High,ORANGE,#E67E22,Activate the local heat action plan; open cooling centres; shift strenuous outdoor work away from afternoon hours; alert hospitals for a possible heat-illness surge.,True,True,True,True,provisional-impact-risk-v2,Relative heat-health impact ranking; not a predicted death count,WorldPop exposure included; demographic and health-outcome calibration pending
110,NANGAL RAYA,2026-09-01,34.4,26.9,30.13,70.04,90,1.4,807.0,39.65,30.66,27.58,42.6,71.26,8,0,26.9,2026-09-01T13:00,64207,26692.86,38.22,True,5,100.0,62.46,High,ORANGE,#E67E22,Activate the local heat action plan; open cooling centres; shift strenuous outdoor work away from afternoon hours; alert hospitals for a possible heat-illness surge.,True,True,True,True,provisional-impact-risk-v2,Relative heat-health impact ranking; not a predicted death count,WorldPop exposure included; demographic and health-outcome calibration pending
111,HARI NAGAR,2026-08-28,34.6,27.0,30.94,70.71,95,2.25,789.0,40.55,30.53,28.35,42.43,70.68,12,0,27.0,2026-08-28T13:00,64851,27341.37,39.13,True,1,33.33,57.36,High,ORANGE,#E67E22,Activate the local heat action plan; open cooling centres; shift strenuous outdoor work away from afternoon hours; alert hospitals for a possible heat-illness surge.,True,True,True,True,provisional-impact-risk-v2,Relative heat-health impact ranking; not a predicted death count,WorldPop exposure included; demographic and health-outcome calibration pending
111,HARI NAGAR,2026-08-29,34.9,26.7,30.94,67.21,79,2.22,848.0,40.83,31.18,28.01,43.64,75.49,13,2,26.7,2026-08-29T13:00,64851,27341.37,39.13,True,2,66.67,63.79,High,ORANGE,#E67E22,Activate the local heat action plan; open cooling centres; shift strenuous outdoor work away from afternoon hours; alert hospitals for a possible heat-illness surge.,True,True,True,True,provisional-impact-risk-v2,Relative heat-health impact ranking; not a predicted death count,WorldPop exposure included; demographic and health-outcome calibration pending
111,HARI NAGAR,2026-08-30,35.5,27.4,31.5,63.46,76,2.09,803.0,41.64,31.28,28.12,43.48,75.76,14,2,27.4,2026-08-30T14:00,64851,27341.37,39.13,True,3,100.0,66.54,High,ORANGE,#E67E22,Activate the local heat action plan; open cooling centres; shift strenuous outdoor work away from afternoon hours; alert hospitals for a possible heat-illness surge.,True,True,True,True,provisional-impact-risk-v2,Relative heat-health impact ranking; not a predicted death count,WorldPop exposure included; demographic and health-outcome calibration pending
111,HARI NAGAR,2026-08-31,35.3,27.5,31.49,60.79,74,1.85,824.0,40.6,31.11,27.8,43.59,74.89,11,1,27.5,2026-08-31T13:00,64851,27341.37,39.13,True,4,100.0,65.78,High,ORANGE,#E67E22,Activate the local heat action plan; open cooling centres; shift strenuous outdoor work away from afternoon hours; alert hospitals for a possible heat-illness surge.,True,True,True,True,provisional-impact-risk-v2,Relative heat-health impact ranking; not a predicted death count,WorldPop exposure included; demographic and health-outcome calibration pending
111,HARI NAGAR,2026-09-01,34.7,27.7,30.73,66.17,84,1.51,798.0,39.6,30.58,27.72,42.75,71.1,8,0,27.7,2026-09-01T13:00,64851,27341.37,39.13,True,5,100.0,62.45,High,ORANGE,#E67E22,Activate the local heat action plan; open cooling centres; shift strenuous outdoor work away from afternoon hours; alert hospitals for a possible heat-illness surge.,True,True,True,True,provisional-impact-risk-v2,Relative heat-health impact ranking; not a predicted death count,WorldPop exposure included; demographic and health-outcome calibration pending
112,SUBHASH NAGAR,2026-08-28,34.6,27.0,30.94,70.71,95,2.25,789.0,40.55,30.53,28.35,42.43,70.68,12,0,27.0,2026-08-28T13:00,43922,31444.73,38.24,True,1,33.33,57.24,High,ORANGE,#E67E22,Activate the local heat action plan; open cooling centres; shift strenuous outdoor work away from afternoon hours; alert hospitals for a possible heat-illness surge.,True,True,True,True,provisional-impact-risk-v2,Relative heat-health impact ranking; not a predicted death count,WorldPop exposure included; demographic and health-outcome calibration pending
112,SUBHASH NAGAR,2026-08-29,34.9,26.7,30.94,67.21,79,2.22,848.0,40.83,31.18,28.01,43.64,75.49,13,2,26.7,2026-08-29T13:00,43922,31444.73,38.24,True,2,66.67,63.65,High,ORANGE,#E67E22,Activate the local heat action plan; open cooling centres; shift strenuous outdoor work away from afternoon hours; alert hospitals for a possible heat-illness surge.,True,True,True,True,provisional-impact-risk-v2,Relative heat-health impact ranking; not a predicted death count,WorldPop exposure included; demographic and health-outcome calibration pending
112,SUBHASH NAGAR,2026-08-30,35.5,27.4,31.5,63.46,76,2.09,803.0,41.64,31.28,28.12,43.48,75.76,14,2,27.4,2026-08-30T14:00,43922,31444.73,38.24,True,3,100.0,66.4,High,ORANGE,#E67E22,Activate the local heat action plan; open cooling centres; shift strenuous outdoor work away from afternoon hours; alert hospitals for a possible heat-illness surge.,True,True,True,True,provisional-impact-risk-v2,Relative heat-health impact ranking; not a predicted death count,WorldPop exposure included; demographic and health-outcome calibration pending
112,SUBHASH NAGAR,2026-08-31,35.3,27.5,31.49,60.79,74,1.85,824.0,40.6,31.11,27.8,43.59,74.89,11,1,27.5,2026-08-31T13:00,43922,31444.73,38.24,True,4,100.0,65.64,High,ORANGE,#E67E22,Activate the local heat action plan; open cooling centres; shift strenuous outdoor work away from afternoon hours; alert hospitals for a possible heat-illness surge.,True,True,True,True,provisional-impact-risk-v2,Relative heat-health impact ranking; not a predicted death count,WorldPop exposure included; demographic and health-outcome calibration pending
112,SUBHASH NAGAR,2026-09-01,34.7,27.7,30.73,66.17,84,1.51,798.0,39.6,30.58,27.72,42.75,71.1,8,0,27.7,2026-09-01T13:00,43922,31444.73,38.24,True,5,100.0,62.32,High,ORANGE,#E67E22,Activate the local heat action plan; open cooling centres; shift strenuous outdoor work away from afternoon hours; alert hospitals for a possible heat-illness surge.,True,True,True,True,provisional-impact-risk-v2,Relative heat-health impact ranking; not a predicted death count,WorldPop exposure included; demographic and health-outcome calibration pending
113,MAHAVIR NAGAR,2026-08-28,34.6,27.0,30.94,70.71,95,2.25,789.0,40.55,30.53,28.35,42.43,70.68,12,0,27.0,2026-08-28T13:00,46655,36315.87,44.57,True,1,33.33,58.13,High,ORANGE,#E67E22,Activate the local heat action plan; open cooling centres; shift strenuous outdoor work away from afternoon hours; alert hospitals for a possible heat-illness surge.,True,True,True,True,provisional-impact-risk-v2,Relative heat-health impact ranking; not a predicted death count,WorldPop exposure included; demographic and health-outcome calibration pending
113,MAHAVIR NAGAR,2026-08-29,34.9,26.7,30.94,67.21,79,2.22,848.0,40.83,31.18,28.01,43.64,75.49,13,2,26.7,2026-08-29T13:00,46655,36315.87,44.57,True,2,66.67,64.61,High,ORANGE,#E67E22,Activate the local heat action plan; open cooling centres; shift strenuous outdoor work away from afternoon hours; alert hospitals for a possible heat-illness surge.,True,True,True,True,provisional-impact-risk-v2,Relative heat-health impact ranking; not a predicted death count,WorldPop exposure included; demographic and health-outcome calibration pending
113,MAHAVIR NAGAR,2026-08-30,35.5,27.4,31.5,63.46,76,2.09,803.0,41.64,31.28,28.12,43.48,75.76,14,2,27.4,2026-08-30T14:00,46655,36315.87,44.57,True,3,100.0,67.36,High,ORANGE,#E67E22,Activate the local heat action plan; open cooling centres; shift strenuous outdoor work away from afternoon hours; alert hospitals for a possible heat-illness surge.,True,True,True,True,provisional-impact-risk-v2,Relative heat-health impact ranking; not a predicted death count,WorldPop exposure included; demographic and health-outcome calibration pending
113,MAHAVIR NAGAR,2026-08-31,35.3,27.5,31.49,60.79,74,1.85,824.0,40.6,31.11,27.8,43.59,74.89,11,1,27.5,2026-08-31T13:00,46655,36315.87,44.57,True,4,100.0,66.59,High,ORANGE,#E67E22,Activate the local heat action plan; open cooling centres; shift strenuous outdoor work away from afternoon hours; alert hospitals for a possible heat-illness surge.,True,True,True,True,provisional-impact-risk-v2,Relative heat-health impact ranking; not a predicted death count,WorldPop exposure included; demographic and health-outcome calibration pending
113,MAHAVIR NAGAR,2026-09-01,34.7,27.7,30.73,66.17,84,1.51,798.0,39.6,30.58,27.72,42.75,71.1,8,0,27.7,2026-09-01T13:00,46655,36315.87,44.57,True,5,100.0,63.22,High,ORANGE,#E67E22,Activate the local heat action plan; open cooling centres; shift strenuous outdoor work away from afternoon hours; alert hospitals for a possible heat-illness surge.,True,True,True,True,provisional-impact-risk-v2,Relative heat-health impact ranking; not a predicted death count,WorldPop exposure included; demographic and health-outcome calibration pending
114,TILAK NAGAR,2026-08-28,34.6,27.0,30.94,70.71,95,2.25,789.0,40.55,30.53,28.35,42.43,70.68,12,0,27.0,2026-08-28T13:00,62601,40880.95,54.08,True,1,33.33,59.48,High,ORANGE,#E67E22,Activate the local heat action plan; open cooling centres; shift strenuous outdoor work away from afternoon hours; alert hospitals for a possible heat-illness surge.,True,True,True,True,provisional-impact-risk-v2,Relative heat-health impact ranking; not a predicted death count,WorldPop exposure included; demographic and health-outcome calibration pending
114,TILAK NAGAR,2026-08-29,34.9,26.7,30.94,67.21,79,2.22,848.0,40.83,31.18,28.01,43.64,75.49,13,2,26.7,2026-08-29T13:00,62601,40880.95,54.08,True,2,66.67,66.04,High,ORANGE,#E67E22,Activate the local heat action plan; open cooling centres; shift strenuous outdoor work away from afternoon hours; alert hospitals for a possible heat-illness surge.,True,True,True,True,provisional-impact-risk-v2,Relative heat-health impact ranking; not a predicted death count,WorldPop exposure included; demographic and health-outcome calibration pending
114,TILAK NAGAR,2026-08-30,35.5,27.4,31.5,63.46,76,2.09,803.0,41.64,31.28,28.12,43.48,75.76,14,2,27.4,2026-08-30T14:00,62601,40880.95,54.08,True,3,100.0,68.8,High,ORANGE,#E67E22,Activate the local heat action plan; open cooling centres; shift strenuous outdoor work away from afternoon hours; alert hospitals for a possible heat-illness surge.,True,True,True,True,provisional-impact-risk-v2,Relative heat-health impact ranking; not a predicted death count,WorldPop exposure included; demographic and health-outcome calibration pending
114,TILAK NAGAR,2026-08-31,35.3,27.5,31.49,60.79,74,1.85,824.0,40.6,31.11,27.8,43.59,74.89,11,1,27.5,2026-08-31T13:00,62601,40880.95,54.08,True,4,100.0,68.02,High,ORANGE,#E67E22,Activate the local heat action plan; open cooling centres; shift strenuous outdoor work away from afternoon hours; alert hospitals for a possible heat-illness surge.,True,True,True,True,provisional-impact-risk-v2,Relative heat-health impact ranking; not a predicted death count,WorldPop exposure included; demographic and health-outcome calibration pending
114,TILAK NAGAR,2026-09-01,34.7,27.7,30.73,66.17,84,1.51,798.0,39.6,30.58,27.72,42.75,71.1,8,0,27.7,2026-09-01T13:00,62601,40880.95,54.08,True,5,100.0,64.57,High,ORANGE,#E67E22,Activate the local heat action plan; open cooling centres; shift strenuous outdoor work away from afternoon hours; alert hospitals for a possible heat-illness surge.,True,True,True,True,provisional-impact-risk-v2,Relative heat-health impact ranking; not a predicted death count,WorldPop exposure included; demographic and health-outcome calibration pending
115,MAJOR BHUPINDAR SINGH NAGAR,2026-08-28,34.6,27.0,30.94,70.71,95,2.25,789.0,40.55,30.53,28.35,42.43,70.68,12,0,27.0,2026-08-28T13:00,34374,35197.62,40.0,True,1,33.33,57.49,High,ORANGE,#E67E22,Activate the local heat action plan; open cooling centres; shift strenuous outdoor work away from afternoon hours; alert hospitals for a possible heat-illness surge.,True,True,True,True,provisional-impact-risk-v2,Relative heat-health impact ranking; not a predicted death count,WorldPop exposure included; demographic and health-outcome calibration pending
115,MAJOR BHUPINDAR SINGH NAGAR,2026-08-29,34.9,26.7,30.94,67.21,79,2.22,848.0,40.83,31.18,28.01,43.64,75.49,13,2,26.7,2026-08-29T13:00,34374,35197.62,40.0,True,2,66.67,63.92,High,ORANGE,#E67E22,Activate the local heat action plan; open cooling centres; shift strenuous outdoor work away from afternoon hours; alert hospitals for a possible heat-illness surge.,True,True,True,True,provisional-impact-risk-v2,Relative heat-health impact ranking; not a predicted death count,WorldPop exposure included; demographic and health-outcome calibration pending
115,MAJOR BHUPINDAR SINGH NAGAR,2026-08-30,35.5,27.4,31.5,63.46,76,2.09,803.0,41.64,31.28,28.12,43.48,75.76,14,2,27.4,2026-08-30T14:00,34374,35197.62,40.0,True,3,100.0,66.67,High,ORANGE,#E67E22,Activate the local heat action plan; open cooling centres; shift strenuous outdoor work away from afternoon hours; alert hospitals for a possible heat-illness surge.,True,True,True,True,provisional-impact-risk-v2,Relative heat-health impact ranking; not a predicted death count,WorldPop exposure included; demographic and health-outcome calibration pending
115,MAJOR BHUPINDAR SINGH NAGAR,2026-08-31,35.3,27.5,31.49,60.79,74,1.85,824.0,40.6,31.11,27.8,43.59,74.89,11,1,27.5,2026-08-31T13:00,34374,35197.62,40.0,True,4,100.0,65.91,High,ORANGE,#E67E22,Activate the local heat action plan; open cooling centres; shift strenuous outdoor work away from afternoon hours; alert hospitals for a possible heat-illness surge.,True,True,True,True,provisional-impact-risk-v2,Relative heat-health impact ranking; not a predicted death count,WorldPop exposure included; demographic and health-outcome calibration pending
115,MAJOR BHUPINDAR SINGH NAGAR,2026-09-01,34.7,27.7,30.73,66.17,84,1.51,798.0,39.6,30.58,27.72,42.75,71.1,8,0,27.7,2026-09-01T13:00,34374,35197.62,40.0,True,5,100.0,62.57,High,ORANGE,#E67E22,Activate the local heat action plan; open cooling centres; shift strenuous outdoor work away from afternoon hours; alert hospitals for a possible heat-illness surge.,True,True,True,True,provisional-impact-risk-v2,Relative heat-health impact ranking; not a predicted death count,WorldPop exposure included; demographic and health-outcome calibration pending
116,VIKASPURI EAST,2026-08-28,34.6,27.0,30.94,70.71,95,2.25,789.0,40.55,30.53,28.35,42.43,70.68,12,0,27.0,2026-08-28T13:00,80114,30215.74,46.52,True,1,33.33,58.41,High,ORANGE,#E67E22,Activate the local heat action plan; open cooling centres; shift strenuous outdoor work away from afternoon hours; alert hospitals for a possible heat-illness surge.,True,True,True,True,provisional-impact-risk-v2,Relative heat-health impact ranking; not a predicted death count,WorldPop exposure included; demographic and health-outcome calibration pending
116,VIKASPURI EAST,2026-08-29,34.9,26.7,30.94,67.21,79,2.22,848.0,40.83,31.18,28.01,43.64,75.49,13,2,26.7,2026-08-29T13:00,80114,30215.74,46.52,True,2,66.67,64.9,High,ORANGE,#E67E22,Activate the local heat action plan; open cooling centres; shift strenuous outdoor work away from afternoon hours; alert hospitals for a possible heat-illness surge.,True,True,True,True,provisional-impact-risk-v2,Relative heat-health impact ranking; not a predicted death count,WorldPop exposure included; demographic and health-outcome calibration pending
116,VIKASPURI EAST,2026-08-30,35.5,27.4,31.5,63.46,76,2.09,803.0,41.64,31.28,28.12,43.48,75.76,14,2,27.4,2026-08-30T14:00,80114,30215.74,46.52,True,3,100.0,67.66,High,ORANGE,#E67E22,Activate the local heat action plan; open cooling centres; shift strenuous outdoor work away from afternoon hours; alert hospitals for a possible heat-illness surge.,True,True,True,True,provisional-impact-risk-v2,Relative heat-health impact ranking; not a predicted death count,WorldPop exposure included; demographic and health-outcome calibration pending
116,VIKASPURI EAST,2026-08-31,35.3,27.5,31.49,60.79,74,1.85,824.0,40.6,31.11,27.8,43.59,74.89,11,1,27.5,2026-08-31T13:00,80114,30215.74,46.52,True,4,100.0,66.88,High,ORANGE,#E67E22,Activate the local heat action plan; open cooling centres; shift strenuous outdoor work away from afternoon hours; alert hospitals for a possible heat-illness surge.,True,True,True,True,provisional-impact-risk-v2,Relative heat-health impact ranking; not a predicted death count,WorldPop exposure included; demographic and health-outcome calibration pending
116,VIKASPURI EAST,2026-09-01,34.7,27.7,30.73,66.17,84,1.51,798.0,39.6,30.58,27.72,42.75,71.1,8,0,27.7,2026-09-01T13:00,80114,30215.74,46.52,True,5,100.0,63.5,High,ORANGE,#E67E22,Activate the local heat action plan; open cooling centres; shift strenuous outdoor work away from afternoon hours; alert hospitals for a possible heat-illness surge.,True,True,True,True,provisional-impact-risk-v2,Relative heat-health impact ranking; not a predicted death count,WorldPop exposure included; demographic and health-outcome calibration pending
117,JANAK PURI WEST,2026-08-28,34.6,27.0,30.94,70.71,95,2.25,789.0,40.55,30.53,28.35,42.43,70.68,12,0,27.0,2026-08-28T13:00,73642,32353.04,47.24,True,1,33.33,58.51,High,ORANGE,#E67E22,Activate the local heat action plan; open cooling centres; shift strenuous outdoor work away from afternoon hours; alert hospitals for a possible heat-illness surge.,True,True,True,True,provisional-impact-risk-v2,Relative heat-health impact ranking; not a predicted death count,WorldPop exposure included; demographic and health-outcome calibration pending
117,JANAK PURI WEST,2026-08-29,34.9,26.7,30.94,67.21,79,2.22,848.0,40.83,31.18,28.01,43.64,75.49,13,2,26.7,2026-08-29T13:00,73642,32353.04,47.24,True,2,66.67,65.01,High,ORANGE,#E67E22,Activate the local heat action plan; open cooling centres; shift strenuous outdoor work away from afternoon hours; alert hospitals for a possible heat-illness surge.,True,True,True,True,provisional-impact-risk-v2,Relative heat-health impact ranking; not a predicted death count,WorldPop exposure included; demographic and health-outcome calibration pending
117,JANAK PURI WEST,2026-08-30,35.5,27.4,31.5,63.46,76,2.09,803.0,41.64,31.28,28.12,43.48,75.76,14,2,27.4,2026-08-30T14:00,73642,32353.04,47.24,True,3,100.0,67.77,High,ORANGE,#E67E22,Activate the local heat action plan; open cooling centres; shift strenuous outdoor work away from afternoon hours; alert hospitals for a possible heat-illness surge.,True,True,True,True,provisional-impact-risk-v2,Relative heat-health impact ranking; not a predicted death count,WorldPop exposure included; demographic and health-outcome calibration pending
117,JANAK PURI WEST,2026-08-31,35.3,27.5,31.49,60.79,74,1.85,824.0,40.6,31.11,27.8,43.59,74.89,11,1,27.5,2026-08-31T13:00,73642,32353.04,47.24,True,4,100.0,66.99,High,ORANGE,#E67E22,Activate the local heat action plan; open cooling centres; shift strenuous outdoor work away from afternoon hours; alert hospitals for a possible heat-illness surge.,True,True,True,True,provisional-impact-risk-v2,Relative heat-health impact ranking; not a predicted death count,WorldPop exposure included; demographic and health-outcome calibration pending
117,JANAK PURI WEST,2026-09-01,34.7,27.7,30.73,66.17,84,1.51,798.0,39.6,30.58,27.72,42.75,71.1,8,0,27.7,2026-09-01T13:00,73642,32353.04,47.24,True,5,100.0,63.6,High,ORANGE,#E67E22,Activate the local heat action plan; open cooling centres; shift strenuous outdoor work away from afternoon hours; alert hospitals for a possible heat-illness surge.,True,True,True,True,provisional-impact-risk-v2,Relative heat-health impact ranking; not a predicted death count,WorldPop exposure included; demographic and health-outcome calibration pending
118,JANAK PURI SOUTH,2026-08-28,34.6,27.0,30.94,70.71,95,2.25,789.0,40.55,30.53,28.35,42.43,70.68,12,0,27.0,2026-08-28T13:00,62974,29018.94,40.55,True,1,33.33,57.56,High,ORANGE,#E67E22,Activate the local heat action plan; open cooling centres; shift strenuous outdoor work away from afternoon hours; alert hospitals for a possible heat-illness surge.,True,True,True,True,provisional-impact-risk-v2,Relative heat-health impact ranking; not a predicted death count,WorldPop exposure included; demographic and health-outcome calibration pending
118,JANAK PURI SOUTH,2026-08-29,34.9,26.7,30.94,67.21,79,2.22,848.0,40.83,31.18,28.01,43.64,75.49,13,2,26.7,2026-08-29T13:00,62974,29018.94,40.55,True,2,66.67,64.0,High,ORANGE,#E67E22,Activate the local heat action plan; open cooling centres; shift strenuous outdoor work away from afternoon hours; alert hospitals for a possible heat-illness surge.,True,True,True,True,provisional-impact-risk-v2,Relative heat-health impact ranking; not a predicted death count,WorldPop exposure included; demographic and health-outcome calibration pending
118,JANAK PURI SOUTH,2026-08-30,35.5,27.4,31.5,63.46,76,2.09,803.0,41.64,31.28,28.12,43.48,75.76,14,2,27.4,2026-08-30T14:00,62974,29018.94,40.55,True,3,100.0,66.75,High,ORANGE,#E67E22,Activate the local heat action plan; open cooling centres; shift strenuous outdoor work away from afternoon hours; alert hospitals for a possible heat-illness surge.,True,True,True,True,provisional-impact-risk-v2,Relative heat-health impact ranking; not a predicted death count,WorldPop exposure included; demographic and health-outcome calibration pending
118,JANAK PURI SOUTH,2026-08-31,35.3,27.5,31.49,60.79,74,1.85,824.0,40.6,31.11,27.8,43.59,74.89,11,1,27.5,2026-08-31T13:00,62974,29018.94,40.55,True,4,100.0,65.99,High,ORANGE,#E67E22,Activate the local heat action plan; open cooling centres; shift strenuous outdoor work away from afternoon hours; alert hospitals for a possible heat-illness surge.,True,True,True,True,provisional-impact-risk-v2,Relative heat-health impact ranking; not a predicted death count,WorldPop exposure included; demographic and health-outcome calibration pending
118,JANAK PURI SOUTH,2026-09-01,34.7,27.7,30.73,66.17,84,1.51,798.0,39.6,30.58,27.72,42.75,71.1,8,0,27.7,2026-09-01T13:00,62974,29018.94,40.55,True,5,100.0,62.65,High,ORANGE,#E67E22,Activate the local heat action plan; open cooling centres; shift strenuous outdoor work away from afternoon hours; alert hospitals for a possible heat-illness surge.,True,True,True,True,provisional-impact-risk-v2,Relative heat-health impact ranking; not a predicted death count,WorldPop exposure included; demographic and health-outcome calibration pending
119,MILAP NAGAR,2026-08-28,34.6,27.0,30.94,70.71,95,2.25,789.0,40.55,30.53,28.35,42.43,70.68,12,0,27.0,2026-08-28T13:00,45204,30346.4,37.33,True,1,33.33,57.11,High,ORANGE,#E67E22,Activate the local heat action plan; open cooling centres; shift strenuous outdoor work away from afternoon hours; alert hospitals for a possible heat-illness surge.,True,True,True,True,provisional-impact-risk-v2,Relative heat-health impact ranking; not a predicted death count,WorldPop exposure included; demographic and health-outcome calibration pending
119,MILAP NAGAR,2026-08-29,34.9,26.7,30.94,67.21,79,2.22,848.0,40.83,31.18,28.01,43.64,75.49,13,2,26.7,2026-08-29T13:00,45204,30346.4,37.33,True,2,66.67,63.51,High,ORANGE,#E67E22,Activate the local heat action plan; open cooling centres; shift strenuous outdoor work away from afternoon hours; alert hospitals for a possible heat-illness surge.,True,True,True,True,provisional-impact-risk-v2,Relative heat-health impact ranking; not a predicted death count,WorldPop exposure included; demographic and health-outcome calibration pending
119,MILAP NAGAR,2026-08-30,35.5,27.4,31.5,63.46,76,2.09,803.0,41.64,31.28,28.12,43.48,75.76,14,2,27.4,2026-08-30T14:00,45204,30346.4,37.33,True,3,100.0,66.26,High,ORANGE,#E67E22,Activate the local heat action plan; open cooling centres; shift strenuous outdoor work away from afternoon hours; alert hospitals for a possible heat-illness surge.,True,True,True,True,provisional-impact-risk-v2,Relative heat-health impact ranking; not a predicted death count,WorldPop exposure included; demographic and health-outcome calibration pending
119,MILAP NAGAR,2026-08-31,35.3,27.5,31.49,60.79,74,1.85,824.0,40.6,31.11,27.8,43.59,74.89,11,1,27.5,2026-08-31T13:00,45204,30346.4,37.33,True,4,100.0,65.51,High,ORANGE,#E67E22,Activate the local heat action plan; open cooling centres; shift strenuous outdoor work away from afternoon hours; alert hospitals for a possible heat-illness surge.,True,True,True,True,provisional-impact-risk-v2,Relative heat-health impact ranking; not a predicted death count,WorldPop exposure included; demographic and health-outcome calibration pending
119,MILAP NAGAR,2026-09-01,34.7,27.7,30.73,66.17,84,1.51,798.0,39.6,30.58,27.72,42.75,71.1,8,0,27.7,2026-09-01T13:00,45204,30346.4,37.33,True,5,100.0,62.19,High,ORANGE,#E67E22,Activate the local heat action plan; open cooling centres; shift strenuous outdoor work away from afternoon hours; alert hospitals for a possible heat-illness surge.,True,True,True,True,provisional-impact-risk-v2,Relative heat-health impact ranking; not a predicted death count,WorldPop exposure included; demographic and health-outcome calibration pending
12,G.T.B. NAGAR,2026-08-28,34.4,27.3,30.79,72.83,91,1.92,767.0,40.05,30.37,28.43,41.63,68.98,13,0,27.3,2026-08-28T13:00,79466,29282.19,45.27,True,1,33.33,56.83,High,ORANGE,#E67E22,Activate the local heat action plan; open cooling centres; shift strenuous outdoor work away from afternoon hours; alert hospitals for a possible heat-illness surge.,True,True,True,True,provisional-impact-risk-v2,Relative heat-health impact ranking; not a predicted death count,WorldPop exposure included; demographic and health-outcome calibration pending
12,G.T.B. NAGAR,2026-08-29,34.7,26.8,30.92,68.12,79,2.03,846.0,41.14,31.17,28.12,43.44,75.22,14,1,26.8,2026-08-29T13:00,79466,29282.19,45.27,True,2,66.67,64.48,High,ORANGE,#E67E22,Activate the local heat action plan; open cooling centres; shift strenuous outdoor work away from afternoon hours; alert hospitals for a possible heat-illness surge.,True,True,True,True,provisional-impact-risk-v2,Relative heat-health impact ranking; not a predicted death count,WorldPop exposure included; demographic and health-outcome calibration pending
12,G.T.B. NAGAR,2026-08-30,35.2,27.4,31.52,64.38,76,1.74,795.0,41.73,31.29,28.25,42.99,75.39,15,2,27.4,2026-08-30T14:00,79466,29282.19,45.27,True,3,100.0,67.14,High,ORANGE,#E67E22,Activate the local heat action plan; open cooling centres; shift strenuous outdoor work away from afternoon hours; alert hospitals for a possible heat-illness surge.,True,True,True,True,provisional-impact-risk-v2,Relative heat-health impact ranking; not a predicted death count,WorldPop exposure included; demographic and health-outcome calibration pending
12,G.T.B. NAGAR,2026-08-31,35.3,27.5,31.55,61.67,75,1.63,809.0,40.99,31.07,27.96,43.32,74.39,11,2,27.5,2026-08-31T14:00,79466,29282.19,45.27,True,4,100.0,66.24,High,ORANGE,#E67E22,Activate the local heat action plan; open cooling centres; shift strenuous outdoor work away from afternoon hours; alert hospitals for a possible heat-illness surge.,True,True,True,True,provisional-impact-risk-v2,Relative heat-health impact ranking; not a predicted death count,WorldPop exposure included; demographic and health-outcome calibration pending
12,G.T.B. NAGAR,2026-09-01,34.0,28.2,30.43,70.71,87,1.24,787.0,40.31,30.81,27.95,42.4,72.07,8,0,28.2,2026-09-01T13:00,79466,29282.19,45.27,True,5,100.0,64.18,High,ORANGE,#E67E22,Activate the local heat action plan; open cooling centres; shift strenuous outdoor work away from afternoon hours; alert hospitals for a possible heat-illness surge.,True,True,True,True,provisional-impact-risk-v2,Relative heat-health impact ranking; not a predicted death count,WorldPop exposure included; demographic and health-outcome calibration pending
120,SITA PURI,2026-08-28,34.2,26.0,30.49,72.0,96,2.22,791.0,39.81,30.56,28.08,42.18,70.56,10,0,26.0,2026-08-28T13:00,18665,23926.42,22.85,True,1,33.33,54.97,High,ORANGE,#E67E22,Activate the local heat action plan; open cooling centres; shift strenuous outdoor work away from afternoon hours; alert hospitals for a possible heat-illness surge.,True,True,True,True,provisional-impact-risk-v2,Relative heat-health impact ranking; not a predicted death count,WorldPop exposure included; demographic and health-outcome calibration pending
120,SITA PURI,2026-08-29,34.2,26.5,30.29,71.12,81,1.98,846.0,41.07,31.11,27.86,43.11,74.53,11,1,26.5,2026-08-29T13:00,18665,23926.42,22.85,True,2,66.67,60.55,High,ORANGE,#E67E22,Activate the local heat action plan; open cooling centres; shift strenuous outdoor work away from afternoon hours; alert hospitals for a possible heat-illness surge.,True,True,True,True,provisional-impact-risk-v2,Relative heat-health impact ranking; not a predicted death count,WorldPop exposure included; demographic and health-outcome calibration pending
120,SITA PURI,2026-08-30,34.5,26.9,30.6,69.33,79,1.87,815.0,41.44,31.17,27.97,42.92,74.51,12,2,26.9,2026-08-30T14:00,18665,23926.42,22.85,True,3,100.0,63.01,High,ORANGE,#E67E22,Activate the local heat action plan; open cooling centres; shift strenuous outdoor work away from afternoon hours; alert hospitals for a possible heat-illness surge.,True,True,True,True,provisional-impact-risk-v2,Relative heat-health impact ranking; not a predicted death count,WorldPop exposure included; demographic and health-outcome calibration pending
120,SITA PURI,2026-08-31,34.5,26.9,30.55,67.5,82,1.64,828.0,40.26,31.02,27.71,43.14,73.9,12,1,26.9,2026-08-31T13:00,18665,23926.42,22.85,True,4,100.0,62.5,High,ORANGE,#E67E22,Activate the local heat action plan; open cooling centres; shift strenuous outdoor work away from afternoon hours; alert hospitals for a possible heat-illness surge.,True,True,True,True,provisional-impact-risk-v2,Relative heat-health impact ranking; not a predicted death count,WorldPop exposure included; demographic and health-outcome calibration pending
120,SITA PURI,2026-09-01,34.4,26.9,30.13,70.04,90,1.4,807.0,39.65,30.66,27.58,42.6,71.26,8,0,26.9,2026-09-01T13:00,18665,23926.42,22.85,True,5,100.0,60.27,High,ORANGE,#E67E22,Activate the local heat action plan; open cooling centres; shift strenuous outdoor work away from afternoon hours; alert hospitals for a possible heat-illness surge.,True,True,True,True,provisional-impact-risk-v2,Relative heat-health impact ranking; not a predicted death count,WorldPop exposure included; demographic and health-outcome calibration pending
121,KUNWAR SINGH NAGAR,2026-08-28,34.6,27.0,30.94,70.71,95,2.25,789.0,40.55,30.53,28.35,42.43,70.68,12,0,27.0,2026-08-28T13:00,155525,23843.29,59.37,True,1,33.33,60.23,High,ORANGE,#E67E22,Activate the local heat action plan; open cooling centres; shift strenuous outdoor work away from afternoon hours; alert hospitals for a possible heat-illness surge.,True,True,True,True,provisional-impact-risk-v2,Relative heat-health impact ranking; not a predicted death count,WorldPop exposure included; demographic and health-outcome calibration pending
121,KUNWAR SINGH NAGAR,2026-08-29,34.9,26.7,30.94,67.21,79,2.22,848.0,40.83,31.18,28.01,43.64,75.49,13,2,26.7,2026-08-29T13:00,155525,23843.29,59.37,True,2,66.67,66.84,High,ORANGE,#E67E22,Activate the local heat action plan; open cooling centres; shift strenuous outdoor work away from afternoon hours; alert hospitals for a possible heat-illness surge.,True,True,True,True,provisional-impact-risk-v2,Relative heat-health impact ranking; not a predicted death count,WorldPop exposure included; demographic and health-outcome calibration pending
121,KUNWAR SINGH NAGAR,2026-08-30,35.5,27.4,31.5,63.46,76,2.09,803.0,41.64,31.28,28.12,43.48,75.76,14,2,27.4,2026-08-30T14:00,155525,23843.29,59.37,True,3,100.0,69.6,High,ORANGE,#E67E22,Activate the local heat action plan; open cooling centres; shift strenuous outdoor work away from afternoon hours; alert hospitals for a possible heat-illness surge.,True,True,True,True,provisional-impact-risk-v2,Relative heat-health impact ranking; not a predicted death count,WorldPop exposure included; demographic and health-outcome calibration pending
121,KUNWAR SINGH NAGAR,2026-08-31,35.3,27.5,31.49,60.79,74,1.85,824.0,40.6,31.11,27.8,43.59,74.89,11,1,27.5,2026-08-31T13:00,155525,23843.29,59.37,True,4,100.0,68.81,High,ORANGE,#E67E22,Activate the local heat action plan; open cooling centres; shift strenuous outdoor work away from afternoon hours; alert hospitals for a possible heat-illness surge.,True,True,True,True,provisional-impact-risk-v2,Relative heat-health impact ranking; not a predicted death count,WorldPop exposure included; demographic and health-outcome calibration pending
121,KUNWAR SINGH NAGAR,2026-09-01,34.7,27.7,30.73,66.17,84,1.51,798.0,39.6,30.58,27.72,42.75,71.1,8,0,27.7,2026-09-01T13:00,155525,23843.29,59.37,True,5,100.0,65.33,High,ORANGE,#E67E22,Activate the local heat action plan; open cooling centres; shift strenuous outdoor work away from afternoon hours; alert hospitals for a possible heat-illness surge.,True,True,True,True,provisional-impact-risk-v2,Relative heat-health impact ranking; not a predicted death count,WorldPop exposure included; demographic and health-outcome calibration pending
122,HASTSAL,2026-08-28,34.6,27.0,30.94,70.71,95,2.25,789.0,40.55,30.53,28.35,42.43,70.68,12,0,27.0,2026-08-28T13:00,165865,16852.43,53.31,True,1,33.33,59.37,High,ORANGE,#E67E22,Activate the local heat action plan; open cooling centres; shift strenuous outdoor work away from afternoon hours; alert hospitals for a possible heat-illness surge.,True,True,True,True,provisional-impact-risk-v2,Relative heat-health impact ranking; not a predicted death count,WorldPop exposure included; demographic and health-outcome calibration pending
122,HASTSAL,2026-08-29,34.9,26.7,30.94,67.21,79,2.22,848.0,40.83,31.18,28.01,43.64,75.49,13,2,26.7,2026-08-29T13:00,165865,16852.43,53.31,True,2,66.67,65.93,High,ORANGE,#E67E22,Activate the local heat action plan; open cooling centres; shift strenuous outdoor work away from afternoon hours; alert hospitals for a possible heat-illness surge.,True,True,True,True,provisional-impact-risk-v2,Relative heat-health impact ranking; not a predicted death count,WorldPop exposure included; demographic and health-outcome calibration pending
122,HASTSAL,2026-08-30,35.5,27.4,31.5,63.46,76,2.09,803.0,41.64,31.28,28.12,43.48,75.76,14,2,27.4,2026-08-30T14:00,165865,16852.43,53.31,True,3,100.0,68.69,High,ORANGE,#E67E22,Activate the local heat action plan; open cooling centres; shift strenuous outdoor work away from afternoon hours; alert hospitals for a possible heat-illness surge.,True,True,True,True,provisional-impact-risk-v2,Relative heat-health impact ranking; not a predicted death count,WorldPop exposure included; demographic and health-outcome calibration pending
122,HASTSAL,2026-08-31,35.3,27.5,31.49,60.79,74,1.85,824.0,40.6,31.11,27.8,43.59,74.89,11,1,27.5,2026-08-31T13:00,165865,16852.43,53.31,True,4,100.0,67.9,High,ORANGE,#E67E22,Activate the local heat action plan; open cooling centres; shift strenuous outdoor work away from afternoon hours; alert hospitals for a possible heat-illness surge.,True,True,True,True,provisional-impact-risk-v2,Relative heat-health impact ranking; not a predicted death count,WorldPop exposure included; demographic and health-outcome calibration pending
122,HASTSAL,2026-09-01,34.7,27.7,30.73,66.17,84,1.51,798.0,39.6,30.58,27.72,42.75,71.1,8,0,27.7,2026-09-01T13:00,165865,16852.43,53.31,True,5,100.0,64.46,High,ORANGE,#E67E22,Activate the local heat action plan; open cooling centres; shift strenuous outdoor work away from afternoon hours; alert hospitals for a possible heat-illness surge.,True,True,True,True,provisional-impact-risk-v2,Relative heat-health impact ranking; not a predicted death count,WorldPop exposure included; demographic and health-outcome calibration pending
123,VIKAS PURI,2026-08-28,34.6,27.0,30.94,70.71,95,2.25,789.0,40.55,30.53,28.35,42.43,70.68,12,0,27.0,2026-08-28T13:00,53747,30889.08,40.23,True,1,33.33,57.52,High,ORANGE,#E67E22,Activate the local heat action plan; open cooling centres; shift strenuous outdoor work away from afternoon hours; alert hospitals for a possible heat-illness surge.,True,True,True,True,provisional-impact-risk-v2,Relative heat-health impact ranking; not a predicted death count,WorldPop exposure included; demographic and health-outcome calibration pending
123,VIKAS PURI,2026-08-29,34.9,26.7,30.94,67.21,79,2.22,848.0,40.83,31.18,28.01,43.64,75.49,13,2,26.7,2026-08-29T13:00,53747,30889.08,40.23,True,2,66.67,63.95,High,ORANGE,#E67E22,Activate the local heat action plan; open cooling centres; shift strenuous outdoor work away from afternoon hours; alert hospitals for a possible heat-illness surge.,True,True,True,True,provisional-impact-risk-v2,Relative heat-health impact ranking; not a predicted death count,WorldPop exposure included; demographic and health-outcome calibration pending
123,VIKAS PURI,2026-08-30,35.5,27.4,31.5,63.46,76,2.09,803.0,41.64,31.28,28.12,43.48,75.76,14,2,27.4,2026-08-30T14:00,53747,30889.08,40.23,True,3,100.0,66.7,High,ORANGE,#E67E22,Activate the local heat action plan; open cooling centres; shift strenuous outdoor work away from afternoon hours; alert hospitals for a possible heat-illness surge.,True,True,True,True,provisional-impact-risk-v2,Relative heat-health impact ranking; not a predicted death count,WorldPop exposure included; demographic and health-outcome calibration pending
123,VIKAS PURI,2026-08-31,35.3,27.5,31.49,60.79,74,1.85,824.0,40.6,31.11,27.8,43.59,74.89,11,1,27.5,2026-08-31T13:00,53747,30889.08,40.23,True,4,100.0,65.94,High,ORANGE,#E67E22,Activate the local heat action plan; open cooling centres; shift strenuous outdoor work away from afternoon hours; alert hospitals for a possible heat-illness surge.,True,True,True,True,provisional-impact-risk-v2,Relative heat-health impact ranking; not a predicted death count,WorldPop exposure included; demographic and health-outcome calibration pending
123,VIKAS PURI,2026-09-01,34.7,27.7,30.73,66.17,84,1.51,798.0,39.6,30.58,27.72,42.75,71.1,8,0,27.7,2026-09-01T13:00,53747,30889.08,40.23,True,5,100.0,62.6,High,ORANGE,#E67E22,Activate the local heat action plan; open cooling centres; shift strenuous outdoor work away from afternoon hours; alert hospitals for a possible heat-illness surge.,True,True,True,True,provisional-impact-risk-v2,Relative heat-health impact ranking; not a predicted death count,WorldPop exposure included; demographic and health-outcome calibration pending
124,VIKAS NAGAR,2026-08-28,34.6,27.0,30.94,70.71,95,2.25,789.0,40.55,30.53,28.35,42.43,70.68,12,0,27.0,2026-08-28T13:00,73547,30900.8,45.54,True,1,33.33,58.27,High,ORANGE,#E67E22,Activate the local heat action plan; open cooling centres; shift strenuous outdoor work away from afternoon hours; alert hospitals for a possible heat-illness surge.,True,True,True,True,provisional-impact-risk-v2,Relative heat-health impact ranking; not a predicted death count,WorldPop exposure included; demographic and health-outcome calibration pending
124,VIKAS NAGAR,2026-08-29,34.9,26.7,30.94,67.21,79,2.22,848.0,40.83,31.18,28.01,43.64,75.49,13,2,26.7,2026-08-29T13:00,73547,30900.8,45.54,True,2,66.67,64.75,High,ORANGE,#E67E22,Activate the local heat action plan; open cooling centres; shift strenuous outdoor work away from afternoon hours; alert hospitals for a possible heat-illness surge.,True,True,True,True,provisional-impact-risk-v2,Relative heat-health impact ranking; not a predicted death count,WorldPop exposure included; demographic and health-outcome calibration pending
124,VIKAS NAGAR,2026-08-30,35.5,27.4,31.5,63.46,76,2.09,803.0,41.64,31.28,28.12,43.48,75.76,14,2,27.4,2026-08-30T14:00,73547,30900.8,45.54,True,3,100.0,67.51,High,ORANGE,#E67E22,Activate the local heat action plan; open cooling centres; shift strenuous outdoor work away from afternoon hours; alert hospitals for a possible heat-illness surge.,True,True,True,True,provisional-impact-risk-v2,Relative heat-health impact ranking; not a predicted death count,WorldPop exposure included; demographic and health-outcome calibration pending
124,VIKAS NAGAR,2026-08-31,35.3,27.5,31.49,60.79,74,1.85,824.0,40.6,31.11,27.8,43.59,74.89,11,1,27.5,2026-08-31T13:00,73547,30900.8,45.54,True,4,100.0,66.74,High,ORANGE,#E67E22,Activate the local heat action plan; open cooling centres; shift strenuous outdoor work away from afternoon hours; alert hospitals for a possible heat-illness surge.,True,True,True,True,provisional-impact-risk-v2,Relative heat-health impact ranking; not a predicted death count,WorldPop exposure included; demographic and health-outcome calibration pending
124,VIKAS NAGAR,2026-09-01,34.7,27.7,30.73,66.17,84,1.51,798.0,39.6,30.58,27.72,42.75,71.1,8,0,27.7,2026-09-01T13:00,73547,30900.8,45.54,True,5,100.0,63.36,High,ORANGE,#E67E22,Activate the local heat action plan; open cooling centres; shift strenuous outdoor work away from afternoon hours; alert hospitals for a possible heat-illness surge.,True,True,True,True,provisional-impact-risk-v2,Relative heat-health impact ranking; not a predicted death count,WorldPop exposure included; demographic and health-outcome calibration pending
125,MOHAN GARDEN,2026-08-28,34.6,27.0,30.94,70.71,95,2.25,789.0,40.55,30.53,28.35,42.43,70.68,12,0,27.0,2026-08-28T13:00,45325,25520.83,31.81,True,1,33.33,56.33,High,ORANGE,#E67E22,Activate the local heat action plan; open cooling centres; shift strenuous outdoor work away from afternoon hours; alert hospitals for a possible heat-illness surge.,True,True,True,True,provisional-impact-risk-v2,Relative heat-health impact ranking; not a predicted death count,WorldPop exposure included; demographic and health-outcome calibration pending
125,MOHAN GARDEN,2026-08-29,34.9,26.7,30.94,67.21,79,2.22,848.0,40.83,31.18,28.01,43.64,75.49,13,2,26.7,2026-08-29T13:00,45325,25520.83,31.81,True,2,66.67,62.68,High,ORANGE,#E67E22,Activate the local heat action plan; open cooling centres; shift strenuous outdoor work away from afternoon hours; alert hospitals for a possible heat-illness surge.,True,True,True,True,provisional-impact-risk-v2,Relative heat-health impact ranking; not a predicted death count,WorldPop exposure included; demographic and health-outcome calibration pending
125,MOHAN GARDEN,2026-08-30,35.5,27.4,31.5,63.46,76,2.09,803.0,41.64,31.28,28.12,43.48,75.76,14,2,27.4,2026-08-30T14:00,45325,25520.83,31.81,True,3,100.0,65.43,High,ORANGE,#E67E22,Activate the local heat action plan; open cooling centres; shift strenuous outdoor work away from afternoon hours; alert hospitals for a possible heat-illness surge.,True,True,True,True,provisional-impact-risk-v2,Relative heat-health impact ranking; not a predicted death count,WorldPop exposure included; demographic and health-outcome calibration pending
125,MOHAN GARDEN,2026-08-31,35.3,27.5,31.49,60.79,74,1.85,824.0,40.6,31.11,27.8,43.59,74.89,11,1,27.5,2026-08-31T13:00,45325,25520.83,31.81,True,4,100.0,64.68,High,ORANGE,#E67E22,Activate the local heat action plan; open cooling centres; shift strenuous outdoor work away from afternoon hours; alert hospitals for a possible heat-illness surge.,True,True,True,True,provisional-impact-risk-v2,Relative heat-health impact ranking; not a predicted death count,WorldPop exposure included; demographic and health-outcome calibration pending
125,MOHAN GARDEN,2026-09-01,34.7,27.7,30.73,66.17,84,1.51,798.0,39.6,30.58,27.72,42.75,71.1,8,0,27.7,2026-09-01T13:00,45325,25520.83,31.81,True,5,100.0,61.41,High,ORANGE,#E67E22,Activate the local heat action plan; open cooling centres; shift strenuous outdoor work away from afternoon hours; alert hospitals for a possible heat-illness surge.,True,True,True,True,provisional-impact-risk-v2,Relative heat-health impact ranking; not a predicted death count,WorldPop exposure included; demographic and health-outcome calibration pending
126,NAWADA,2026-08-28,34.6,27.0,30.94,70.71,95,2.25,789.0,40.55,30.53,28.35,42.43,70.68,12,0,27.0,2026-08-28T13:00,29570,34447.81,37.85,True,1,33.33,57.18,High,ORANGE,#E67E22,Activate the local heat action plan; open cooling centres; shift strenuous outdoor work away from afternoon hours; alert hospitals for a possible heat-illness surge.,True,True,True,True,provisional-impact-risk-v2,Relative heat-health impact ranking; not a predicted death count,WorldPop exposure included; demographic and health-outcome calibration pending
126,NAWADA,2026-08-29,34.9,26.7,30.94,67.21,79,2.22,848.0,40.83,31.18,28.01,43.64,75.49,13,2,26.7,2026-08-29T13:00,29570,34447.81,37.85,True,2,66.67,63.59,High,ORANGE,#E67E22,Activate the local heat action plan; open cooling centres; shift strenuous outdoor work away from afternoon hours; alert hospitals for a possible heat-illness surge.,True,True,True,True,provisional-impact-risk-v2,Relative heat-health impact ranking; not a predicted death count,WorldPop exposure included; demographic and health-outcome calibration pending
126,NAWADA,2026-08-30,35.5,27.4,31.5,63.46,76,2.09,803.0,41.64,31.28,28.12,43.48,75.76,14,2,27.4,2026-08-30T14:00,29570,34447.81,37.85,True,3,100.0,66.34,High,ORANGE,#E67E22,Activate the local heat action plan; open cooling centres; shift strenuous outdoor work away from afternoon hours; alert hospitals for a possible heat-illness surge.,True,True,True,True,provisional-impact-risk-v2,Relative heat-health impact ranking; not a predicted death count,WorldPop exposure included; demographic and health-outcome calibration pending
126,NAWADA,2026-08-31,35.3,27.5,31.49,60.79,74,1.85,824.0,40.6,31.11,27.8,43.59,74.89,11,1,27.5,2026-08-31T13:00,29570,34447.81,37.85,True,4,100.0,65.59,High,ORANGE,#E67E22,Activate the local heat action plan; open cooling centres; shift strenuous outdoor work away from afternoon hours; alert hospitals for a possible heat-illness surge.,True,True,True,True,provisional-impact-risk-v2,Relative heat-health impact ranking; not a predicted death count,WorldPop exposure included; demographic and health-outcome calibration pending
126,NAWADA,2026-09-01,34.7,27.7,30.73,66.17,84,1.51,798.0,39.6,30.58,27.72,42.75,71.1,8,0,27.7,2026-09-01T13:00,29570,34447.81,37.85,True,5,100.0,62.27,High,ORANGE,#E67E22,Activate the local heat action plan; open cooling centres; shift strenuous outdoor work away from afternoon hours; alert hospitals for a possible heat-illness surge.,True,True,True,True,provisional-impact-risk-v2,Relative heat-health impact ranking; not a predicted death count,WorldPop exposure included; demographic and health-outcome calibration pending
127,UTTAM NAGAR,2026-08-28,34.6,27.0,30.94,70.71,95,2.25,789.0,40.55,30.53,28.35,42.43,70.68,12,0,27.0,2026-08-28T13:00,23410,28822.95,29.74,True,1,33.33,56.04,High,ORANGE,#E67E22,Activate the local heat action plan; open cooling centres; shift strenuous outdoor work away from afternoon hours; alert hospitals for a possible heat-illness surge.,True,True,True,True,provisional-impact-risk-v2,Relative heat-health impact ranking; not a predicted death count,WorldPop exposure included; demographic and health-outcome calibration pending
127,UTTAM NAGAR,2026-08-29,34.9,26.7,30.94,67.21,79,2.22,848.0,40.83,31.18,28.01,43.64,75.49,13,2,26.7,2026-08-29T13:00,23410,28822.95,29.74,True,2,66.67,62.37,High,ORANGE,#E67E22,Activate the local heat action plan; open cooling centres; shift strenuous outdoor work away from afternoon hours; alert hospitals for a possible heat-illness surge.,True,True,True,True,provisional-impact-risk-v2,Relative heat-health impact ranking; not a predicted death count,WorldPop exposure included; demographic and health-outcome calibration pending
127,UTTAM NAGAR,2026-08-30,35.5,27.4,31.5,63.46,76,2.09,803.0,41.64,31.28,28.12,43.48,75.76,14,2,27.4,2026-08-30T14:00,23410,28822.95,29.74,True,3,100.0,65.11,High,ORANGE,#E67E22,Activate the local heat action plan; open cooling centres; shift strenuous outdoor work away from afternoon hours; alert hospitals for a possible heat-illness surge.,True,True,True,True,provisional-impact-risk-v2,Relative heat-health impact ranking; not a predicted death count,WorldPop exposure included; demographic and health-outcome calibration pending
127,UTTAM NAGAR,2026-08-31,35.3,27.5,31.49,60.79,74,1.85,824.0,40.6,31.11,27.8,43.59,74.89,11,1,27.5,2026-08-31T13:00,23410,28822.95,29.74,True,4,100.0,64.37,High,ORANGE,#E67E22,Activate the local heat action plan; open cooling centres; shift strenuous outdoor work away from afternoon hours; alert hospitals for a possible heat-illness surge.,True,True,True,True,provisional-impact-risk-v2,Relative heat-health impact ranking; not a predicted death count,WorldPop exposure included; demographic and health-outcome calibration pending
127,UTTAM NAGAR,2026-09-01,34.7,27.7,30.73,66.17,84,1.51,798.0,39.6,30.58,27.72,42.75,71.1,8,0,27.7,2026-09-01T13:00,23410,28822.95,29.74,True,5,100.0,61.11,High,ORANGE,#E67E22,Activate the local heat action plan; open cooling centres; shift strenuous outdoor work away from afternoon hours; alert hospitals for a possible heat-illness surge.,True,True,True,True,provisional-impact-risk-v2,Relative heat-health impact ranking; not a predicted death count,WorldPop exposure included; demographic and health-outcome calibration pending
128,BINDAPUR,2026-08-28,34.6,27.0,30.94,70.71,95,2.25,789.0,40.55,30.53,28.35,42.43,70.68,12,0,27.0,2026-08-28T13:00,39724,20394.29,24.43,True,1,33.33,55.29,High,ORANGE,#E67E22,Activate the local heat action plan; open cooling centres; shift strenuous outdoor work away from afternoon hours; alert hospitals for a possible heat-illness surge.,True,True,True,True,provisional-impact-risk-v2,Relative heat-health impact ranking; not a predicted death count,WorldPop exposure included; demographic and health-outcome calibration pending
128,BINDAPUR,2026-08-29,34.9,26.7,30.94,67.21,79,2.22,848.0,40.83,31.18,28.01,43.64,75.49,13,2,26.7,2026-08-29T13:00,39724,20394.29,24.43,True,2,66.67,61.57,High,ORANGE,#E67E22,Activate the local heat action plan; open cooling centres; shift strenuous outdoor work away from afternoon hours; alert hospitals for a possible heat-illness surge.,True,True,True,True,provisional-impact-risk-v2,Relative heat-health impact ranking; not a predicted death count,WorldPop exposure included; demographic and health-outcome calibration pending
128,BINDAPUR,2026-08-30,35.5,27.4,31.5,63.46,76,2.09,803.0,41.64,31.28,28.12,43.48,75.76,14,2,27.4,2026-08-30T14:00,39724,20394.29,24.43,True,3,100.0,64.31,High,ORANGE,#E67E22,Activate the local heat action plan; open cooling centres; shift strenuous outdoor work away from afternoon hours; alert hospitals for a possible heat-illness surge.,True,True,True,True,provisional-impact-risk-v2,Relative heat-health impact ranking; not a predicted death count,WorldPop exposure included; demographic and health-outcome calibration pending
128,BINDAPUR,2026-08-31,35.3,27.5,31.49,60.79,74,1.85,824.0,40.6,31.11,27.8,43.59,74.89,11,1,27.5,2026-08-31T13:00,39724,20394.29,24.43,True,4,100.0,63.57,High,ORANGE,#E67E22,Activate the local heat action plan; open cooling centres; shift strenuous outdoor work away from afternoon hours; alert hospitals for a possible heat-illness surge.,True,True,True,True,provisional-impact-risk-v2,Relative heat-health impact ranking; not a predicted death count,WorldPop exposure included; demographic and health-outcome calibration pending
128,BINDAPUR,2026-09-01,34.7,27.7,30.73,66.17,84,1.51,798.0,39.6,30.58,27.72,42.75,71.1,8,0,27.7,2026-09-01T13:00,39724,20394.29,24.43,True,5,100.0,60.36,High,ORANGE,#E67E22,Activate the local heat action plan; open cooling centres; shift strenuous outdoor work away from afternoon hours; alert hospitals for a possible heat-illness surge.,True,True,True,True,provisional-impact-risk-v2,Relative heat-health impact ranking; not a predicted death count,WorldPop exposure included; demographic and health-outcome calibration pending
129,DABRI,2026-08-28,34.2,26.0,30.49,72.0,96,2.22,791.0,39.81,30.56,28.08,42.18,70.56,10,0,26.0,2026-08-28T13:00,32227,22648.82,25.01,True,1,33.33,55.27,High,ORANGE,#E67E22,Activate the local heat action plan; open cooling centres; shift strenuous outdoor work away from afternoon hours; alert hospitals for a possible heat-illness surge.,True,True,True,True,provisional-impact-risk-v2,Relative heat-health impact ranking; not a predicted death count,WorldPop exposure included; demographic and health-outcome calibration pending
129,DABRI,2026-08-29,34.2,26.5,30.29,71.12,81,1.98,846.0,41.07,31.11,27.86,43.11,74.53,11,1,26.5,2026-08-29T13:00,32227,22648.82,25.01,True,2,66.67,60.87,High,ORANGE,#E67E22,Activate the local heat action plan; open cooling centres; shift strenuous outdoor work away from afternoon hours; alert hospitals for a possible heat-illness surge.,True,True,True,True,provisional-impact-risk-v2,Relative heat-health impact ranking; not a predicted death count,WorldPop exposure included; demographic and health-outcome calibration pending
129,DABRI,2026-08-30,34.5,26.9,30.6,69.33,79,1.87,815.0,41.44,31.17,27.97,42.92,74.51,12,2,26.9,2026-08-30T14:00,32227,22648.82,25.01,True,3,100.0,63.34,High,ORANGE,#E67E22,Activate the local heat action plan; open cooling centres; shift strenuous outdoor work away from afternoon hours; alert hospitals for a possible heat-illness surge.,True,True,True,True,provisional-impact-risk-v2,Relative heat-health impact ranking; not a predicted death count,WorldPop exposure included; demographic and health-outcome calibration pending
129,DABRI,2026-08-31,34.5,26.9,30.55,67.5,82,1.64,828.0,40.26,31.02,27.71,43.14,73.9,12,1,26.9,2026-08-31T13:00,32227,22648.82,25.01,True,4,100.0,62.82,High,ORANGE,#E67E22,Activate the local heat action plan; open cooling centres; shift strenuous outdoor work away from afternoon hours; alert hospitals for a possible heat-illness surge.,True,True,True,True,provisional-impact-risk-v2,Relative heat-health impact ranking; not a predicted death count,WorldPop exposure included; demographic and health-outcome calibration pending
129,DABRI,2026-09-01,34.4,26.9,30.13,70.04,90,1.4,807.0,39.65,30.66,27.58,42.6,71.26,8,0,26.9,2026-09-01T13:00,32227,22648.82,25.01,True,5,100.0,60.57,High,ORANGE,#E67E22,Activate the local heat action plan; open cooling centres; shift strenuous outdoor work away from afternoon hours; alert hospitals for a possible heat-illness surge.,True,True,True,True,provisional-impact-risk-v2,Relative heat-health impact ranking; not a predicted death count,WorldPop exposure included; demographic and health-outcome calibration pending
13,DHIR PUR,2026-08-28,34.4,27.3,30.79,72.83,91,1.92,767.0,40.05,30.37,28.43,41.63,68.98,13,0,27.3,2026-08-28T13:00,148704,21406.42,54.75,True,1,33.33,58.14,High,ORANGE,#E67E22,Activate the local heat action plan; open cooling centres; shift strenuous outdoor work away from afternoon hours; alert hospitals for a possible heat-illness surge.,True,True,True,True,provisional-impact-risk-v2,Relative heat-health impact ranking; not a predicted death count,WorldPop exposure included; demographic and health-outcome calibration pending
13,DHIR PUR,2026-08-29,34.7,26.8,30.92,68.12,79,2.03,846.0,41.14,31.17,28.12,43.44,75.22,14,1,26.8,2026-08-29T13:00,148704,21406.42,54.75,True,2,66.67,65.91,High,ORANGE,#E67E22,Activate the local heat action plan; open cooling centres; shift strenuous outdoor work away from afternoon hours; alert hospitals for a possible heat-illness surge.,True,True,True,True,provisional-impact-risk-v2,Relative heat-health impact ranking; not a predicted death count,WorldPop exposure included; demographic and health-outcome calibration pending
13,DHIR PUR,2026-08-30,35.2,27.4,31.52,64.38,76,1.74,795.0,41.73,31.29,28.25,42.99,75.39,15,2,27.4,2026-08-30T14:00,148704,21406.42,54.75,True,3,100.0,68.57,High,ORANGE,#E67E22,Activate the local heat action plan; open cooling centres; shift strenuous outdoor work away from afternoon hours; alert hospitals for a possible heat-illness surge.,True,True,True,True,provisional-impact-risk-v2,Relative heat-health impact ranking; not a predicted death count,WorldPop exposure included; demographic and health-outcome calibration pending
13,DHIR PUR,2026-08-31,35.3,27.5,31.55,61.67,75,1.63,809.0,40.99,31.07,27.96,43.32,74.39,11,2,27.5,2026-08-31T14:00,148704,21406.42,54.75,True,4,100.0,67.65,High,ORANGE,#E67E22,Activate the local heat action plan; open cooling centres; shift strenuous outdoor work away from afternoon hours; alert hospitals for a possible heat-illness surge.,True,True,True,True,provisional-impact-risk-v2,Relative heat-health impact ranking; not a predicted death count,WorldPop exposure included; demographic and health-outcome calibration pending
13,DHIR PUR,2026-09-01,34.0,28.2,30.43,70.71,87,1.24,787.0,40.31,30.81,27.95,42.4,72.07,8,0,28.2,2026-09-01T13:00,148704,21406.42,54.75,True,5,100.0,65.55,High,ORANGE,#E67E22,Activate the local heat action plan; open cooling centres; shift strenuous outdoor work away from afternoon hours; alert hospitals for a possible heat-illness surge.,True,True,True,True,provisional-impact-risk-v2,Relative heat-health impact ranking; not a predicted death count,WorldPop exposure included; demographic and health-outcome calibration pending
130,MANGLAPURI,2026-08-28,34.2,26.0,30.49,72.0,96,2.22,791.0,39.81,30.56,28.08,42.18,70.56,10,0,26.0,2026-08-28T13:00,55684,22739.3,31.39,True,1,33.33,56.17,High,ORANGE,#E67E22,Activate the local heat action plan; open cooling centres; shift strenuous outdoor work away from afternoon hours; alert hospitals for a possible heat-illness surge.,True,True,True,True,provisional-impact-risk-v2,Relative heat-health impact ranking; not a predicted death count,WorldPop exposure included; demographic and health-outcome calibration pending
130,MANGLAPURI,2026-08-29,34.2,26.5,30.29,71.12,81,1.98,846.0,41.07,31.11,27.86,43.11,74.53,11,1,26.5,2026-08-29T13:00,55684,22739.3,31.39,True,2,66.67,61.82,High,ORANGE,#E67E22,Activate the local heat action plan; open cooling centres; shift strenuous outdoor work away from afternoon hours; alert hospitals for a possible heat-illness surge.,True,True,True,True,provisional-impact-risk-v2,Relative heat-health impact ranking; not a predicted death count,WorldPop exposure included; demographic and health-outcome calibration pending
130,MANGLAPURI,2026-08-30,34.5,26.9,30.6,69.33,79,1.87,815.0,41.44,31.17,27.97,42.92,74.51,12,2,26.9,2026-08-30T14:00,55684,22739.3,31.39,True,3,100.0,64.29,High,ORANGE,#E67E22,Activate the local heat action plan; open cooling centres; shift strenuous outdoor work away from afternoon hours; alert hospitals for a possible heat-illness surge.,True,True,True,True,provisional-impact-risk-v2,Relative heat-health impact ranking; not a predicted death count,WorldPop exposure included; demographic and health-outcome calibration pending
130,MANGLAPURI,2026-08-31,34.5,26.9,30.55,67.5,82,1.64,828.0,40.26,31.02,27.71,43.14,73.9,12,1,26.9,2026-08-31T13:00,55684,22739.3,31.39,True,4,100.0,63.76,High,ORANGE,#E67E22,Activate the local heat action plan; open cooling centres; shift strenuous outdoor work away from afternoon hours; alert hospitals for a possible heat-illness surge.,True,True,True,True,provisional-impact-risk-v2,Relative heat-health impact ranking; not a predicted death count,WorldPop exposure included; demographic and health-outcome calibration pending
130,MANGLAPURI,2026-09-01,34.4,26.9,30.13,70.04,90,1.4,807.0,39.65,30.66,27.58,42.6,71.26,8,0,26.9,2026-09-01T13:00,55684,22739.3,31.39,True,5,100.0,61.48,High,ORANGE,#E67E22,Activate the local heat action plan; open cooling centres; shift strenuous outdoor work away from afternoon hours; alert hospitals for a possible heat-illness surge.,True,True,True,True,provisional-impact-risk-v2,Relative heat-health impact ranking; not a predicted death count,WorldPop exposure included; demographic and health-outcome calibration pending
131,SAGARPUR,2026-08-28,34.2,26.0,30.49,72.0,96,2.22,791.0,39.81,30.56,28.08,42.18,70.56,10,0,26.0,2026-08-28T13:00,11608,17749.24,14.33,True,1,33.33,53.76,High,ORANGE,#E67E22,Activate the local heat action plan; open cooling centres; shift strenuous outdoor work away from afternoon hours; alert hospitals for a possible heat-illness surge.,True,True,True,True,provisional-impact-risk-v2,Relative heat-health impact ranking; not a predicted death count,WorldPop exposure included; demographic and health-outcome calibration pending
131,SAGARPUR,2026-08-29,34.2,26.5,30.29,71.12,81,1.98,846.0,41.07,31.11,27.86,43.11,74.53,11,1,26.5,2026-08-29T13:00,11608,17749.24,14.33,True,2,66.67,59.28,High,ORANGE,#E67E22,Activate the local heat action plan; open cooling centres; shift strenuous outdoor work away from afternoon hours; alert hospitals for a possible heat-illness surge.,True,True,True,True,provisional-impact-risk-v2,Relative heat-health impact ranking; not a predicted death count,WorldPop exposure included; demographic and health-outcome calibration pending
131,SAGARPUR,2026-08-30,34.5,26.9,30.6,69.33,79,1.87,815.0,41.44,31.17,27.97,42.92,74.51,12,2,26.9,2026-08-30T14:00,11608,17749.24,14.33,True,3,100.0,61.74,High,ORANGE,#E67E22,Activate the local heat action plan; open cooling centres; shift strenuous outdoor work away from afternoon hours; alert hospitals for a possible heat-illness surge.,True,True,True,True,provisional-impact-risk-v2,Relative heat-health impact ranking; not a predicted death count,WorldPop exposure included; demographic and health-outcome calibration pending
131,SAGARPUR,2026-08-31,34.5,26.9,30.55,67.5,82,1.64,828.0,40.26,31.02,27.71,43.14,73.9,12,1,26.9,2026-08-31T13:00,11608,17749.24,14.33,True,4,100.0,61.24,High,ORANGE,#E67E22,Activate the local heat action plan; open cooling centres; shift strenuous outdoor work away from afternoon hours; alert hospitals for a possible heat-illness surge.,True,True,True,True,provisional-impact-risk-v2,Relative heat-health impact ranking; not a predicted death count,WorldPop exposure included; demographic and health-outcome calibration pending
131,SAGARPUR,2026-09-01,34.4,26.9,30.13,70.04,90,1.4,807.0,39.65,30.66,27.58,42.6,71.26,8,0,26.9,2026-09-01T13:00,11608,17749.24,14.33,True,5,100.0,59.05,High,ORANGE,#E67E22,Activate the local heat action plan; open cooling centres; shift strenuous outdoor work away from afternoon hours; alert hospitals for a possible heat-illness surge.,True,True,True,True,provisional-impact-risk-v2,Relative heat-health impact ranking; not a predicted death count,WorldPop exposure included; demographic and health-outcome calibration pending
132,SAGARPUR WEST,2026-08-28,34.2,26.0,30.49,72.0,96,2.22,791.0,39.81,30.56,28.08,42.18,70.56,10,0,26.0,2026-08-28T13:00,13506,21438.1,18.61,True,1,33.33,54.37,High,ORANGE,#E67E22,Activate the local heat action plan; open cooling centres; shift strenuous outdoor work away from afternoon hours; alert hospitals for a possible heat-illness surge.,True,True,True,True,provisional-impact-risk-v2,Relative heat-health impact ranking; not a predicted death count,WorldPop exposure included; demographic and health-outcome calibration pending
132,SAGARPUR WEST,2026-08-29,34.2,26.5,30.29,71.12,81,1.98,846.0,41.07,31.11,27.86,43.11,74.53,11,1,26.5,2026-08-29T13:00,13506,21438.1,18.61,True,2,66.67,59.91,High,ORANGE,#E67E22,Activate the local heat action plan; open cooling centres; shift strenuous outdoor work away from afternoon hours; alert hospitals for a possible heat-illness surge.,True,True,True,True,provisional-impact-risk-v2,Relative heat-health impact ranking; not a predicted death count,WorldPop exposure included; demographic and health-outcome calibration pending
132,SAGARPUR WEST,2026-08-30,34.5,26.9,30.6,69.33,79,1.87,815.0,41.44,31.17,27.97,42.92,74.51,12,2,26.9,2026-08-30T14:00,13506,21438.1,18.61,True,3,100.0,62.38,High,ORANGE,#E67E22,Activate the local heat action plan; open cooling centres; shift strenuous outdoor work away from afternoon hours; alert hospitals for a possible heat-illness surge.,True,True,True,True,provisional-impact-risk-v2,Relative heat-health impact ranking; not a predicted death count,WorldPop exposure included; demographic and health-outcome calibration pending
132,SAGARPUR WEST,2026-08-31,34.5,26.9,30.55,67.5,82,1.64,828.0,40.26,31.02,27.71,43.14,73.9,12,1,26.9,2026-08-31T13:00,13506,21438.1,18.61,True,4,100.0,61.87,High,ORANGE,#E67E22,Activate the local heat action plan; open cooling centres; shift strenuous outdoor work away from afternoon hours; alert hospitals for a possible heat-illness surge.,True,True,True,True,provisional-impact-risk-v2,Relative heat-health impact ranking; not a predicted death count,WorldPop exposure included; demographic and health-outcome calibration pending
132,SAGARPUR WEST,2026-09-01,34.4,26.9,30.13,70.04,90,1.4,807.0,39.65,30.66,27.58,42.6,71.26,8,0,26.9,2026-09-01T13:00,13506,21438.1,18.61,True,5,100.0,59.66,High,ORANGE,#E67E22,Activate the local heat action plan; open cooling centres; shift strenuous outdoor work away from afternoon hours; alert hospitals for a possible heat-illness surge.,True,True,True,True,provisional-impact-risk-v2,Relative heat-health impact ranking; not a predicted death count,WorldPop exposure included; demographic and health-outcome calibration pending
133,CHHAWLA,2026-08-28,34.4,27.0,30.76,70.67,92,2.42,803.0,40.48,30.78,28.18,42.55,72.26,10,0,27.0,2026-08-28T13:00,205529,2637.59,40.0,True,1,33.33,58.77,High,ORANGE,#E67E22,Activate the local heat action plan; open cooling centres; shift strenuous outdoor work away from afternoon hours; alert hospitals for a possible heat-illness surge.,True,True,True,True,provisional-impact-risk-v2,Relative heat-health impact ranking; not a predicted death count,WorldPop exposure included; demographic and health-outcome calibration pending
133,CHHAWLA,2026-08-29,34.3,26.7,30.32,70.67,79,2.02,850.0,41.33,31.24,27.84,43.24,75.35,11,2,26.7,2026-08-29T13:00,205529,2637.59,40.0,True,2,66.67,63.8,High,ORANGE,#E67E22,Activate the local heat action plan; open cooling centres; shift strenuous outdoor work away from afternoon hours; alert hospitals for a possible heat-illness surge.,True,True,True,True,provisional-impact-risk-v2,Relative heat-health impact ranking; not a predicted death count,WorldPop exposure included; demographic and health-outcome calibration pending
133,CHHAWLA,2026-08-30,34.5,27.0,30.52,70.21,80,1.81,828.0,42.15,31.46,28.01,43.35,76.46,12,3,27.0,2026-08-30T13:00,205529,2637.59,40.0,True,3,100.0,67.29,High,ORANGE,#E67E22,Activate the local heat action plan; open cooling centres; shift strenuous outdoor work away from afternoon hours; alert hospitals for a possible heat-illness surge.,True,True,True,True,provisional-impact-risk-v2,Relative heat-health impact ranking; not a predicted death count,WorldPop exposure included; demographic and health-outcome calibration pending
133,CHHAWLA,2026-08-31,34.0,27.0,30.26,69.92,86,1.61,829.0,40.54,31.08,27.71,42.92,73.98,10,1,27.0,2026-08-31T13:00,205529,2637.59,40.0,True,4,100.0,65.1,High,ORANGE,#E67E22,Activate the local heat action plan; open cooling centres; shift strenuous outdoor work away from afternoon hours; alert hospitals for a possible heat-illness surge.,True,True,True,True,provisional-impact-risk-v2,Relative heat-health impact ranking; not a predicted death count,WorldPop exposure included; demographic and health-outcome calibration pending
133,CHHAWLA,2026-09-01,33.7,26.5,29.76,72.21,90,1.24,817.0,39.45,30.51,27.5,42.11,69.84,8,0,26.5,2026-09-01T13:00,205529,2637.59,40.0,True,5,100.0,61.46,High,ORANGE,#E67E22,Activate the local heat action plan; open cooling centres; shift strenuous outdoor work away from afternoon hours; alert hospitals for a possible heat-illness surge.,True,True,True,True,provisional-impact-risk-v2,Relative heat-health impact ranking; not a predicted death count,WorldPop exposure included; demographic and health-outcome calibration pending
134,NANGLI SAKRAVATI,2026-08-28,34.4,27.0,30.76,70.67,92,2.42,803.0,40.48,30.78,28.18,42.55,72.26,10,0,27.0,2026-08-28T13:00,153186,6943.5,39.33,True,1,33.33,58.67,High,ORANGE,#E67E22,Activate the local heat action plan; open cooling centres; shift strenuous outdoor work away from afternoon hours; alert hospitals for a possible heat-illness surge.,True,True,True,True,provisional-impact-risk-v2,Relative heat-health impact ranking; not a predicted death count,WorldPop exposure included; demographic and health-outcome calibration pending
134,NANGLI SAKRAVATI,2026-08-29,34.3,26.7,30.32,70.67,79,2.02,850.0,41.33,31.24,27.84,43.24,75.35,11,2,26.7,2026-08-29T13:00,153186,6943.5,39.33,True,2,66.67,63.7,High,ORANGE,#E67E22,Activate the local heat action plan; open cooling centres; shift strenuous outdoor work away from afternoon hours; alert hospitals for a possible heat-illness surge.,True,True,True,True,provisional-impact-risk-v2,Relative heat-health impact ranking; not a predicted death count,WorldPop exposure included; demographic and health-outcome calibration pending
134,NANGLI SAKRAVATI,2026-08-30,34.5,27.0,30.52,70.21,80,1.81,828.0,42.15,31.46,28.01,43.35,76.46,12,3,27.0,2026-08-30T13:00,153186,6943.5,39.33,True,3,100.0,67.18,High,ORANGE,#E67E22,Activate the local heat action plan; open cooling centres; shift strenuous outdoor work away from afternoon hours; alert hospitals for a possible heat-illness surge.,True,True,True,True,provisional-impact-risk-v2,Relative heat-health impact ranking; not a predicted death count,WorldPop exposure included; demographic and health-outcome calibration pending
134,NANGLI SAKRAVATI,2026-08-31,34.0,27.0,30.26,69.92,86,1.61,829.0,40.54,31.08,27.71,42.92,73.98,10,1,27.0,2026-08-31T13:00,153186,6943.5,39.33,True,4,100.0,65.0,High,ORANGE,#E67E22,Activate the local heat action plan; open cooling centres; shift strenuous outdoor work away from afternoon hours; alert hospitals for a possible heat-illness surge.,True,True,True,True,provisional-impact-risk-v2,Relative heat-health impact ranking; not a predicted death count,WorldPop exposure included; demographic and health-outcome calibration pending
134,NANGLI SAKRAVATI,2026-09-01,33.7,26.5,29.76,72.21,90,1.24,817.0,39.45,30.51,27.5,42.11,69.84,8,0,26.5,2026-09-01T13:00,153186,6943.5,39.33,True,5,100.0,61.36,High,ORANGE,#E67E22,Activate the local heat action plan; open cooling centres; shift strenuous outdoor work away from afternoon hours; alert hospitals for a possible heat-illness surge.,True,True,True,True,provisional-impact-risk-v2,Relative heat-health impact ranking; not a predicted death count,WorldPop exposure included; demographic and health-outcome calibration pending
135,KAKRAULA,2026-08-28,34.4,27.0,30.76,70.67,92,2.42,803.0,40.48,30.78,28.18,42.55,72.26,10,0,27.0,2026-08-28T13:00,135553,13849.32,42.55,True,1,33.33,59.14,High,ORANGE,#E67E22,Activate the local heat action plan; open cooling centres; shift strenuous outdoor work away from afternoon hours; alert hospitals for a possible heat-illness surge.,True,True,True,True,provisional-impact-risk-v2,Relative heat-health impact ranking; not a predicted death count,WorldPop exposure included; demographic and health-outcome calibration pending
135,KAKRAULA,2026-08-29,34.3,26.7,30.32,70.67,79,2.02,850.0,41.33,31.24,27.84,43.24,75.35,11,2,26.7,2026-08-29T13:00,135553,13849.32,42.55,True,2,66.67,64.18,High,ORANGE,#E67E22,Activate the local heat action plan; open cooling centres; shift strenuous outdoor work away from afternoon hours; alert hospitals for a possible heat-illness surge.,True,True,True,True,provisional-impact-risk-v2,Relative heat-health impact ranking; not a predicted death count,WorldPop exposure included; demographic and health-outcome calibration pending
135,KAKRAULA,2026-08-30,34.5,27.0,30.52,70.21,80,1.81,828.0,42.15,31.46,28.01,43.35,76.46,12,3,27.0,2026-08-30T13:00,135553,13849.32,42.55,True,3,100.0,67.68,High,ORANGE,#E67E22,Activate the local heat action plan; open cooling centres; shift strenuous outdoor work away from afternoon hours; alert hospitals for a possible heat-illness surge.,True,True,True,True,provisional-impact-risk-v2,Relative heat-health impact ranking; not a predicted death count,WorldPop exposure included; demographic and health-outcome calibration pending
135,KAKRAULA,2026-08-31,34.0,27.0,30.26,69.92,86,1.61,829.0,40.54,31.08,27.71,42.92,73.98,10,1,27.0,2026-08-31T13:00,135553,13849.32,42.55,True,4,100.0,65.48,High,ORANGE,#E67E22,Activate the local heat action plan; open cooling centres; shift strenuous outdoor work away from afternoon hours; alert hospitals for a possible heat-illness surge.,True,True,True,True,provisional-impact-risk-v2,Relative heat-health impact ranking; not a predicted death count,WorldPop exposure included; demographic and health-outcome calibration pending
135,KAKRAULA,2026-09-01,33.7,26.5,29.76,72.21,90,1.24,817.0,39.45,30.51,27.5,42.11,69.84,8,0,26.5,2026-09-01T13:00,135553,13849.32,42.55,True,5,100.0,61.81,High,ORANGE,#E67E22,Activate the local heat action plan; open cooling centres; shift strenuous outdoor work away from afternoon hours; alert hospitals for a possible heat-illness surge.,True,True,True,True,provisional-impact-risk-v2,Relative heat-health impact ranking; not a predicted death count,WorldPop exposure included; demographic and health-outcome calibration pending
136,MATIALA,2026-08-28,34.2,26.0,30.49,72.0,96,2.22,791.0,39.81,30.56,28.08,42.18,70.56,10,0,26.0,2026-08-28T13:00,164377,13503.52,49.46,True,1,33.33,58.72,High,ORANGE,#E67E22,Activate the local heat action plan; open cooling centres; shift strenuous outdoor work away from afternoon hours; alert hospitals for a possible heat-illness surge.,True,True,True,True,provisional-impact-risk-v2,Relative heat-health impact ranking; not a predicted death count,WorldPop exposure included; demographic and health-outcome calibration pending
136,MATIALA,2026-08-29,34.2,26.5,30.29,71.12,81,1.98,846.0,41.07,31.11,27.86,43.11,74.53,11,1,26.5,2026-08-29T13:00,164377,13503.52,49.46,True,2,66.67,64.51,High,ORANGE,#E67E22,Activate the local heat action plan; open cooling centres; shift strenuous outdoor work away from afternoon hours; alert hospitals for a possible heat-illness surge.,True,True,True,True,provisional-impact-risk-v2,Relative heat-health impact ranking; not a predicted death count,WorldPop exposure included; demographic and health-outcome calibration pending
136,MATIALA,2026-08-30,34.5,26.9,30.6,69.33,79,1.87,815.0,41.44,31.17,27.97,42.92,74.51,12,2,26.9,2026-08-30T14:00,164377,13503.52,49.46,True,3,100.0,66.98,High,ORANGE,#E67E22,Activate the local heat action plan; open cooling centres; shift strenuous outdoor work away from afternoon hours; alert hospitals for a possible heat-illness surge.,True,True,True,True,provisional-impact-risk-v2,Relative heat-health impact ranking; not a predicted death count,WorldPop exposure included; demographic and health-outcome calibration pending
136,MATIALA,2026-08-31,34.5,26.9,30.55,67.5,82,1.64,828.0,40.26,31.02,27.71,43.14,73.9,12,1,26.9,2026-08-31T13:00,164377,13503.52,49.46,True,4,100.0,66.43,High,ORANGE,#E67E22,Activate the local heat action plan; open cooling centres; shift strenuous outdoor work away from afternoon hours; alert hospitals for a possible heat-illness surge.,True,True,True,True,provisional-impact-risk-v2,Relative heat-health impact ranking; not a predicted death count,WorldPop exposure included; demographic and health-outcome calibration pending
136,MATIALA,2026-09-01,34.4,26.9,30.13,70.04,90,1.4,807.0,39.65,30.66,27.58,42.6,71.26,8,0,26.9,2026-09-01T13:00,164377,13503.52,49.46,True,5,100.0,64.06,High,ORANGE,#E67E22,Activate the local heat action plan; open cooling centres; shift strenuous outdoor work away from afternoon hours; alert hospitals for a possible heat-illness surge.,True,True,True,True,provisional-impact-risk-v2,Relative heat-health impact ranking; not a predicted death count,WorldPop exposure included; demographic and health-outcome calibration pending
137,ROSHANPURA,2026-08-28,34.4,27.0,30.76,70.67,92,2.42,803.0,40.48,30.78,28.18,42.55,72.26,10,0,27.0,2026-08-28T13:00,187037,17499.72,54.05,True,1,33.33,60.8,High,ORANGE,#E67E22,Activate the local heat action plan; open cooling centres; shift strenuous outdoor work away from afternoon hours; alert hospitals for a possible heat-illness surge.,True,True,True,True,provisional-impact-risk-v2,Relative heat-health impact ranking; not a predicted death count,WorldPop exposure included; demographic and health-outcome calibration pending
137,ROSHANPURA,2026-08-29,34.3,26.7,30.32,70.67,79,2.02,850.0,41.33,31.24,27.84,43.24,75.35,11,2,26.7,2026-08-29T13:00,187037,17499.72,54.05,True,2,66.67,65.91,High,ORANGE,#E67E22,Activate the local heat action plan; open cooling centres; shift strenuous outdoor work away from afternoon hours; alert hospitals for a possible heat-illness surge.,True,True,True,True,provisional-impact-risk-v2,Relative heat-health impact ranking; not a predicted death count,WorldPop exposure included; demographic and health-outcome calibration pending
137,ROSHANPURA,2026-08-30,34.5,27.0,30.52,70.21,80,1.81,828.0,42.15,31.46,28.01,43.35,76.46,12,3,27.0,2026-08-30T13:00,187037,17499.72,54.05,True,3,100.0,69.43,High,ORANGE,#E67E22,Activate the local heat action plan; open cooling centres; shift strenuous outdoor work away from afternoon hours; alert hospitals for a possible heat-illness surge.,True,True,True,True,provisional-impact-risk-v2,Relative heat-health impact ranking; not a predicted death count,WorldPop exposure included; demographic and health-outcome calibration pending
137,ROSHANPURA,2026-08-31,34.0,27.0,30.26,69.92,86,1.61,829.0,40.54,31.08,27.71,42.92,73.98,10,1,27.0,2026-08-31T13:00,187037,17499.72,54.05,True,4,100.0,67.18,High,ORANGE,#E67E22,Activate the local heat action plan; open cooling centres; shift strenuous outdoor work away from afternoon hours; alert hospitals for a possible heat-illness surge.,True,True,True,True,provisional-impact-risk-v2,Relative heat-health impact ranking; not a predicted death count,WorldPop exposure included; demographic and health-outcome calibration pending
137,ROSHANPURA,2026-09-01,33.7,26.5,29.76,72.21,90,1.24,817.0,39.45,30.51,27.5,42.11,69.84,8,0,26.5,2026-09-01T13:00,187037,17499.72,54.05,True,5,100.0,63.42,High,ORANGE,#E67E22,Activate the local heat action plan; open cooling centres; shift strenuous outdoor work away from afternoon hours; alert hospitals for a possible heat-illness surge.,True,True,True,True,provisional-impact-risk-v2,Relative heat-health impact ranking; not a predicted death count,WorldPop exposure included; demographic and health-outcome calibration pending
138,NAJAFGARH,2026-08-28,34.4,28.1,30.87,70.29,88,2.48,811.0,41.22,30.67,28.26,42.56,71.62,11,0,28.1,2026-08-28T13:00,45639,22859.5,28.84,True,1,33.33,56.65,High,ORANGE,#E67E22,Activate the local heat action plan; open cooling centres; shift strenuous outdoor work away from afternoon hours; alert hospitals for a possible heat-illness surge.,True,True,True,True,provisional-impact-risk-v2,Relative heat-health impact ranking; not a predicted death count,WorldPop exposure included; demographic and health-outcome calibration pending
138,NAJAFGARH,2026-08-29,34.2,26.7,30.4,70.46,79,2.17,850.0,41.69,31.31,27.89,43.32,75.81,12,3,26.7,2026-08-29T13:00,45639,22859.5,28.84,True,2,66.67,62.49,High,ORANGE,#E67E22,Activate the local heat action plan; open cooling centres; shift strenuous outdoor work away from afternoon hours; alert hospitals for a possible heat-illness surge.,True,True,True,True,provisional-impact-risk-v2,Relative heat-health impact ranking; not a predicted death count,WorldPop exposure included; demographic and health-outcome calibration pending
138,NAJAFGARH,2026-08-30,34.5,27.1,30.62,69.58,79,1.99,819.0,42.01,31.55,28.03,43.46,77.04,12,3,27.1,2026-08-30T13:00,45639,22859.5,28.84,True,3,100.0,66.07,High,ORANGE,#E67E22,Activate the local heat action plan; open cooling centres; shift strenuous outdoor work away from afternoon hours; alert hospitals for a possible heat-illness surge.,True,True,True,True,provisional-impact-risk-v2,Relative heat-health impact ranking; not a predicted death count,WorldPop exposure included; demographic and health-outcome calibration pending
138,NAJAFGARH,2026-08-31,33.9,26.8,30.34,69.33,84,1.64,825.0,40.44,31.08,27.72,42.89,73.94,10,1,26.8,2026-08-31T13:00,45639,22859.5,28.84,True,4,100.0,63.42,High,ORANGE,#E67E22,Activate the local heat action plan; open cooling centres; shift strenuous outdoor work away from afternoon hours; alert hospitals for a possible heat-illness surge.,True,True,True,True,provisional-impact-risk-v2,Relative heat-health impact ranking; not a predicted death count,WorldPop exposure included; demographic and health-outcome calibration pending
138,NAJAFGARH,2026-09-01,33.5,26.3,29.63,72.42,88,1.4,807.0,39.41,30.51,27.4,42.0,69.75,8,0,26.3,2026-09-01T13:00,45639,22859.5,28.84,True,5,100.0,59.83,High,ORANGE,#E67E22,Activate the local heat action plan; open cooling centres; shift strenuous outdoor work away from afternoon hours; alert hospitals for a possible heat-illness surge.,True,True,True,True,provisional-impact-risk-v2,Relative heat-health impact ranking; not a predicted death count,WorldPop exposure included; demographic and health-outcome calibration pending
139,DICHAON KALAN,2026-08-28,34.4,28.1,30.87,70.29,88,2.48,811.0,41.22,30.67,28.26,42.56,71.62,11,0,28.1,2026-08-28T13:00,193542,6277.74,41.16,True,1,33.33,58.42,High,ORANGE,#E67E22,Activate the local heat action plan; open cooling centres; shift strenuous outdoor work away from afternoon hours; alert hospitals for a possible heat-illness surge.,True,True,True,True,provisional-impact-risk-v2,Relative heat-health impact ranking; not a predicted death count,WorldPop exposure included; demographic and health-outcome calibration pending
139,DICHAON KALAN,2026-08-29,34.2,26.7,30.4,70.46,79,2.17,850.0,41.69,31.31,27.89,43.32,75.81,12,3,26.7,2026-08-29T13:00,193542,6277.74,41.16,True,2,66.67,64.36,High,ORANGE,#E67E22,Activate the local heat action plan; open cooling centres; shift strenuous outdoor work away from afternoon hours; alert hospitals for a possible heat-illness surge.,True,True,True,True,provisional-impact-risk-v2,Relative heat-health impact ranking; not a predicted death count,WorldPop exposure included; demographic and health-outcome calibration pending
139,DICHAON KALAN,2026-08-30,34.5,27.1,30.62,69.58,79,1.99,819.0,42.01,31.55,28.03,43.46,77.04,12,3,27.1,2026-08-30T13:00,193542,6277.74,41.16,True,3,100.0,67.97,High,ORANGE,#E67E22,Activate the local heat action plan; open cooling centres; shift strenuous outdoor work away from afternoon hours; alert hospitals for a possible heat-illness surge.,True,True,True,True,provisional-impact-risk-v2,Relative heat-health impact ranking; not a predicted death count,WorldPop exposure included; demographic and health-outcome calibration pending
139,DICHAON KALAN,2026-08-31,33.9,26.8,30.34,69.33,84,1.64,825.0,40.44,31.08,27.72,42.89,73.94,10,1,26.8,2026-08-31T13:00,193542,6277.74,41.16,True,4,100.0,65.24,High,ORANGE,#E67E22,Activate the local heat action plan; open cooling centres; shift strenuous outdoor work away from afternoon hours; alert hospitals for a possible heat-illness surge.,True,True,True,True,provisional-impact-risk-v2,Relative heat-health impact ranking; not a predicted death count,WorldPop exposure included; demographic and health-outcome calibration pending
139,DICHAON KALAN,2026-09-01,33.5,26.3,29.63,72.42,88,1.4,807.0,39.41,30.51,27.4,42.0,69.75,8,0,26.3,2026-09-01T13:00,193542,6277.74,41.16,True,5,100.0,61.54,High,ORANGE,#E67E22,Activate the local heat action plan; open cooling centres; shift strenuous outdoor work away from afternoon hours; alert hospitals for a possible heat-illness surge.,True,True,True,True,provisional-impact-risk-v2,Relative heat-health impact ranking; not a predicted death count,WorldPop exposure included; demographic and health-outcome calibration pending
14,ADARASH  NAGAR,2026-08-28,34.4,27.3,30.79,72.83,91,1.92,767.0,40.05,30.37,28.43,41.63,68.98,13,0,27.3,2026-08-28T13:00,47602,35473.58,43.86,True,1,33.33,56.64,High,ORANGE,#E67E22,Activate the local heat action plan; open cooling centres; shift strenuous outdoor work away from afternoon hours; alert hospitals for a possible heat-illness surge.,True,True,True,True,provisional-impact-risk-v2,Relative heat-health impact ranking; not a predicted death count,WorldPop exposure included; demographic and health-outcome calibration pending
14,ADARASH  NAGAR,2026-08-29,34.7,26.8,30.92,68.12,79,2.03,846.0,41.14,31.17,28.12,43.44,75.22,14,1,26.8,2026-08-29T13:00,47602,35473.58,43.86,True,2,66.67,64.27,High,ORANGE,#E67E22,Activate the local heat action plan; open cooling centres; shift strenuous outdoor work away from afternoon hours; alert hospitals for a possible heat-illness surge.,True,True,True,True,provisional-impact-risk-v2,Relative heat-health impact ranking; not a predicted death count,WorldPop exposure included; demographic and health-outcome calibration pending
14,ADARASH  NAGAR,2026-08-30,35.2,27.4,31.52,64.38,76,1.74,795.0,41.73,31.29,28.25,42.99,75.39,15,2,27.4,2026-08-30T14:00,47602,35473.58,43.86,True,3,100.0,66.92,High,ORANGE,#E67E22,Activate the local heat action plan; open cooling centres; shift strenuous outdoor work away from afternoon hours; alert hospitals for a possible heat-illness surge.,True,True,True,True,provisional-impact-risk-v2,Relative heat-health impact ranking; not a predicted death count,WorldPop exposure included; demographic and health-outcome calibration pending
14,ADARASH  NAGAR,2026-08-31,35.3,27.5,31.55,61.67,75,1.63,809.0,40.99,31.07,27.96,43.32,74.39,11,2,27.5,2026-08-31T14:00,47602,35473.58,43.86,True,4,100.0,66.03,High,ORANGE,#E67E22,Activate the local heat action plan; open cooling centres; shift strenuous outdoor work away from afternoon hours; alert hospitals for a possible heat-illness surge.,True,True,True,True,provisional-impact-risk-v2,Relative heat-health impact ranking; not a predicted death count,WorldPop exposure included; demographic and health-outcome calibration pending
14,ADARASH  NAGAR,2026-09-01,34.0,28.2,30.43,70.71,87,1.24,787.0,40.31,30.81,27.95,42.4,72.07,8,0,28.2,2026-09-01T13:00,47602,35473.58,43.86,True,5,100.0,63.98,High,ORANGE,#E67E22,Activate the local heat action plan; open cooling centres; shift strenuous outdoor work away from afternoon hours; alert hospitals for a possible heat-illness surge.,True,True,True,True,provisional-impact-risk-v2,Relative heat-health impact ranking; not a predicted death count,WorldPop exposure included; demographic and health-outcome calibration pending
140,KHERA,2026-08-28,34.7,28.9,31.2,67.21,85,2.94,806.0,40.7,30.62,28.21,42.61,71.45,11,0,28.9,2026-08-28T13:00,254249,3299.59,40.0,True,1,33.33,58.11,High,ORANGE,#E67E22,Activate the local heat action plan; open cooling centres; shift strenuous outdoor work away from afternoon hours; alert hospitals for a possible heat-illness surge.,True,True,True,True,provisional-impact-risk-v2,Relative heat-health impact ranking; not a predicted death count,WorldPop exposure included; demographic and health-outcome calibration pending
140,KHERA,2026-08-29,34.5,26.9,30.58,68.17,78,2.41,851.0,41.59,31.37,27.8,43.5,76.31,10,3,26.9,2026-08-29T13:00,254249,3299.59,40.0,True,2,66.67,64.61,High,ORANGE,#E67E22,Activate the local heat action plan; open cooling centres; shift strenuous outdoor work away from afternoon hours; alert hospitals for a possible heat-illness surge.,True,True,True,True,provisional-impact-risk-v2,Relative heat-health impact ranking; not a predicted death count,WorldPop exposure included; demographic and health-outcome calibration pending
140,KHERA,2026-08-30,34.7,27.2,30.81,67.71,75,2.15,836.0,42.38,31.55,28.0,43.54,77.09,12,3,27.2,2026-08-30T13:00,254249,3299.59,40.0,True,3,100.0,67.84,High,ORANGE,#E67E22,Activate the local heat action plan; open cooling centres; shift strenuous outdoor work away from afternoon hours; alert hospitals for a possible heat-illness surge.,True,True,True,True,provisional-impact-risk-v2,Relative heat-health impact ranking; not a predicted death count,WorldPop exposure included; demographic and health-outcome calibration pending
140,KHERA,2026-08-31,34.2,27.1,30.48,67.67,81,2.0,816.0,41.46,31.01,27.65,42.84,73.55,10,1,27.1,2026-08-31T13:00,254249,3299.59,40.0,True,4,100.0,64.72,High,ORANGE,#E67E22,Activate the local heat action plan; open cooling centres; shift strenuous outdoor work away from afternoon hours; alert hospitals for a possible heat-illness surge.,True,True,True,True,provisional-impact-risk-v2,Relative heat-health impact ranking; not a predicted death count,WorldPop exposure included; demographic and health-outcome calibration pending
140,KHERA,2026-09-01,33.6,26.7,29.81,69.33,87,1.42,822.0,39.69,30.5,27.24,42.02,69.57,8,0,26.7,2026-09-01T14:00,254249,3299.59,40.0,True,5,100.0,61.22,High,ORANGE,#E67E22,Activate the local heat action plan; open cooling centres; shift strenuous outdoor work away from afternoon hours; alert hospitals for a possible heat-illness surge.,True,True,True,True,provisional-impact-risk-v2,Relative heat-health impact ranking; not a predicted death count,WorldPop exposure included; demographic and health-outcome calibration pending
141,BIJWASAN,2026-08-28,34.2,26.0,30.49,72.0,96,2.22,791.0,39.81,30.56,28.08,42.18,70.56,10,0,26.0,2026-08-28T13:00,117056,5098.5,27.74,True,1,33.33,55.66,High,ORANGE,#E67E22,Activate the local heat action plan; open cooling centres; shift strenuous outdoor work away from afternoon hours; alert hospitals for a possible heat-illness surge.,True,True,True,True,provisional-impact-risk-v2,Relative heat-health impact ranking; not a predicted death count,WorldPop exposure included; demographic and health-outcome calibration pending
141,BIJWASAN,2026-08-29,34.2,26.5,30.29,71.12,81,1.98,846.0,41.07,31.11,27.86,43.11,74.53,11,1,26.5,2026-08-29T13:00,117056,5098.5,27.74,True,2,66.67,61.27,High,ORANGE,#E67E22,Activate the local heat action plan; open cooling centres; shift strenuous outdoor work away from afternoon hours; alert hospitals for a possible heat-illness surge.,True,True,True,True,provisional-impact-risk-v2,Relative heat-health impact ranking; not a predicted death count,WorldPop exposure included; demographic and health-outcome calibration pending
141,BIJWASAN,2026-08-30,34.5,26.9,30.6,69.33,79,1.87,815.0,41.44,31.17,27.97,42.92,74.51,12,2,26.9,2026-08-30T14:00,117056,5098.5,27.74,True,3,100.0,63.74,High,ORANGE,#E67E22,Activate the local heat action plan; open cooling centres; shift strenuous outdoor work away from afternoon hours; alert hospitals for a possible heat-illness surge.,True,True,True,True,provisional-impact-risk-v2,Relative heat-health impact ranking; not a predicted death count,WorldPop exposure included; demographic and health-outcome calibration pending
141,BIJWASAN,2026-08-31,34.5,26.9,30.55,67.5,82,1.64,828.0,40.26,31.02,27.71,43.14,73.9,12,1,26.9,2026-08-31T13:00,117056,5098.5,27.74,True,4,100.0,63.22,High,ORANGE,#E67E22,Activate the local heat action plan; open cooling centres; shift strenuous outdoor work away from afternoon hours; alert hospitals for a possible heat-illness surge.,True,True,True,True,provisional-impact-risk-v2,Relative heat-health impact ranking; not a predicted death count,WorldPop exposure included; demographic and health-outcome calibration pending
141,BIJWASAN,2026-09-01,34.4,26.9,30.13,70.04,90,1.4,807.0,39.65,30.66,27.58,42.6,71.26,8,0,26.9,2026-09-01T13:00,117056,5098.5,27.74,True,5,100.0,60.96,High,ORANGE,#E67E22,Activate the local heat action plan; open cooling centres; shift strenuous outdoor work away from afternoon hours; alert hospitals for a possible heat-illness surge.,True,True,True,True,provisional-impact-risk-v2,Relative heat-health impact ranking; not a predicted death count,WorldPop exposure included; demographic and health-outcome calibration pending
142,RAJ NAGAR,2026-08-28,34.2,26.0,30.49,72.0,96,2.22,791.0,39.81,30.56,28.08,42.18,70.56,10,0,26.0,2026-08-28T13:00,2083,8890.31,4.16,True,1,33.33,52.33,High,ORANGE,#E67E22,Activate the local heat action plan; open cooling centres; shift strenuous outdoor work away from afternoon hours; alert hospitals for a possible heat-illness surge.,True,True,True,True,provisional-impact-risk-v2,Relative heat-health impact ranking; not a predicted death count,WorldPop exposure included; demographic and health-outcome calibration pending
142,RAJ NAGAR,2026-08-29,34.2,26.5,30.29,71.12,81,1.98,846.0,41.07,31.11,27.86,43.11,74.53,11,1,26.5,2026-08-29T13:00,2083,8890.31,4.16,True,2,66.67,57.76,High,ORANGE,#E67E22,Activate the local heat action plan; open cooling centres; shift strenuous outdoor work away from afternoon hours; alert hospitals for a possible heat-illness surge.,True,True,True,True,provisional-impact-risk-v2,Relative heat-health impact ranking; not a predicted death count,WorldPop exposure included; demographic and health-outcome calibration pending
142,RAJ NAGAR,2026-08-30,34.5,26.9,30.6,69.33,79,1.87,815.0,41.44,31.17,27.97,42.92,74.51,12,2,26.9,2026-08-30T14:00,2083,8890.31,4.16,True,3,100.0,60.23,High,ORANGE,#E67E22,Activate the local heat action plan; open cooling centres; shift strenuous outdoor work away from afternoon hours; alert hospitals for a possible heat-illness surge.,True,True,True,True,provisional-impact-risk-v2,Relative heat-health impact ranking; not a predicted death count,WorldPop exposure included; demographic and health-outcome calibration pending
142,RAJ NAGAR,2026-08-31,34.5,26.9,30.55,67.5,82,1.64,828.0,40.26,31.02,27.71,43.14,73.9,12,1,26.9,2026-08-31T13:00,2083,8890.31,4.16,True,4,100.0,59.74,High,ORANGE,#E67E22,Activate the local heat action plan; open cooling centres; shift strenuous outdoor work away from afternoon hours; alert hospitals for a possible heat-illness surge.,True,True,True,True,provisional-impact-risk-v2,Relative heat-health impact ranking; not a predicted death count,WorldPop exposure included; demographic and health-outcome calibration pending
142,RAJ NAGAR,2026-09-01,34.4,26.9,30.13,70.04,90,1.4,807.0,39.65,30.66,27.58,42.6,71.26,8,0,26.9,2026-09-01T13:00,2083,8890.31,4.16,True,5,100.0,57.6,High,ORANGE,#E67E22,Activate the local heat action plan; open cooling centres; shift strenuous outdoor work away from afternoon hours; alert hospitals for a possible heat-illness surge.,True,True,True,True,provisional-impact-risk-v2,Relative heat-health impact ranking; not a predicted death count,WorldPop exposure included; demographic and health-outcome calibration pending
143,KAPASHERA,2026-08-28,34.2,26.0,30.49,72.0,96,2.22,791.0,39.81,30.56,28.08,42.18,70.56,10,0,26.0,2026-08-28T13:00,119918,5494.95,28.77,True,1,33.33,55.8,High,ORANGE,#E67E22,Activate the local heat action plan; open cooling centres; shift strenuous outdoor work away from afternoon hours; alert hospitals for a possible heat-illness surge.,True,True,True,True,provisional-impact-risk-v2,Relative heat-health impact ranking; not a predicted death count,WorldPop exposure included; demographic and health-outcome calibration pending
143,KAPASHERA,2026-08-29,34.2,26.5,30.29,71.12,81,1.98,846.0,41.07,31.11,27.86,43.11,74.53,11,1,26.5,2026-08-29T13:00,119918,5494.95,28.77,True,2,66.67,61.43,High,ORANGE,#E67E22,Activate the local heat action plan; open cooling centres; shift strenuous outdoor work away from afternoon hours; alert hospitals for a possible heat-illness surge.,True,True,True,True,provisional-impact-risk-v2,Relative heat-health impact ranking; not a predicted death count,WorldPop exposure included; demographic and health-outcome calibration pending
143,KAPASHERA,2026-08-30,34.5,26.9,30.6,69.33,79,1.87,815.0,41.44,31.17,27.97,42.92,74.51,12,2,26.9,2026-08-30T14:00,119918,5494.95,28.77,True,3,100.0,63.9,High,ORANGE,#E67E22,Activate the local heat action plan; open cooling centres; shift strenuous outdoor work away from afternoon hours; alert hospitals for a possible heat-illness surge.,True,True,True,True,provisional-impact-risk-v2,Relative heat-health impact ranking; not a predicted death count,WorldPop exposure included; demographic and health-outcome calibration pending
143,KAPASHERA,2026-08-31,34.5,26.9,30.55,67.5,82,1.64,828.0,40.26,31.02,27.71,43.14,73.9,12,1,26.9,2026-08-31T13:00,119918,5494.95,28.77,True,4,100.0,63.37,High,ORANGE,#E67E22,Activate the local heat action plan; open cooling centres; shift strenuous outdoor work away from afternoon hours; alert hospitals for a possible heat-illness surge.,True,True,True,True,provisional-impact-risk-v2,Relative heat-health impact ranking; not a predicted death count,WorldPop exposure included; demographic and health-outcome calibration pending
143,KAPASHERA,2026-09-01,34.4,26.9,30.13,70.04,90,1.4,807.0,39.65,30.66,27.58,42.6,71.26,8,0,26.9,2026-09-01T13:00,119918,5494.95,28.77,True,5,100.0,61.11,High,ORANGE,#E67E22,Activate the local heat action plan; open cooling centres; shift strenuous outdoor work away from afternoon hours; alert hospitals for a possible heat-illness surge.,True,True,True,True,provisional-impact-risk-v2,Relative heat-health impact ranking; not a predicted death count,WorldPop exposure included; demographic and health-outcome calibration pending
144,MAHIPALPUR,2026-08-28,34.0,25.8,30.19,72.79,97,2.49,792.0,39.33,30.36,27.87,41.85,69.05,10,0,25.8,2026-08-28T13:00,44039,5880.88,8.91,True,1,33.33,51.87,High,ORANGE,#E67E22,Activate the local heat action plan; open cooling centres; shift strenuous outdoor work away from afternoon hours; alert hospitals for a possible heat-illness surge.,True,True,True,True,provisional-impact-risk-v2,Relative heat-health impact ranking; not a predicted death count,WorldPop exposure included; demographic and health-outcome calibration pending
144,MAHIPALPUR,2026-08-29,33.9,26.2,29.89,72.58,82,2.18,843.0,40.7,30.86,27.63,42.68,72.65,9,0,26.2,2026-08-29T13:00,44039,5880.88,8.91,True,2,66.67,57.0,High,ORANGE,#E67E22,Activate the local heat action plan; open cooling centres; shift strenuous outdoor work away from afternoon hours; alert hospitals for a possible heat-illness surge.,True,True,True,True,provisional-impact-risk-v2,Relative heat-health impact ranking; not a predicted death count,WorldPop exposure included; demographic and health-outcome calibration pending
144,MAHIPALPUR,2026-08-30,33.9,26.5,30.06,71.75,81,2.07,827.0,40.94,30.79,27.73,42.43,71.9,11,0,26.5,2026-08-30T12:00,44039,5880.88,8.91,True,3,100.0,58.8,High,ORANGE,#E67E22,Activate the local heat action plan; open cooling centres; shift strenuous outdoor work away from afternoon hours; alert hospitals for a possible heat-illness surge.,True,True,True,True,provisional-impact-risk-v2,Relative heat-health impact ranking; not a predicted death count,WorldPop exposure included; demographic and health-outcome calibration pending
144,MAHIPALPUR,2026-08-31,33.7,26.5,29.88,70.42,85,1.83,836.0,39.57,30.74,27.4,42.55,71.67,9,0,26.5,2026-08-31T13:00,44039,5880.88,8.91,True,4,100.0,58.62,High,ORANGE,#E67E22,Activate the local heat action plan; open cooling centres; shift strenuous outdoor work away from afternoon hours; alert hospitals for a possible heat-illness surge.,True,True,True,True,provisional-impact-risk-v2,Relative heat-health impact ranking; not a predicted death count,WorldPop exposure included; demographic and health-outcome calibration pending
144,MAHIPALPUR,2026-09-01,33.9,26.4,29.45,73.0,93,1.59,811.0,38.85,30.4,27.26,42.08,69.17,7,0,26.4,2026-09-01T13:00,44039,5880.88,8.91,True,5,100.0,56.57,High,ORANGE,#E67E22,Activate the local heat action plan; open cooling centres; shift strenuous outdoor work away from afternoon hours; alert hospitals for a possible heat-illness surge.,True,True,True,True,provisional-impact-risk-v2,Relative heat-health impact ranking; not a predicted death count,WorldPop exposure included; demographic and health-outcome calibration pending
145,PALAM,2026-08-28,34.2,26.0,30.49,72.0,96,2.22,791.0,39.81,30.56,28.08,42.18,70.56,10,0,26.0,2026-08-28T13:00,51749,18367.64,25.32,True,1,33.33,55.32,High,ORANGE,#E67E22,Activate the local heat action plan; open cooling centres; shift strenuous outdoor work away from afternoon hours; alert hospitals for a possible heat-illness surge.,True,True,True,True,provisional-impact-risk-v2,Relative heat-health impact ranking; not a predicted death count,WorldPop exposure included; demographic and health-outcome calibration pending
145,PALAM,2026-08-29,34.2,26.5,30.29,71.12,81,1.98,846.0,41.07,31.11,27.86,43.11,74.53,11,1,26.5,2026-08-29T13:00,51749,18367.64,25.32,True,2,66.67,60.91,High,ORANGE,#E67E22,Activate the local heat action plan; open cooling centres; shift strenuous outdoor work away from afternoon hours; alert hospitals for a possible heat-illness surge.,True,True,True,True,provisional-impact-risk-v2,Relative heat-health impact ranking; not a predicted death count,WorldPop exposure included; demographic and health-outcome calibration pending
145,PALAM,2026-08-30,34.5,26.9,30.6,69.33,79,1.87,815.0,41.44,31.17,27.97,42.92,74.51,12,2,26.9,2026-08-30T14:00,51749,18367.64,25.32,True,3,100.0,63.38,High,ORANGE,#E67E22,Activate the local heat action plan; open cooling centres; shift strenuous outdoor work away from afternoon hours; alert hospitals for a possible heat-illness surge.,True,True,True,True,provisional-impact-risk-v2,Relative heat-health impact ranking; not a predicted death count,WorldPop exposure included; demographic and health-outcome calibration pending
145,PALAM,2026-08-31,34.5,26.9,30.55,67.5,82,1.64,828.0,40.26,31.02,27.71,43.14,73.9,12,1,26.9,2026-08-31T13:00,51749,18367.64,25.32,True,4,100.0,62.86,High,ORANGE,#E67E22,Activate the local heat action plan; open cooling centres; shift strenuous outdoor work away from afternoon hours; alert hospitals for a possible heat-illness surge.,True,True,True,True,provisional-impact-risk-v2,Relative heat-health impact ranking; not a predicted death count,WorldPop exposure included; demographic and health-outcome calibration pending
145,PALAM,2026-09-01,34.4,26.9,30.13,70.04,90,1.4,807.0,39.65,30.66,27.58,42.6,71.26,8,0,26.9,2026-09-01T13:00,51749,18367.64,25.32,True,5,100.0,60.62,High,ORANGE,#E67E22,Activate the local heat action plan; open cooling centres; shift strenuous outdoor work away from afternoon hours; alert hospitals for a possible heat-illness surge.,True,True,True,True,provisional-impact-risk-v2,Relative heat-health impact ranking; not a predicted death count,WorldPop exposure included; demographic and health-outcome calibration pending
146,SADH NAGAR,2026-08-28,34.2,26.0,30.49,72.0,96,2.22,791.0,39.81,30.56,28.08,42.18,70.56,10,0,26.0,2026-08-28T13:00,15160,18839.32,16.07,True,1,33.33,54.01,High,ORANGE,#E67E22,Activate the local heat action plan; open cooling centres; shift strenuous outdoor work away from afternoon hours; alert hospitals for a possible heat-illness surge.,True,True,True,True,provisional-impact-risk-v2,Relative heat-health impact ranking; not a predicted death count,WorldPop exposure included; demographic and health-outcome calibration pending
146,SADH NAGAR,2026-08-29,34.2,26.5,30.29,71.12,81,1.98,846.0,41.07,31.11,27.86,43.11,74.53,11,1,26.5,2026-08-29T13:00,15160,18839.32,16.07,True,2,66.67,59.53,High,ORANGE,#E67E22,Activate the local heat action plan; open cooling centres; shift strenuous outdoor work away from afternoon hours; alert hospitals for a possible heat-illness surge.,True,True,True,True,provisional-impact-risk-v2,Relative heat-health impact ranking; not a predicted death count,WorldPop exposure included; demographic and health-outcome calibration pending
146,SADH NAGAR,2026-08-30,34.5,26.9,30.6,69.33,79,1.87,815.0,41.44,31.17,27.97,42.92,74.51,12,2,26.9,2026-08-30T14:00,15160,18839.32,16.07,True,3,100.0,62.0,High,ORANGE,#E67E22,Activate the local heat action plan; open cooling centres; shift strenuous outdoor work away from afternoon hours; alert hospitals for a possible heat-illness surge.,True,True,True,True,provisional-impact-risk-v2,Relative heat-health impact ranking; not a predicted death count,WorldPop exposure included; demographic and health-outcome calibration pending
146,SADH NAGAR,2026-08-31,34.5,26.9,30.55,67.5,82,1.64,828.0,40.26,31.02,27.71,43.14,73.9,12,1,26.9,2026-08-31T13:00,15160,18839.32,16.07,True,4,100.0,61.5,High,ORANGE,#E67E22,Activate the local heat action plan; open cooling centres; shift strenuous outdoor work away from afternoon hours; alert hospitals for a possible heat-illness surge.,True,True,True,True,provisional-impact-risk-v2,Relative heat-health impact ranking; not a predicted death count,WorldPop exposure included; demographic and health-outcome calibration pending
146,SADH NAGAR,2026-09-01,34.4,26.9,30.13,70.04,90,1.4,807.0,39.65,30.66,27.58,42.6,71.26,8,0,26.9,2026-09-01T13:00,15160,18839.32,16.07,True,5,100.0,59.3,High,ORANGE,#E67E22,Activate the local heat action plan; open cooling centres; shift strenuous outdoor work away from afternoon hours; alert hospitals for a possible heat-illness surge.,True,True,True,True,provisional-impact-risk-v2,Relative heat-health impact ranking; not a predicted death count,WorldPop exposure included; demographic and health-outcome calibration pending
147,MAHAVIR ENCLAVE,2026-08-28,34.2,26.0,30.49,72.0,96,2.22,791.0,39.81,30.56,28.08,42.18,70.56,10,0,26.0,2026-08-28T13:00,50586,21812.77,28.96,True,1,33.33,55.83,High,ORANGE,#E67E22,Activate the local heat action plan; open cooling centres; shift strenuous outdoor work away from afternoon hours; alert hospitals for a possible heat-illness surge.,True,True,True,True,provisional-impact-risk-v2,Relative heat-health impact ranking; not a predicted death count,WorldPop exposure included; demographic and health-outcome calibration pending
147,MAHAVIR ENCLAVE,2026-08-29,34.2,26.5,30.29,71.12,81,1.98,846.0,41.07,31.11,27.86,43.11,74.53,11,1,26.5,2026-08-29T13:00,50586,21812.77,28.96,True,2,66.67,61.46,High,ORANGE,#E67E22,Activate the local heat action plan; open cooling centres; shift strenuous outdoor work away from afternoon hours; alert hospitals for a possible heat-illness surge.,True,True,True,True,provisional-impact-risk-v2,Relative heat-health impact ranking; not a predicted death count,WorldPop exposure included; demographic and health-outcome calibration pending
147,MAHAVIR ENCLAVE,2026-08-30,34.5,26.9,30.6,69.33,79,1.87,815.0,41.44,31.17,27.97,42.92,74.51,12,2,26.9,2026-08-30T14:00,50586,21812.77,28.96,True,3,100.0,63.92,High,ORANGE,#E67E22,Activate the local heat action plan; open cooling centres; shift strenuous outdoor work away from afternoon hours; alert hospitals for a possible heat-illness surge.,True,True,True,True,provisional-impact-risk-v2,Relative heat-health impact ranking; not a predicted death count,WorldPop exposure included; demographic and health-outcome calibration pending
147,MAHAVIR ENCLAVE,2026-08-31,34.5,26.9,30.55,67.5,82,1.64,828.0,40.26,31.02,27.71,43.14,73.9,12,1,26.9,2026-08-31T13:00,50586,21812.77,28.96,True,4,100.0,63.4,High,ORANGE,#E67E22,Activate the local heat action plan; open cooling centres; shift strenuous outdoor work away from afternoon hours; alert hospitals for a possible heat-illness surge.,True,True,True,True,provisional-impact-risk-v2,Relative heat-health impact ranking; not a predicted death count,WorldPop exposure included; demographic and health-outcome calibration pending
147,MAHAVIR ENCLAVE,2026-09-01,34.4,26.9,30.13,70.04,90,1.4,807.0,39.65,30.66,27.58,42.6,71.26,8,0,26.9,2026-09-01T13:00,50586,21812.77,28.96,True,5,100.0,61.14,High,ORANGE,#E67E22,Activate the local heat action plan; open cooling centres; shift strenuous outdoor work away from afternoon hours; alert hospitals for a possible heat-illness surge.,True,True,True,True,provisional-impact-risk-v2,Relative heat-health impact ranking; not a predicted death count,WorldPop exposure included; demographic and health-outcome calibration pending
148,MADHU VIHAR,2026-08-28,34.6,27.0,30.94,70.71,95,2.25,789.0,40.55,30.53,28.35,42.43,70.68,12,0,27.0,2026-08-28T13:00,25860,21105.04,21.54,True,1,33.33,54.88,High,ORANGE,#E67E22,Activate the local heat action plan; open cooling centres; shift strenuous outdoor work away from afternoon hours; alert hospitals for a possible heat-illness surge.,True,True,True,True,provisional-impact-risk-v2,Relative heat-health impact ranking; not a predicted death count,WorldPop exposure included; demographic and health-outcome calibration pending
148,MADHU VIHAR,2026-08-29,34.9,26.7,30.94,67.21,79,2.22,848.0,40.83,31.18,28.01,43.64,75.49,13,2,26.7,2026-08-29T13:00,25860,21105.04,21.54,True,2,66.67,61.13,High,ORANGE,#E67E22,Activate the local heat action plan; open cooling centres; shift strenuous outdoor work away from afternoon hours; alert hospitals for a possible heat-illness surge.,True,True,True,True,provisional-impact-risk-v2,Relative heat-health impact ranking; not a predicted death count,WorldPop exposure included; demographic and health-outcome calibration pending
148,MADHU VIHAR,2026-08-30,35.5,27.4,31.5,63.46,76,2.09,803.0,41.64,31.28,28.12,43.48,75.76,14,2,27.4,2026-08-30T14:00,25860,21105.04,21.54,True,3,100.0,63.87,High,ORANGE,#E67E22,Activate the local heat action plan; open cooling centres; shift strenuous outdoor work away from afternoon hours; alert hospitals for a possible heat-illness surge.,True,True,True,True,provisional-impact-risk-v2,Relative heat-health impact ranking; not a predicted death count,WorldPop exposure included; demographic and health-outcome calibration pending
148,MADHU VIHAR,2026-08-31,35.3,27.5,31.49,60.79,74,1.85,824.0,40.6,31.11,27.8,43.59,74.89,11,1,27.5,2026-08-31T13:00,25860,21105.04,21.54,True,4,100.0,63.14,High,ORANGE,#E67E22,Activate the local heat action plan; open cooling centres; shift strenuous outdoor work away from afternoon hours; alert hospitals for a possible heat-illness surge.,True,True,True,True,provisional-impact-risk-v2,Relative heat-health impact ranking; not a predicted death count,WorldPop exposure included; demographic and health-outcome calibration pending
148,MADHU VIHAR,2026-09-01,34.7,27.7,30.73,66.17,84,1.51,798.0,39.6,30.58,27.72,42.75,71.1,8,0,27.7,2026-09-01T13:00,25860,21105.04,21.54,True,5,100.0,59.95,High,ORANGE,#E67E22,Activate the local heat action plan; open cooling centres; shift strenuous outdoor work away from afternoon hours; alert hospitals for a possible heat-illness surge.,True,True,True,True,provisional-impact-risk-v2,Relative heat-health impact ranking; not a predicted death count,WorldPop exposure included; demographic and health-outcome calibration pending
149,RAJENDER NAGAR,2026-08-28,34.5,26.5,30.69,72.71,93,1.93,770.0,39.97,30.55,28.32,42.09,70.45,12,0,26.5,2026-08-28T13:00,98729,22680.16,42.84,True,1,33.33,57.7,High,ORANGE,#E67E22,Activate the local heat action plan; open cooling centres; shift strenuous outdoor work away from afternoon hours; alert hospitals for a possible heat-illness surge.,True,True,True,True,provisional-impact-risk-v2,Relative heat-health impact ranking; not a predicted death count,WorldPop exposure included; demographic and health-outcome calibration pending
149,RAJENDER NAGAR,2026-08-29,34.8,26.7,30.81,68.58,80,1.94,844.0,40.98,31.08,28.04,43.46,74.76,13,1,26.7,2026-08-29T13:00,98729,22680.16,42.84,True,2,66.67,63.72,High,ORANGE,#E67E22,Activate the local heat action plan; open cooling centres; shift strenuous outdoor work away from afternoon hours; alert hospitals for a possible heat-illness surge.,True,True,True,True,provisional-impact-risk-v2,Relative heat-health impact ranking; not a predicted death count,WorldPop exposure included; demographic and health-outcome calibration pending
149,RAJENDER NAGAR,2026-08-30,35.3,27.4,31.39,64.71,76,1.74,788.0,41.81,31.17,28.15,43.02,74.86,14,1,27.4,2026-08-30T14:00,98729,22680.16,42.84,True,3,100.0,66.31,High,ORANGE,#E67E22,Activate the local heat action plan; open cooling centres; shift strenuous outdoor work away from afternoon hours; alert hospitals for a possible heat-illness surge.,True,True,True,True,provisional-impact-risk-v2,Relative heat-health impact ranking; not a predicted death count,WorldPop exposure included; demographic and health-outcome calibration pending
149,RAJENDER NAGAR,2026-08-31,35.8,27.4,31.62,61.42,78,1.55,819.0,41.36,31.24,27.98,43.79,75.8,11,2,27.4,2026-08-31T13:00,98729,22680.16,42.84,True,4,100.0,67.13,High,ORANGE,#E67E22,Activate the local heat action plan; open cooling centres; shift strenuous outdoor work away from afternoon hours; alert hospitals for a possible heat-illness surge.,True,True,True,True,provisional-impact-risk-v2,Relative heat-health impact ranking; not a predicted death count,WorldPop exposure included; demographic and health-outcome calibration pending
149,RAJENDER NAGAR,2026-09-01,34.5,28.1,30.6,68.92,87,1.14,789.0,40.54,30.89,27.9,42.76,72.92,8,0,28.1,2026-09-01T13:00,98729,22680.16,42.84,True,5,100.0,64.58,High,ORANGE,#E67E22,Activate the local heat action plan; open cooling centres; shift strenuous outdoor work away from afternoon hours; alert hospitals for a possible heat-illness surge.,True,True,True,True,provisional-impact-risk-v2,Relative heat-health impact ranking; not a predicted death count,WorldPop exposure included; demographic and health-outcome calibration pending
15,SARAI PIPAL THALA,2026-08-28,34.4,27.3,30.79,72.83,91,1.92,767.0,40.05,30.37,28.43,41.63,68.98,13,0,27.3,2026-08-28T13:00,58152,33167.17,44.03,True,1,33.33,56.66,High,ORANGE,#E67E22,Activate the local heat action plan; open cooling centres; shift strenuous outdoor work away from afternoon hours; alert hospitals for a possible heat-illness surge.,True,True,True,True,provisional-impact-risk-v2,Relative heat-health impact ranking; not a predicted death count,WorldPop exposure included; demographic and health-outcome calibration pending
15,SARAI PIPAL THALA,2026-08-29,34.7,26.8,30.92,68.12,79,2.03,846.0,41.14,31.17,28.12,43.44,75.22,14,1,26.8,2026-08-29T13:00,58152,33167.17,44.03,True,2,66.67,64.29,High,ORANGE,#E67E22,Activate the local heat action plan; open cooling centres; shift strenuous outdoor work away from afternoon hours; alert hospitals for a possible heat-illness surge.,True,True,True,True,provisional-impact-risk-v2,Relative heat-health impact ranking; not a predicted death count,WorldPop exposure included; demographic and health-outcome calibration pending
15,SARAI PIPAL THALA,2026-08-30,35.2,27.4,31.52,64.38,76,1.74,795.0,41.73,31.29,28.25,42.99,75.39,15,2,27.4,2026-08-30T14:00,58152,33167.17,44.03,True,3,100.0,66.95,High,ORANGE,#E67E22,Activate the local heat action plan; open cooling centres; shift strenuous outdoor work away from afternoon hours; alert hospitals for a possible heat-illness surge.,True,True,True,True,provisional-impact-risk-v2,Relative heat-health impact ranking; not a predicted death count,WorldPop exposure included; demographic and health-outcome calibration pending
15,SARAI PIPAL THALA,2026-08-31,35.3,27.5,31.55,61.67,75,1.63,809.0,40.99,31.07,27.96,43.32,74.39,11,2,27.5,2026-08-31T14:00,58152,33167.17,44.03,True,4,100.0,66.06,High,ORANGE,#E67E22,Activate the local heat action plan; open cooling centres; shift strenuous outdoor work away from afternoon hours; alert hospitals for a possible heat-illness surge.,True,True,True,True,provisional-impact-risk-v2,Relative heat-health impact ranking; not a predicted death count,WorldPop exposure included; demographic and health-outcome calibration pending
15,SARAI PIPAL THALA,2026-09-01,34.0,28.2,30.43,70.71,87,1.24,787.0,40.31,30.81,27.95,42.4,72.07,8,0,28.2,2026-09-01T13:00,58152,33167.17,44.03,True,5,100.0,64.01,High,ORANGE,#E67E22,Activate the local heat action plan; open cooling centres; shift strenuous outdoor work away from afternoon hours; alert hospitals for a possible heat-illness surge.,True,True,True,True,provisional-impact-risk-v2,Relative heat-health impact ranking; not a predicted death count,WorldPop exposure included; demographic and health-outcome calibration pending
150,PUSA,2026-08-28,34.5,26.5,30.69,72.71,93,1.93,770.0,39.97,30.55,28.32,42.09,70.45,12,0,26.5,2026-08-28T13:00,79752,8389.56,21.35,True,1,33.33,54.67,High,ORANGE,#E67E22,Activate the local heat action plan; open cooling centres; shift strenuous outdoor work away from afternoon hours; alert hospitals for a possible heat-illness surge.,True,True,True,True,provisional-impact-risk-v2,Relative heat-health impact ranking; not a predicted death count,WorldPop exposure included; demographic and health-outcome calibration pending
150,PUSA,2026-08-29,34.8,26.7,30.81,68.58,80,1.94,844.0,40.98,31.08,28.04,43.46,74.76,13,1,26.7,2026-08-29T13:00,79752,8389.56,21.35,True,2,66.67,60.51,High,ORANGE,#E67E22,Activate the local heat action plan; open cooling centres; shift strenuous outdoor work away from afternoon hours; alert hospitals for a possible heat-illness surge.,True,True,True,True,provisional-impact-risk-v2,Relative heat-health impact ranking; not a predicted death count,WorldPop exposure included; demographic and health-outcome calibration pending
150,PUSA,2026-08-30,35.3,27.4,31.39,64.71,76,1.74,788.0,41.81,31.17,28.15,43.02,74.86,14,1,27.4,2026-08-30T14:00,79752,8389.56,21.35,True,3,100.0,63.09,High,ORANGE,#E67E22,Activate the local heat action plan; open cooling centres; shift strenuous outdoor work away from afternoon hours; alert hospitals for a possible heat-illness surge.,True,True,True,True,provisional-impact-risk-v2,Relative heat-health impact ranking; not a predicted death count,WorldPop exposure included; demographic and health-outcome calibration pending
150,PUSA,2026-08-31,35.8,27.4,31.62,61.42,78,1.55,819.0,41.36,31.24,27.98,43.79,75.8,11,2,27.4,2026-08-31T13:00,79752,8389.56,21.35,True,4,100.0,63.88,High,ORANGE,#E67E22,Activate the local heat action plan; open cooling centres; shift strenuous outdoor work away from afternoon hours; alert hospitals for a possible heat-illness surge.,True,True,True,True,provisional-impact-risk-v2,Relative heat-health impact ranking; not a predicted death count,WorldPop exposure included; demographic and health-outcome calibration pending
150,PUSA,2026-09-01,34.5,28.1,30.6,68.92,87,1.14,789.0,40.54,30.89,27.9,42.76,72.92,8,0,28.1,2026-09-01T13:00,79752,8389.56,21.35,True,5,100.0,61.45,High,ORANGE,#E67E22,Activate the local heat action plan; open cooling centres; shift strenuous outdoor work away from afternoon hours; alert hospitals for a possible heat-illness surge.,True,True,True,True,provisional-impact-risk-v2,Relative heat-health impact ranking; not a predicted death count,WorldPop exposure included; demographic and health-outcome calibration pending
151,INDER PURI,2026-08-28,34.5,26.5,30.69,72.71,93,1.93,770.0,39.97,30.55,28.32,42.09,70.45,12,0,26.5,2026-08-28T13:00,12591,11383.24,7.03,True,1,33.33,52.66,High,ORANGE,#E67E22,Activate the local heat action plan; open cooling centres; shift strenuous outdoor work away from afternoon hours; alert hospitals for a possible heat-illness surge.,True,True,True,True,provisional-impact-risk-v2,Relative heat-health impact ranking; not a predicted death count,WorldPop exposure included; demographic and health-outcome calibration pending
151,INDER PURI,2026-08-29,34.8,26.7,30.81,68.58,80,1.94,844.0,40.98,31.08,28.04,43.46,74.76,13,1,26.7,2026-08-29T13:00,12591,11383.24,7.03,True,2,66.67,58.37,High,ORANGE,#E67E22,Activate the local heat action plan; open cooling centres; shift strenuous outdoor work away from afternoon hours; alert hospitals for a possible heat-illness surge.,True,True,True,True,provisional-impact-risk-v2,Relative heat-health impact ranking; not a predicted death count,WorldPop exposure included; demographic and health-outcome calibration pending
151,INDER PURI,2026-08-30,35.3,27.4,31.39,64.71,76,1.74,788.0,41.81,31.17,28.15,43.02,74.86,14,1,27.4,2026-08-30T14:00,12591,11383.24,7.03,True,3,100.0,60.94,High,ORANGE,#E67E22,Activate the local heat action plan; open cooling centres; shift strenuous outdoor work away from afternoon hours; alert hospitals for a possible heat-illness surge.,True,True,True,True,provisional-impact-risk-v2,Relative heat-health impact ranking; not a predicted death count,WorldPop exposure included; demographic and health-outcome calibration pending
151,INDER PURI,2026-08-31,35.8,27.4,31.62,61.42,78,1.55,819.0,41.36,31.24,27.98,43.79,75.8,11,2,27.4,2026-08-31T13:00,12591,11383.24,7.03,True,4,100.0,61.71,High,ORANGE,#E67E22,Activate the local heat action plan; open cooling centres; shift strenuous outdoor work away from afternoon hours; alert hospitals for a possible heat-illness surge.,True,True,True,True,provisional-impact-risk-v2,Relative heat-health impact ranking; not a predicted death count,WorldPop exposure included; demographic and health-outcome calibration pending
151,INDER PURI,2026-09-01,34.5,28.1,30.6,68.92,87,1.14,789.0,40.54,30.89,27.9,42.76,72.92,8,0,28.1,2026-09-01T13:00,12591,11383.24,7.03,True,5,100.0,59.36,High,ORANGE,#E67E22,Activate the local heat action plan; open cooling centres; shift strenuous outdoor work away from afternoon hours; alert hospitals for a possible heat-illness surge.,True,True,True,True,provisional-impact-risk-v2,Relative heat-health impact ranking; not a predicted death count,WorldPop exposure included; demographic and health-outcome calibration pending
152,NARAINA,2026-08-28,34.5,26.5,30.69,72.71,93,1.93,770.0,39.97,30.55,28.32,42.09,70.45,12,0,26.5,2026-08-28T13:00,29587,15706.02,16.33,True,1,33.33,53.97,High,ORANGE,#E67E22,Activate the local heat action plan; open cooling centres; shift strenuous outdoor work away from afternoon hours; alert hospitals for a possible heat-illness surge.,True,True,True,True,provisional-impact-risk-v2,Relative heat-health impact ranking; not a predicted death count,WorldPop exposure included; demographic and health-outcome calibration pending
152,NARAINA,2026-08-29,34.8,26.7,30.81,68.58,80,1.94,844.0,40.98,31.08,28.04,43.46,74.76,13,1,26.7,2026-08-29T13:00,29587,15706.02,16.33,True,2,66.67,59.76,High,ORANGE,#E67E22,Activate the local heat action plan; open cooling centres; shift strenuous outdoor work away from afternoon hours; alert hospitals for a possible heat-illness surge.,True,True,True,True,provisional-impact-risk-v2,Relative heat-health impact ranking; not a predicted death count,WorldPop exposure included; demographic and health-outcome calibration pending
152,NARAINA,2026-08-30,35.3,27.4,31.39,64.71,76,1.74,788.0,41.81,31.17,28.15,43.02,74.86,14,1,27.4,2026-08-30T14:00,29587,15706.02,16.33,True,3,100.0,62.34,High,ORANGE,#E67E22,Activate the local heat action plan; open cooling centres; shift strenuous outdoor work away from afternoon hours; alert hospitals for a possible heat-illness surge.,True,True,True,True,provisional-impact-risk-v2,Relative heat-health impact ranking; not a predicted death count,WorldPop exposure included; demographic and health-outcome calibration pending
152,NARAINA,2026-08-31,35.8,27.4,31.62,61.42,78,1.55,819.0,41.36,31.24,27.98,43.79,75.8,11,2,27.4,2026-08-31T13:00,29587,15706.02,16.33,True,4,100.0,63.12,High,ORANGE,#E67E22,Activate the local heat action plan; open cooling centres; shift strenuous outdoor work away from afternoon hours; alert hospitals for a possible heat-illness surge.,True,True,True,True,provisional-impact-risk-v2,Relative heat-health impact ranking; not a predicted death count,WorldPop exposure included; demographic and health-outcome calibration pending
152,NARAINA,2026-09-01,34.5,28.1,30.6,68.92,87,1.14,789.0,40.54,30.89,27.9,42.76,72.92,8,0,28.1,2026-09-01T13:00,29587,15706.02,16.33,True,5,100.0,60.72,High,ORANGE,#E67E22,Activate the local heat action plan; open cooling centres; shift strenuous outdoor work away from afternoon hours; alert hospitals for a possible heat-illness surge.,True,True,True,True,provisional-impact-risk-v2,Relative heat-health impact ranking; not a predicted death count,WorldPop exposure included; demographic and health-outcome calibration pending
153,DARYAGANJ,2026-08-28,34.6,26.5,30.68,73.17,93,1.96,767.0,40.16,30.58,28.35,41.98,70.55,13,0,26.5,2026-08-28T13:00,97264,18951.72,38.17,True,1,33.33,57.13,High,ORANGE,#E67E22,Activate the local heat action plan; open cooling centres; shift strenuous outdoor work away from afternoon hours; alert hospitals for a possible heat-illness surge.,True,True,True,True,provisional-impact-risk-v2,Relative heat-health impact ranking; not a predicted death count,WorldPop exposure included; demographic and health-outcome calibration pending
153,DARYAGANJ,2026-08-29,35.3,26.9,31.11,66.71,80,2.03,838.0,40.76,30.98,28.1,43.5,74.28,14,0,26.9,2026-08-29T13:00,97264,18951.72,38.17,True,2,66.67,62.62,High,ORANGE,#E67E22,Activate the local heat action plan; open cooling centres; shift strenuous outdoor work away from afternoon hours; alert hospitals for a possible heat-illness surge.,True,True,True,True,provisional-impact-risk-v2,Relative heat-health impact ranking; not a predicted death count,WorldPop exposure included; demographic and health-outcome calibration pending
153,DARYAGANJ,2026-08-30,35.8,27.7,31.6,63.42,81,1.7,776.0,40.56,30.87,28.17,43.01,73.25,15,0,27.7,2026-08-30T14:00,97264,18951.72,38.17,True,3,100.0,64.19,High,ORANGE,#E67E22,Activate the local heat action plan; open cooling centres; shift strenuous outdoor work away from afternoon hours; alert hospitals for a possible heat-illness surge.,True,True,True,True,provisional-impact-risk-v2,Relative heat-health impact ranking; not a predicted death count,WorldPop exposure included; demographic and health-outcome calibration pending
153,DARYAGANJ,2026-08-31,36.0,27.7,31.4,63.83,85,1.41,828.0,41.42,31.27,28.04,43.62,75.72,9,2,27.7,2026-08-31T14:00,97264,18951.72,38.17,True,4,100.0,66.36,High,ORANGE,#E67E22,Activate the local heat action plan; open cooling centres; shift strenuous outdoor work away from afternoon hours; alert hospitals for a possible heat-illness surge.,True,True,True,True,provisional-impact-risk-v2,Relative heat-health impact ranking; not a predicted death count,WorldPop exposure included; demographic and health-outcome calibration pending
153,DARYAGANJ,2026-09-01,34.2,27.3,30.01,76.12,95,1.03,767.0,40.29,30.7,28.1,42.27,71.31,9,0,27.3,2026-09-01T13:00,97264,18951.72,38.17,True,5,100.0,62.5,High,ORANGE,#E67E22,Activate the local heat action plan; open cooling centres; shift strenuous outdoor work away from afternoon hours; alert hospitals for a possible heat-illness surge.,True,True,True,True,provisional-impact-risk-v2,Relative heat-health impact ranking; not a predicted death count,WorldPop exposure included; demographic and health-outcome calibration pending
154,NIZAMUDDIN,2026-08-28,34.5,26.6,30.51,73.75,92,2.09,773.0,40.05,30.59,28.26,42.07,70.66,13,0,26.6,2026-08-28T13:00,84260,11395.88,26.01,True,1,33.33,55.49,High,ORANGE,#E67E22,Activate the local heat action plan; open cooling centres; shift strenuous outdoor work away from afternoon hours; alert hospitals for a possible heat-illness surge.,True,True,True,True,provisional-impact-risk-v2,Relative heat-health impact ranking; not a predicted death count,WorldPop exposure included; demographic and health-outcome calibration pending
154,NIZAMUDDIN,2026-08-29,34.9,26.8,30.73,69.33,83,2.1,830.0,40.83,31.08,28.04,43.43,74.72,14,1,26.8,2026-08-29T13:00,84260,11395.88,26.01,True,2,66.67,61.17,High,ORANGE,#E67E22,Activate the local heat action plan; open cooling centres; shift strenuous outdoor work away from afternoon hours; alert hospitals for a possible heat-illness surge.,True,True,True,True,provisional-impact-risk-v2,Relative heat-health impact ranking; not a predicted death count,WorldPop exposure included; demographic and health-outcome calibration pending
154,NIZAMUDDIN,2026-08-30,35.4,27.3,31.21,66.62,80,1.82,779.0,41.64,31.22,28.19,42.96,75.06,13,1,27.3,2026-08-30T14:00,84260,11395.88,26.01,True,3,100.0,63.95,High,ORANGE,#E67E22,Activate the local heat action plan; open cooling centres; shift strenuous outdoor work away from afternoon hours; alert hospitals for a possible heat-illness surge.,True,True,True,True,provisional-impact-risk-v2,Relative heat-health impact ranking; not a predicted death count,WorldPop exposure included; demographic and health-outcome calibration pending
154,NIZAMUDDIN,2026-08-31,36.1,27.3,31.23,64.54,84,1.48,833.0,41.65,31.38,27.97,43.73,76.21,10,3,27.3,2026-08-31T14:00,84260,11395.88,26.01,True,4,100.0,64.93,High,ORANGE,#E67E22,Activate the local heat action plan; open cooling centres; shift strenuous outdoor work away from afternoon hours; alert hospitals for a possible heat-illness surge.,True,True,True,True,provisional-impact-risk-v2,Relative heat-health impact ranking; not a predicted death count,WorldPop exposure included; demographic and health-outcome calibration pending
154,NIZAMUDDIN,2026-09-01,33.6,27.0,29.72,78.0,96,0.95,755.0,40.44,30.65,28.03,41.82,70.53,8,0,27.0,2026-09-01T13:00,84260,11395.88,26.01,True,5,100.0,60.09,High,ORANGE,#E67E22,Activate the local heat action plan; open cooling centres; shift strenuous outdoor work away from afternoon hours; alert hospitals for a possible heat-illness surge.,True,True,True,True,provisional-impact-risk-v2,Relative heat-health impact ranking; not a predicted death count,WorldPop exposure included; demographic and health-outcome calibration pending
155,LAJPAT NAGAR,2026-08-28,34.5,26.6,30.51,73.75,92,2.09,773.0,40.05,30.59,28.26,42.07,70.66,13,0,26.6,2026-08-28T13:00,35234,20355.88,23.18,True,1,33.33,55.09,High,ORANGE,#E67E22,Activate the local heat action plan; open cooling centres; shift strenuous outdoor work away from afternoon hours; alert hospitals for a possible heat-illness surge.,True,True,True,True,provisional-impact-risk-v2,Relative heat-health impact ranking; not a predicted death count,WorldPop exposure included; demographic and health-outcome calibration pending
155,LAJPAT NAGAR,2026-08-29,34.9,26.8,30.73,69.33,83,2.1,830.0,40.83,31.08,28.04,43.43,74.72,14,1,26.8,2026-08-29T13:00,35234,20355.88,23.18,True,2,66.67,60.75,High,ORANGE,#E67E22,Activate the local heat action plan; open cooling centres; shift strenuous outdoor work away from afternoon hours; alert hospitals for a possible heat-illness surge.,True,True,True,True,provisional-impact-risk-v2,Relative heat-health impact ranking; not a predicted death count,WorldPop exposure included; demographic and health-outcome calibration pending
155,LAJPAT NAGAR,2026-08-30,35.4,27.3,31.21,66.62,80,1.82,779.0,41.64,31.22,28.19,42.96,75.06,13,1,27.3,2026-08-30T14:00,35234,20355.88,23.18,True,3,100.0,63.52,High,ORANGE,#E67E22,Activate the local heat action plan; open cooling centres; shift strenuous outdoor work away from afternoon hours; alert hospitals for a possible heat-illness surge.,True,True,True,True,provisional-impact-risk-v2,Relative heat-health impact ranking; not a predicted death count,WorldPop exposure included; demographic and health-outcome calibration pending
155,LAJPAT NAGAR,2026-08-31,36.1,27.3,31.23,64.54,84,1.48,833.0,41.65,31.38,27.97,43.73,76.21,10,3,27.3,2026-08-31T14:00,35234,20355.88,23.18,True,4,100.0,64.5,High,ORANGE,#E67E22,Activate the local heat action plan; open cooling centres; shift strenuous outdoor work away from afternoon hours; alert hospitals for a possible heat-illness surge.,True,True,True,True,provisional-impact-risk-v2,Relative heat-health impact ranking; not a predicted death count,WorldPop exposure included; demographic and health-outcome calibration pending
155,LAJPAT NAGAR,2026-09-01,33.6,27.0,29.72,78.0,96,0.95,755.0,40.44,30.65,28.03,41.82,70.53,8,0,27.0,2026-09-01T13:00,35234,20355.88,23.18,True,5,100.0,59.69,High,ORANGE,#E67E22,Activate the local heat action plan; open cooling centres; shift strenuous outdoor work away from afternoon hours; alert hospitals for a possible heat-illness surge.,True,True,True,True,provisional-impact-risk-v2,Relative heat-health impact ranking; not a predicted death count,WorldPop exposure included; demographic and health-outcome calibration pending
156,BHOGAL,2026-08-28,34.5,26.6,30.51,73.75,92,2.09,773.0,40.05,30.59,28.26,42.07,70.66,13,0,26.6,2026-08-28T13:00,26814,19862.22,20.36,True,1,33.33,54.69,High,ORANGE,#E67E22,Activate the local heat action plan; open cooling centres; shift strenuous outdoor work away from afternoon hours; alert hospitals for a possible heat-illness surge.,True,True,True,True,provisional-impact-risk-v2,Relative heat-health impact ranking; not a predicted death count,WorldPop exposure included; demographic and health-outcome calibration pending
156,BHOGAL,2026-08-29,34.9,26.8,30.73,69.33,83,2.1,830.0,40.83,31.08,28.04,43.43,74.72,14,1,26.8,2026-08-29T13:00,26814,19862.22,20.36,True,2,66.67,60.33,High,ORANGE,#E67E22,Activate the local heat action plan; open cooling centres; shift strenuous outdoor work away from afternoon hours; alert hospitals for a possible heat-illness surge.,True,True,True,True,provisional-impact-risk-v2,Relative heat-health impact ranking; not a predicted death count,WorldPop exposure included; demographic and health-outcome calibration pending
156,BHOGAL,2026-08-30,35.4,27.3,31.21,66.62,80,1.82,779.0,41.64,31.22,28.19,42.96,75.06,13,1,27.3,2026-08-30T14:00,26814,19862.22,20.36,True,3,100.0,63.1,High,ORANGE,#E67E22,Activate the local heat action plan; open cooling centres; shift strenuous outdoor work away from afternoon hours; alert hospitals for a possible heat-illness surge.,True,True,True,True,provisional-impact-risk-v2,Relative heat-health impact ranking; not a predicted death count,WorldPop exposure included; demographic and health-outcome calibration pending
156,BHOGAL,2026-08-31,36.1,27.3,31.23,64.54,84,1.48,833.0,41.65,31.38,27.97,43.73,76.21,10,3,27.3,2026-08-31T14:00,26814,19862.22,20.36,True,4,100.0,64.07,High,ORANGE,#E67E22,Activate the local heat action plan; open cooling centres; shift strenuous outdoor work away from afternoon hours; alert hospitals for a possible heat-illness surge.,True,True,True,True,provisional-impact-risk-v2,Relative heat-health impact ranking; not a predicted death count,WorldPop exposure included; demographic and health-outcome calibration pending
156,BHOGAL,2026-09-01,33.6,27.0,29.72,78.0,96,0.95,755.0,40.44,30.65,28.03,41.82,70.53,8,0,27.0,2026-09-01T13:00,26814,19862.22,20.36,True,5,100.0,59.29,High,ORANGE,#E67E22,Activate the local heat action plan; open cooling centres; shift strenuous outdoor work away from afternoon hours; alert hospitals for a possible heat-illness surge.,True,True,True,True,provisional-impact-risk-v2,Relative heat-health impact ranking; not a predicted death count,WorldPop exposure included; demographic and health-outcome calibration pending
157,KASTURBA NAGAR,2026-08-28,34.2,26.2,30.38,73.29,94,2.18,775.0,39.57,30.44,28.1,41.92,69.6,12,0,26.2,2026-08-28T13:00,52550,17325.51,24.33,True,1,33.33,54.42,High,ORANGE,#E67E22,Activate the local heat action plan; open cooling centres; shift strenuous outdoor work away from afternoon hours; alert hospitals for a possible heat-illness surge.,True,True,True,True,provisional-impact-risk-v2,Relative heat-health impact ranking; not a predicted death count,WorldPop exposure included; demographic and health-outcome calibration pending
157,KASTURBA NAGAR,2026-08-29,34.4,26.5,30.41,70.46,81,2.07,839.0,40.79,31.11,27.88,43.24,74.68,13,1,26.5,2026-08-29T13:00,52550,17325.51,24.33,True,2,66.67,60.89,High,ORANGE,#E67E22,Activate the local heat action plan; open cooling centres; shift strenuous outdoor work away from afternoon hours; alert hospitals for a possible heat-illness surge.,True,True,True,True,provisional-impact-risk-v2,Relative heat-health impact ranking; not a predicted death count,WorldPop exposure included; demographic and health-outcome calibration pending
157,KASTURBA NAGAR,2026-08-30,34.9,27.0,30.84,67.92,78,1.95,796.0,41.23,31.05,28.0,42.74,73.95,13,1,27.0,2026-08-30T14:00,52550,17325.51,24.33,True,3,100.0,62.76,High,ORANGE,#E67E22,Activate the local heat action plan; open cooling centres; shift strenuous outdoor work away from afternoon hours; alert hospitals for a possible heat-illness surge.,True,True,True,True,provisional-impact-risk-v2,Relative heat-health impact ranking; not a predicted death count,WorldPop exposure included; demographic and health-outcome calibration pending
157,KASTURBA NAGAR,2026-08-31,35.4,27.0,31.04,65.17,80,1.68,830.0,41.23,31.25,27.87,43.6,75.63,12,2,27.0,2026-08-31T13:00,52550,17325.51,24.33,True,4,100.0,64.18,High,ORANGE,#E67E22,Activate the local heat action plan; open cooling centres; shift strenuous outdoor work away from afternoon hours; alert hospitals for a possible heat-illness surge.,True,True,True,True,provisional-impact-risk-v2,Relative heat-health impact ranking; not a predicted death count,WorldPop exposure included; demographic and health-outcome calibration pending
157,KASTURBA NAGAR,2026-09-01,34.5,27.5,30.21,70.5,90,1.23,788.0,40.16,30.68,27.69,42.56,71.32,7,0,27.5,2026-09-01T13:00,52550,17325.51,24.33,True,5,100.0,60.53,High,ORANGE,#E67E22,Activate the local heat action plan; open cooling centres; shift strenuous outdoor work away from afternoon hours; alert hospitals for a possible heat-illness surge.,True,True,True,True,provisional-impact-risk-v2,Relative heat-health impact ranking; not a predicted death count,WorldPop exposure included; demographic and health-outcome calibration pending
158,KOTLA MUBARAKPUR,2026-08-28,34.2,26.2,30.38,73.29,94,2.18,775.0,39.57,30.44,28.1,41.92,69.6,12,0,26.2,2026-08-28T13:00,21090,15412.16,13.72,True,1,33.33,52.95,High,ORANGE,#E67E22,Activate the local heat action plan; open cooling centres; shift strenuous outdoor work away from afternoon hours; alert hospitals for a possible heat-illness surge.,True,True,True,True,provisional-impact-risk-v2,Relative heat-health impact ranking; not a predicted death count,WorldPop exposure included; demographic and health-outcome calibration pending
158,KOTLA MUBARAKPUR,2026-08-29,34.4,26.5,30.41,70.46,81,2.07,839.0,40.79,31.11,27.88,43.24,74.68,13,1,26.5,2026-08-29T13:00,21090,15412.16,13.72,True,2,66.67,59.31,High,ORANGE,#E67E22,Activate the local heat action plan; open cooling centres; shift strenuous outdoor work away from afternoon hours; alert hospitals for a possible heat-illness surge.,True,True,True,True,provisional-impact-risk-v2,Relative heat-health impact ranking; not a predicted death count,WorldPop exposure included; demographic and health-outcome calibration pending
158,KOTLA MUBARAKPUR,2026-08-30,34.9,27.0,30.84,67.92,78,1.95,796.0,41.23,31.05,28.0,42.74,73.95,13,1,27.0,2026-08-30T14:00,21090,15412.16,13.72,True,3,100.0,61.19,High,ORANGE,#E67E22,Activate the local heat action plan; open cooling centres; shift strenuous outdoor work away from afternoon hours; alert hospitals for a possible heat-illness surge.,True,True,True,True,provisional-impact-risk-v2,Relative heat-health impact ranking; not a predicted death count,WorldPop exposure included; demographic and health-outcome calibration pending
158,KOTLA MUBARAKPUR,2026-08-31,35.4,27.0,31.04,65.17,80,1.68,830.0,41.23,31.25,27.87,43.6,75.63,12,2,27.0,2026-08-31T13:00,21090,15412.16,13.72,True,4,100.0,62.58,High,ORANGE,#E67E22,Activate the local heat action plan; open cooling centres; shift strenuous outdoor work away from afternoon hours; alert hospitals for a possible heat-illness surge.,True,True,True,True,provisional-impact-risk-v2,Relative heat-health impact ranking; not a predicted death count,WorldPop exposure included; demographic and health-outcome calibration pending
158,KOTLA MUBARAKPUR,2026-09-01,34.5,27.5,30.21,70.5,90,1.23,788.0,40.16,30.68,27.69,42.56,71.32,7,0,27.5,2026-09-01T13:00,21090,15412.16,13.72,True,5,100.0,59.02,High,ORANGE,#E67E22,Activate the local heat action plan; open cooling centres; shift strenuous outdoor work away from afternoon hours; alert hospitals for a possible heat-illness surge.,True,True,True,True,provisional-impact-risk-v2,Relative heat-health impact ranking; not a predicted death count,WorldPop exposure included; demographic and health-outcome calibration pending
159,ANDREWSGANJ,2026-08-28,34.2,26.2,30.38,73.29,94,2.18,775.0,39.57,30.44,28.1,41.92,69.6,12,0,26.2,2026-08-28T13:00,61051,18043.21,27.44,True,1,33.33,54.86,High,ORANGE,#E67E22,Activate the local heat action plan; open cooling centres; shift strenuous outdoor work away from afternoon hours; alert hospitals for a possible heat-illness surge.,True,True,True,True,provisional-impact-risk-v2,Relative heat-health impact ranking; not a predicted death count,WorldPop exposure included; demographic and health-outcome calibration pending
159,ANDREWSGANJ,2026-08-29,34.4,26.5,30.41,70.46,81,2.07,839.0,40.79,31.11,27.88,43.24,74.68,13,1,26.5,2026-08-29T13:00,61051,18043.21,27.44,True,2,66.67,61.36,High,ORANGE,#E67E22,Activate the local heat action plan; open cooling centres; shift strenuous outdoor work away from afternoon hours; alert hospitals for a possible heat-illness surge.,True,True,True,True,provisional-impact-risk-v2,Relative heat-health impact ranking; not a predicted death count,WorldPop exposure included; demographic and health-outcome calibration pending
159,ANDREWSGANJ,2026-08-30,34.9,27.0,30.84,67.92,78,1.95,796.0,41.23,31.05,28.0,42.74,73.95,13,1,27.0,2026-08-30T14:00,61051,18043.21,27.44,True,3,100.0,63.22,High,ORANGE,#E67E22,Activate the local heat action plan; open cooling centres; shift strenuous outdoor work away from afternoon hours; alert hospitals for a possible heat-illness surge.,True,True,True,True,provisional-impact-risk-v2,Relative heat-health impact ranking; not a predicted death count,WorldPop exposure included; demographic and health-outcome calibration pending
159,ANDREWSGANJ,2026-08-31,35.4,27.0,31.04,65.17,80,1.68,830.0,41.23,31.25,27.87,43.6,75.63,12,2,27.0,2026-08-31T13:00,61051,18043.21,27.44,True,4,100.0,64.65,High,ORANGE,#E67E22,Activate the local heat action plan; open cooling centres; shift strenuous outdoor work away from afternoon hours; alert hospitals for a possible heat-illness surge.,True,True,True,True,provisional-impact-risk-v2,Relative heat-health impact ranking; not a predicted death count,WorldPop exposure included; demographic and health-outcome calibration pending
159,ANDREWSGANJ,2026-09-01,34.5,27.5,30.21,70.5,90,1.23,788.0,40.16,30.68,27.69,42.56,71.32,7,0,27.5,2026-09-01T13:00,61051,18043.21,27.44,True,5,100.0,60.97,High,ORANGE,#E67E22,Activate the local heat action plan; open cooling centres; shift strenuous outdoor work away from afternoon hours; alert hospitals for a possible heat-illness surge.,True,True,True,True,provisional-impact-risk-v2,Relative heat-health impact ranking; not a predicted death count,WorldPop exposure included; demographic and health-outcome calibration pending
16,JAHANGIRPURI-I,2026-08-28,34.4,27.3,30.79,72.83,91,1.92,767.0,40.05,30.37,28.43,41.63,68.98,13,0,27.3,2026-08-28T13:00,22508,38246.39,40.33,True,1,33.33,56.15,High,ORANGE,#E67E22,Activate the local heat action plan; open cooling centres; shift strenuous outdoor work away from afternoon hours; alert hospitals for a possible heat-illness surge.,True,True,True,True,provisional-impact-risk-v2,Relative heat-health impact ranking; not a predicted death count,WorldPop exposure included; demographic and health-outcome calibration pending
16,JAHANGIRPURI-I,2026-08-29,34.7,26.8,30.92,68.12,79,2.03,846.0,41.14,31.17,28.12,43.44,75.22,14,1,26.8,2026-08-29T13:00,22508,38246.39,40.33,True,2,66.67,63.74,High,ORANGE,#E67E22,Activate the local heat action plan; open cooling centres; shift strenuous outdoor work away from afternoon hours; alert hospitals for a possible heat-illness surge.,True,True,True,True,provisional-impact-risk-v2,Relative heat-health impact ranking; not a predicted death count,WorldPop exposure included; demographic and health-outcome calibration pending
16,JAHANGIRPURI-I,2026-08-30,35.2,27.4,31.52,64.38,76,1.74,795.0,41.73,31.29,28.25,42.99,75.39,15,2,27.4,2026-08-30T14:00,22508,38246.39,40.33,True,3,100.0,66.39,High,ORANGE,#E67E22,Activate the local heat action plan; open cooling centres; shift strenuous outdoor work away from afternoon hours; alert hospitals for a possible heat-illness surge.,True,True,True,True,provisional-impact-risk-v2,Relative heat-health impact ranking; not a predicted death count,WorldPop exposure included; demographic and health-outcome calibration pending
16,JAHANGIRPURI-I,2026-08-31,35.3,27.5,31.55,61.67,75,1.63,809.0,40.99,31.07,27.96,43.32,74.39,11,2,27.5,2026-08-31T14:00,22508,38246.39,40.33,True,4,100.0,65.51,High,ORANGE,#E67E22,Activate the local heat action plan; open cooling centres; shift strenuous outdoor work away from afternoon hours; alert hospitals for a possible heat-illness surge.,True,True,True,True,provisional-impact-risk-v2,Relative heat-health impact ranking; not a predicted death count,WorldPop exposure included; demographic and health-outcome calibration pending
16,JAHANGIRPURI-I,2026-09-01,34.0,28.2,30.43,70.71,87,1.24,787.0,40.31,30.81,27.95,42.4,72.07,8,0,28.2,2026-09-01T13:00,22508,38246.39,40.33,True,5,100.0,63.47,High,ORANGE,#E67E22,Activate the local heat action plan; open cooling centres; shift strenuous outdoor work away from afternoon hours; alert hospitals for a possible heat-illness surge.,True,True,True,True,provisional-impact-risk-v2,Relative heat-health impact ranking; not a predicted death count,WorldPop exposure included; demographic and health-outcome calibration pending
160,AMAR COLONY,2026-08-28,34.5,26.6,30.51,73.75,92,2.09,773.0,40.05,30.59,28.26,42.07,70.66,13,0,26.6,2026-08-28T13:00,35235,19658.0,22.38,True,1,33.33,54.98,High,ORANGE,#E67E22,Activate the local heat action plan; open cooling centres; shift strenuous outdoor work away from afternoon hours; alert hospitals for a possible heat-illness surge.,True,True,True,True,provisional-impact-risk-v2,Relative heat-health impact ranking; not a predicted death count,WorldPop exposure included; demographic and health-outcome calibration pending
160,AMAR COLONY,2026-08-29,34.9,26.8,30.73,69.33,83,2.1,830.0,40.83,31.08,28.04,43.43,74.72,14,1,26.8,2026-08-29T13:00,35235,19658.0,22.38,True,2,66.67,60.63,High,ORANGE,#E67E22,Activate the local heat action plan; open cooling centres; shift strenuous outdoor work away from afternoon hours; alert hospitals for a possible heat-illness surge.,True,True,True,True,provisional-impact-risk-v2,Relative heat-health impact ranking; not a predicted death count,WorldPop exposure included; demographic and health-outcome calibration pending
160,AMAR COLONY,2026-08-30,35.4,27.3,31.21,66.62,80,1.82,779.0,41.64,31.22,28.19,42.96,75.06,13,1,27.3,2026-08-30T14:00,35235,19658.0,22.38,True,3,100.0,63.4,High,ORANGE,#E67E22,Activate the local heat action plan; open cooling centres; shift strenuous outdoor work away from afternoon hours; alert hospitals for a possible heat-illness surge.,True,True,True,True,provisional-impact-risk-v2,Relative heat-health impact ranking; not a predicted death count,WorldPop exposure included; demographic and health-outcome calibration pending
160,AMAR COLONY,2026-08-31,36.1,27.3,31.23,64.54,84,1.48,833.0,41.65,31.38,27.97,43.73,76.21,10,3,27.3,2026-08-31T14:00,35235,19658.0,22.38,True,4,100.0,64.38,High,ORANGE,#E67E22,Activate the local heat action plan; open cooling centres; shift strenuous outdoor work away from afternoon hours; alert hospitals for a possible heat-illness surge.,True,True,True,True,provisional-impact-risk-v2,Relative heat-health impact ranking; not a predicted death count,WorldPop exposure included; demographic and health-outcome calibration pending
160,AMAR COLONY,2026-09-01,33.6,27.0,29.72,78.0,96,0.95,755.0,40.44,30.65,28.03,41.82,70.53,8,0,27.0,2026-09-01T13:00,35235,19658.0,22.38,True,5,100.0,59.58,High,ORANGE,#E67E22,Activate the local heat action plan; open cooling centres; shift strenuous outdoor work away from afternoon hours; alert hospitals for a possible heat-illness surge.,True,True,True,True,provisional-impact-risk-v2,Relative heat-health impact ranking; not a predicted death count,WorldPop exposure included; demographic and health-outcome calibration pending
161,MALVIYA NAGAR,2026-08-28,34.0,26.1,30.09,73.96,94,2.48,790.0,39.81,30.44,27.91,41.77,69.4,10,0,26.1,2026-08-28T13:00,81793,14723.95,29.17,True,1,33.33,54.94,High,ORANGE,#E67E22,Activate the local heat action plan; open cooling centres; shift strenuous outdoor work away from afternoon hours; alert hospitals for a possible heat-illness surge.,True,True,True,True,provisional-impact-risk-v2,Relative heat-health impact ranking; not a predicted death count,WorldPop exposure included; demographic and health-outcome calibration pending
161,MALVIYA NAGAR,2026-08-29,33.9,26.3,29.99,72.33,82,2.27,834.0,40.44,30.93,27.69,42.74,73.15,11,0,26.3,2026-08-29T13:00,81793,14723.95,29.17,True,2,66.67,60.35,High,ORANGE,#E67E22,Activate the local heat action plan; open cooling centres; shift strenuous outdoor work away from afternoon hours; alert hospitals for a possible heat-illness surge.,True,True,True,True,provisional-impact-risk-v2,Relative heat-health impact ranking; not a predicted death count,WorldPop exposure included; demographic and health-outcome calibration pending
161,MALVIYA NAGAR,2026-08-30,34.1,26.7,30.25,70.92,80,2.13,806.0,40.82,30.99,27.79,42.58,73.32,11,0,26.7,2026-08-30T13:00,81793,14723.95,29.17,True,3,100.0,62.93,High,ORANGE,#E67E22,Activate the local heat action plan; open cooling centres; shift strenuous outdoor work away from afternoon hours; alert hospitals for a possible heat-illness surge.,True,True,True,True,provisional-impact-risk-v2,Relative heat-health impact ranking; not a predicted death count,WorldPop exposure included; demographic and health-outcome calibration pending
161,MALVIYA NAGAR,2026-08-31,34.4,26.5,30.2,69.75,86,1.81,838.0,40.05,30.94,27.61,42.86,73.15,11,0,26.5,2026-08-31T13:00,81793,14723.95,29.17,True,4,100.0,62.79,High,ORANGE,#E67E22,Activate the local heat action plan; open cooling centres; shift strenuous outdoor work away from afternoon hours; alert hospitals for a possible heat-illness surge.,True,True,True,True,provisional-impact-risk-v2,Relative heat-health impact ranking; not a predicted death count,WorldPop exposure included; demographic and health-outcome calibration pending
161,MALVIYA NAGAR,2026-09-01,33.7,26.8,29.51,74.25,93,1.35,782.0,39.09,30.35,27.44,41.78,68.62,7,0,26.8,2026-09-01T13:00,81793,14723.95,29.17,True,5,100.0,58.9,High,ORANGE,#E67E22,Activate the local heat action plan; open cooling centres; shift strenuous outdoor work away from afternoon hours; alert hospitals for a possible heat-illness surge.,True,True,True,True,provisional-impact-risk-v2,Relative heat-health impact ranking; not a predicted death count,WorldPop exposure included; demographic and health-outcome calibration pending
162,HAUZ RANI,2026-08-28,34.0,26.1,30.09,73.96,94,2.48,790.0,39.81,30.44,27.91,41.77,69.4,10,0,26.1,2026-08-28T13:00,28181,27328.36,29.3,True,1,33.33,54.96,High,ORANGE,#E67E22,Activate the local heat action plan; open cooling centres; shift strenuous outdoor work away from afternoon hours; alert hospitals for a possible heat-illness surge.,True,True,True,True,provisional-impact-risk-v2,Relative heat-health impact ranking; not a predicted death count,WorldPop exposure included; demographic and health-outcome calibration pending
162,HAUZ RANI,2026-08-29,33.9,26.3,29.99,72.33,82,2.27,834.0,40.44,30.93,27.69,42.74,73.15,11,0,26.3,2026-08-29T13:00,28181,27328.36,29.3,True,2,66.67,60.37,High,ORANGE,#E67E22,Activate the local heat action plan; open cooling centres; shift strenuous outdoor work away from afternoon hours; alert hospitals for a possible heat-illness surge.,True,True,True,True,provisional-impact-risk-v2,Relative heat-health impact ranking; not a predicted death count,WorldPop exposure included; demographic and health-outcome calibration pending
162,HAUZ RANI,2026-08-30,34.1,26.7,30.25,70.92,80,2.13,806.0,40.82,30.99,27.79,42.58,73.32,11,0,26.7,2026-08-30T13:00,28181,27328.36,29.3,True,3,100.0,62.95,High,ORANGE,#E67E22,Activate the local heat action plan; open cooling centres; shift strenuous outdoor work away from afternoon hours; alert hospitals for a possible heat-illness surge.,True,True,True,True,provisional-impact-risk-v2,Relative heat-health impact ranking; not a predicted death count,WorldPop exposure included; demographic and health-outcome calibration pending
162,HAUZ RANI,2026-08-31,34.4,26.5,30.2,69.75,86,1.81,838.0,40.05,30.94,27.61,42.86,73.15,11,0,26.5,2026-08-31T13:00,28181,27328.36,29.3,True,4,100.0,62.81,High,ORANGE,#E67E22,Activate the local heat action plan; open cooling centres; shift strenuous outdoor work away from afternoon hours; alert hospitals for a possible heat-illness surge.,True,True,True,True,provisional-impact-risk-v2,Relative heat-health impact ranking; not a predicted death count,WorldPop exposure included; demographic and health-outcome calibration pending
162,HAUZ RANI,2026-09-01,33.7,26.8,29.51,74.25,93,1.35,782.0,39.09,30.35,27.44,41.78,68.62,7,0,26.8,2026-09-01T13:00,28181,27328.36,29.3,True,5,100.0,58.92,High,ORANGE,#E67E22,Activate the local heat action plan; open cooling centres; shift strenuous outdoor work away from afternoon hours; alert hospitals for a possible heat-illness surge.,True,True,True,True,provisional-impact-risk-v2,Relative heat-health impact ranking; not a predicted death count,WorldPop exposure included; demographic and health-outcome calibration pending
163,SAFDARJANG ENCLAVE,2026-08-28,34.2,26.2,30.38,73.29,94,2.18,775.0,39.57,30.44,28.1,41.92,69.6,12,0,26.2,2026-08-28T13:00,51880,14108.56,20.46,True,1,33.33,53.89,High,ORANGE,#E67E22,Activate the local heat action plan; open cooling centres; shift strenuous outdoor work away from afternoon hours; alert hospitals for a possible heat-illness surge.,True,True,True,True,provisional-impact-risk-v2,Relative heat-health impact ranking; not a predicted death count,WorldPop exposure included; demographic and health-outcome calibration pending
163,SAFDARJANG ENCLAVE,2026-08-29,34.4,26.5,30.41,70.46,81,2.07,839.0,40.79,31.11,27.88,43.24,74.68,13,1,26.5,2026-08-29T13:00,51880,14108.56,20.46,True,2,66.67,60.31,High,ORANGE,#E67E22,Activate the local heat action plan; open cooling centres; shift strenuous outdoor work away from afternoon hours; alert hospitals for a possible heat-illness surge.,True,True,True,True,provisional-impact-risk-v2,Relative heat-health impact ranking; not a predicted death count,WorldPop exposure included; demographic and health-outcome calibration pending
163,SAFDARJANG ENCLAVE,2026-08-30,34.9,27.0,30.84,67.92,78,1.95,796.0,41.23,31.05,28.0,42.74,73.95,13,1,27.0,2026-08-30T14:00,51880,14108.56,20.46,True,3,100.0,62.19,High,ORANGE,#E67E22,Activate the local heat action plan; open cooling centres; shift strenuous outdoor work away from afternoon hours; alert hospitals for a possible heat-illness surge.,True,True,True,True,provisional-impact-risk-v2,Relative heat-health impact ranking; not a predicted death count,WorldPop exposure included; demographic and health-outcome calibration pending
163,SAFDARJANG ENCLAVE,2026-08-31,35.4,27.0,31.04,65.17,80,1.68,830.0,41.23,31.25,27.87,43.6,75.63,12,2,27.0,2026-08-31T13:00,51880,14108.56,20.46,True,4,100.0,63.6,High,ORANGE,#E67E22,Activate the local heat action plan; open cooling centres; shift strenuous outdoor work away from afternoon hours; alert hospitals for a possible heat-illness surge.,True,True,True,True,provisional-impact-risk-v2,Relative heat-health impact ranking; not a predicted death count,WorldPop exposure included; demographic and health-outcome calibration pending
163,SAFDARJANG ENCLAVE,2026-09-01,34.5,27.5,30.21,70.5,90,1.23,788.0,40.16,30.68,27.69,42.56,71.32,7,0,27.5,2026-09-01T13:00,51880,14108.56,20.46,True,5,100.0,59.98,High,ORANGE,#E67E22,Activate the local heat action plan; open cooling centres; shift strenuous outdoor work away from afternoon hours; alert hospitals for a possible heat-illness surge.,True,True,True,True,provisional-impact-risk-v2,Relative heat-health impact ranking; not a predicted death count,WorldPop exposure included; demographic and health-outcome calibration pending
164,HAUZ KHAS,2026-08-28,34.2,26.2,30.38,73.29,94,2.18,775.0,39.57,30.44,28.1,41.92,69.6,12,0,26.2,2026-08-28T13:00,52906,23060.76,31.02,True,1,33.33,55.36,High,ORANGE,#E67E22,Activate the local heat action plan; open cooling centres; shift strenuous outdoor work away from afternoon hours; alert hospitals for a possible heat-illness surge.,True,True,True,True,provisional-impact-risk-v2,Relative heat-health impact ranking; not a predicted death count,WorldPop exposure included; demographic and health-outcome calibration pending
164,HAUZ KHAS,2026-08-29,34.4,26.5,30.41,70.46,81,2.07,839.0,40.79,31.11,27.88,43.24,74.68,13,1,26.5,2026-08-29T13:00,52906,23060.76,31.02,True,2,66.67,61.89,High,ORANGE,#E67E22,Activate the local heat action plan; open cooling centres; shift strenuous outdoor work away from afternoon hours; alert hospitals for a possible heat-illness surge.,True,True,True,True,provisional-impact-risk-v2,Relative heat-health impact ranking; not a predicted death count,WorldPop exposure included; demographic and health-outcome calibration pending
164,HAUZ KHAS,2026-08-30,34.9,27.0,30.84,67.92,78,1.95,796.0,41.23,31.05,28.0,42.74,73.95,13,1,27.0,2026-08-30T14:00,52906,23060.76,31.02,True,3,100.0,63.75,High,ORANGE,#E67E22,Activate the local heat action plan; open cooling centres; shift strenuous outdoor work away from afternoon hours; alert hospitals for a possible heat-illness surge.,True,True,True,True,provisional-impact-risk-v2,Relative heat-health impact ranking; not a predicted death count,WorldPop exposure included; demographic and health-outcome calibration pending
164,HAUZ KHAS,2026-08-31,35.4,27.0,31.04,65.17,80,1.68,830.0,41.23,31.25,27.87,43.6,75.63,12,2,27.0,2026-08-31T13:00,52906,23060.76,31.02,True,4,100.0,65.19,High,ORANGE,#E67E22,Activate the local heat action plan; open cooling centres; shift strenuous outdoor work away from afternoon hours; alert hospitals for a possible heat-illness surge.,True,True,True,True,provisional-impact-risk-v2,Relative heat-health impact ranking; not a predicted death count,WorldPop exposure included; demographic and health-outcome calibration pending
164,HAUZ KHAS,2026-09-01,34.5,27.5,30.21,70.5,90,1.23,788.0,40.16,30.68,27.69,42.56,71.32,7,0,27.5,2026-09-01T13:00,52906,23060.76,31.02,True,5,100.0,61.48,High,ORANGE,#E67E22,Activate the local heat action plan; open cooling centres; shift strenuous outdoor work away from afternoon hours; alert hospitals for a possible heat-illness surge.,True,True,True,True,provisional-impact-risk-v2,Relative heat-health impact ranking; not a predicted death count,WorldPop exposure included; demographic and health-outcome calibration pending
165,VASANT VIHAR,2026-08-28,34.2,26.2,30.38,73.29,94,2.18,775.0,39.57,30.44,28.1,41.92,69.6,12,0,26.2,2026-08-28T13:00,44253,7717.38,11.08,True,1,33.33,52.58,High,ORANGE,#E67E22,Activate the local heat action plan; open cooling centres; shift strenuous outdoor work away from afternoon hours; alert hospitals for a possible heat-illness surge.,True,True,True,True,provisional-impact-risk-v2,Relative heat-health impact ranking; not a predicted death count,WorldPop exposure included; demographic and health-outcome calibration pending
165,VASANT VIHAR,2026-08-29,34.4,26.5,30.41,70.46,81,2.07,839.0,40.79,31.11,27.88,43.24,74.68,13,1,26.5,2026-08-29T13:00,44253,7717.38,11.08,True,2,66.67,58.91,High,ORANGE,#E67E22,Activate the local heat action plan; open cooling centres; shift strenuous outdoor work away from afternoon hours; alert hospitals for a possible heat-illness surge.,True,True,True,True,provisional-impact-risk-v2,Relative heat-health impact ranking; not a predicted death count,WorldPop exposure included; demographic and health-outcome calibration pending
165,VASANT VIHAR,2026-08-30,34.9,27.0,30.84,67.92,78,1.95,796.0,41.23,31.05,28.0,42.74,73.95,13,1,27.0,2026-08-30T14:00,44253,7717.38,11.08,True,3,100.0,60.8,High,ORANGE,#E67E22,Activate the local heat action plan; open cooling centres; shift strenuous outdoor work away from afternoon hours; alert hospitals for a possible heat-illness surge.,True,True,True,True,provisional-impact-risk-v2,Relative heat-health impact ranking; not a predicted death count,WorldPop exposure included; demographic and health-outcome calibration pending
165,VASANT VIHAR,2026-08-31,35.4,27.0,31.04,65.17,80,1.68,830.0,41.23,31.25,27.87,43.6,75.63,12,2,27.0,2026-08-31T13:00,44253,7717.38,11.08,True,4,100.0,62.18,High,ORANGE,#E67E22,Activate the local heat action plan; open cooling centres; shift strenuous outdoor work away from afternoon hours; alert hospitals for a possible heat-illness surge.,True,True,True,True,provisional-impact-risk-v2,Relative heat-health impact ranking; not a predicted death count,WorldPop exposure included; demographic and health-outcome calibration pending
165,VASANT VIHAR,2026-09-01,34.5,27.5,30.21,70.5,90,1.23,788.0,40.16,30.68,27.69,42.56,71.32,7,0,27.5,2026-09-01T13:00,44253,7717.38,11.08,True,5,100.0,58.64,High,ORANGE,#E67E22,Activate the local heat action plan; open cooling centres; shift strenuous outdoor work away from afternoon hours; alert hospitals for a possible heat-illness surge.,True,True,True,True,provisional-impact-risk-v2,Relative heat-health impact ranking; not a predicted death count,WorldPop exposure included; demographic and health-outcome calibration pending
166,MUNIRKA,2026-08-28,34.2,26.2,30.38,73.29,94,2.18,775.0,39.57,30.44,28.1,41.92,69.6,12,0,26.2,2026-08-28T13:00,11693,9648.49,5.03,True,1,33.33,51.74,High,ORANGE,#E67E22,Activate the local heat action plan; open cooling centres; shift strenuous outdoor work away from afternoon hours; alert hospitals for a possible heat-illness surge.,True,True,True,True,provisional-impact-risk-v2,Relative heat-health impact ranking; not a predicted death count,WorldPop exposure included; demographic and health-outcome calibration pending
166,MUNIRKA,2026-08-29,34.4,26.5,30.41,70.46,81,2.07,839.0,40.79,31.11,27.88,43.24,74.68,13,1,26.5,2026-08-29T13:00,11693,9648.49,5.03,True,2,66.67,58.01,High,ORANGE,#E67E22,Activate the local heat action plan; open cooling centres; shift strenuous outdoor work away from afternoon hours; alert hospitals for a possible heat-illness surge.,True,True,True,True,provisional-impact-risk-v2,Relative heat-health impact ranking; not a predicted death count,WorldPop exposure included; demographic and health-outcome calibration pending
166,MUNIRKA,2026-08-30,34.9,27.0,30.84,67.92,78,1.95,796.0,41.23,31.05,28.0,42.74,73.95,13,1,27.0,2026-08-30T14:00,11693,9648.49,5.03,True,3,100.0,59.9,High,ORANGE,#E67E22,Activate the local heat action plan; open cooling centres; shift strenuous outdoor work away from afternoon hours; alert hospitals for a possible heat-illness surge.,True,True,True,True,provisional-impact-risk-v2,Relative heat-health impact ranking; not a predicted death count,WorldPop exposure included; demographic and health-outcome calibration pending
166,MUNIRKA,2026-08-31,35.4,27.0,31.04,65.17,80,1.68,830.0,41.23,31.25,27.87,43.6,75.63,12,2,27.0,2026-08-31T13:00,11693,9648.49,5.03,True,4,100.0,61.26,High,ORANGE,#E67E22,Activate the local heat action plan; open cooling centres; shift strenuous outdoor work away from afternoon hours; alert hospitals for a possible heat-illness surge.,True,True,True,True,provisional-impact-risk-v2,Relative heat-health impact ranking; not a predicted death count,WorldPop exposure included; demographic and health-outcome calibration pending
166,MUNIRKA,2026-09-01,34.5,27.5,30.21,70.5,90,1.23,788.0,40.16,30.68,27.69,42.56,71.32,7,0,27.5,2026-09-01T13:00,11693,9648.49,5.03,True,5,100.0,57.78,High,ORANGE,#E67E22,Activate the local heat action plan; open cooling centres; shift strenuous outdoor work away from afternoon hours; alert hospitals for a possible heat-illness surge.,True,True,True,True,provisional-impact-risk-v2,Relative heat-health impact ranking; not a predicted death count,WorldPop exposure included; demographic and health-outcome calibration pending
167,R. K. PURAM,2026-08-28,34.2,26.2,30.38,73.29,94,2.18,775.0,39.57,30.44,28.1,41.92,69.6,12,0,26.2,2026-08-28T13:00,28040,12190.77,11.88,True,1,33.33,52.69,High,ORANGE,#E67E22,Activate the local heat action plan; open cooling centres; shift strenuous outdoor work away from afternoon hours; alert hospitals for a possible heat-illness surge.,True,True,True,True,provisional-impact-risk-v2,Relative heat-health impact ranking; not a predicted death count,WorldPop exposure included; demographic and health-outcome calibration pending
167,R. K. PURAM,2026-08-29,34.4,26.5,30.41,70.46,81,2.07,839.0,40.79,31.11,27.88,43.24,74.68,13,1,26.5,2026-08-29T13:00,28040,12190.77,11.88,True,2,66.67,59.03,High,ORANGE,#E67E22,Activate the local heat action plan; open cooling centres; shift strenuous outdoor work away from afternoon hours; alert hospitals for a possible heat-illness surge.,True,True,True,True,provisional-impact-risk-v2,Relative heat-health impact ranking; not a predicted death count,WorldPop exposure included; demographic and health-outcome calibration pending
167,R. K. PURAM,2026-08-30,34.9,27.0,30.84,67.92,78,1.95,796.0,41.23,31.05,28.0,42.74,73.95,13,1,27.0,2026-08-30T14:00,28040,12190.77,11.88,True,3,100.0,60.92,High,ORANGE,#E67E22,Activate the local heat action plan; open cooling centres; shift strenuous outdoor work away from afternoon hours; alert hospitals for a possible heat-illness surge.,True,True,True,True,provisional-impact-risk-v2,Relative heat-health impact ranking; not a predicted death count,WorldPop exposure included; demographic and health-outcome calibration pending
167,R. K. PURAM,2026-08-31,35.4,27.0,31.04,65.17,80,1.68,830.0,41.23,31.25,27.87,43.6,75.63,12,2,27.0,2026-08-31T13:00,28040,12190.77,11.88,True,4,100.0,62.3,High,ORANGE,#E67E22,Activate the local heat action plan; open cooling centres; shift strenuous outdoor work away from afternoon hours; alert hospitals for a possible heat-illness surge.,True,True,True,True,provisional-impact-risk-v2,Relative heat-health impact ranking; not a predicted death count,WorldPop exposure included; demographic and health-outcome calibration pending
167,R. K. PURAM,2026-09-01,34.5,27.5,30.21,70.5,90,1.23,788.0,40.16,30.68,27.69,42.56,71.32,7,0,27.5,2026-09-01T13:00,28040,12190.77,11.88,True,5,100.0,58.75,High,ORANGE,#E67E22,Activate the local heat action plan; open cooling centres; shift strenuous outdoor work away from afternoon hours; alert hospitals for a possible heat-illness surge.,True,True,True,True,provisional-impact-risk-v2,Relative heat-health impact ranking; not a predicted death count,WorldPop exposure included; demographic and health-outcome calibration pending
168,NANAK PURA,2026-08-28,34.2,26.2,30.38,73.29,94,2.18,775.0,39.57,30.44,28.1,41.92,69.6,12,0,26.2,2026-08-28T13:00,37313,11640.31,13.73,True,1,33.33,52.95,High,ORANGE,#E67E22,Activate the local heat action plan; open cooling centres; shift strenuous outdoor work away from afternoon hours; alert hospitals for a possible heat-illness surge.,True,True,True,True,provisional-impact-risk-v2,Relative heat-health impact ranking; not a predicted death count,WorldPop exposure included; demographic and health-outcome calibration pending
168,NANAK PURA,2026-08-29,34.4,26.5,30.41,70.46,81,2.07,839.0,40.79,31.11,27.88,43.24,74.68,13,1,26.5,2026-08-29T13:00,37313,11640.31,13.73,True,2,66.67,59.31,High,ORANGE,#E67E22,Activate the local heat action plan; open cooling centres; shift strenuous outdoor work away from afternoon hours; alert hospitals for a possible heat-illness surge.,True,True,True,True,provisional-impact-risk-v2,Relative heat-health impact ranking; not a predicted death count,WorldPop exposure included; demographic and health-outcome calibration pending
168,NANAK PURA,2026-08-30,34.9,27.0,30.84,67.92,78,1.95,796.0,41.23,31.05,28.0,42.74,73.95,13,1,27.0,2026-08-30T14:00,37313,11640.31,13.73,True,3,100.0,61.19,High,ORANGE,#E67E22,Activate the local heat action plan; open cooling centres; shift strenuous outdoor work away from afternoon hours; alert hospitals for a possible heat-illness surge.,True,True,True,True,provisional-impact-risk-v2,Relative heat-health impact ranking; not a predicted death count,WorldPop exposure included; demographic and health-outcome calibration pending
168,NANAK PURA,2026-08-31,35.4,27.0,31.04,65.17,80,1.68,830.0,41.23,31.25,27.87,43.6,75.63,12,2,27.0,2026-08-31T13:00,37313,11640.31,13.73,True,4,100.0,62.58,High,ORANGE,#E67E22,Activate the local heat action plan; open cooling centres; shift strenuous outdoor work away from afternoon hours; alert hospitals for a possible heat-illness surge.,True,True,True,True,provisional-impact-risk-v2,Relative heat-health impact ranking; not a predicted death count,WorldPop exposure included; demographic and health-outcome calibration pending
168,NANAK PURA,2026-09-01,34.5,27.5,30.21,70.5,90,1.23,788.0,40.16,30.68,27.69,42.56,71.32,7,0,27.5,2026-09-01T13:00,37313,11640.31,13.73,True,5,100.0,59.02,High,ORANGE,#E67E22,Activate the local heat action plan; open cooling centres; shift strenuous outdoor work away from afternoon hours; alert hospitals for a possible heat-illness surge.,True,True,True,True,provisional-impact-risk-v2,Relative heat-health impact ranking; not a predicted death count,WorldPop exposure included; demographic and health-outcome calibration pending
169,LADOSARAI,2026-08-28,34.0,26.1,30.09,73.96,94,2.48,790.0,39.81,30.44,27.91,41.77,69.4,10,0,26.1,2026-08-28T13:00,86033,13450.64,28.84,True,1,33.33,54.9,High,ORANGE,#E67E22,Activate the local heat action plan; open cooling centres; shift strenuous outdoor work away from afternoon hours; alert hospitals for a possible heat-illness surge.,True,True,True,True,provisional-impact-risk-v2,Relative heat-health impact ranking; not a predicted death count,WorldPop exposure included; demographic and health-outcome calibration pending
169,LADOSARAI,2026-08-29,33.9,26.3,29.99,72.33,82,2.27,834.0,40.44,30.93,27.69,42.74,73.15,11,0,26.3,2026-08-29T13:00,86033,13450.64,28.84,True,2,66.67,60.3,High,ORANGE,#E67E22,Activate the local heat action plan; open cooling centres; shift strenuous outdoor work away from afternoon hours; alert hospitals for a possible heat-illness surge.,True,True,True,True,provisional-impact-risk-v2,Relative heat-health impact ranking; not a predicted death count,WorldPop exposure included; demographic and health-outcome calibration pending
169,LADOSARAI,2026-08-30,34.1,26.7,30.25,70.92,80,2.13,806.0,40.82,30.99,27.79,42.58,73.32,11,0,26.7,2026-08-30T13:00,86033,13450.64,28.84,True,3,100.0,62.88,High,ORANGE,#E67E22,Activate the local heat action plan; open cooling centres; shift strenuous outdoor work away from afternoon hours; alert hospitals for a possible heat-illness surge.,True,True,True,True,provisional-impact-risk-v2,Relative heat-health impact ranking; not a predicted death count,WorldPop exposure included; demographic and health-outcome calibration pending
169,LADOSARAI,2026-08-31,34.4,26.5,30.2,69.75,86,1.81,838.0,40.05,30.94,27.61,42.86,73.15,11,0,26.5,2026-08-31T13:00,86033,13450.64,28.84,True,4,100.0,62.74,High,ORANGE,#E67E22,Activate the local heat action plan; open cooling centres; shift strenuous outdoor work away from afternoon hours; alert hospitals for a possible heat-illness surge.,True,True,True,True,provisional-impact-risk-v2,Relative heat-health impact ranking; not a predicted death count,WorldPop exposure included; demographic and health-outcome calibration pending
169,LADOSARAI,2026-09-01,33.7,26.8,29.51,74.25,93,1.35,782.0,39.09,30.35,27.44,41.78,68.62,7,0,26.8,2026-09-01T13:00,86033,13450.64,28.84,True,5,100.0,58.86,High,ORANGE,#E67E22,Activate the local heat action plan; open cooling centres; shift strenuous outdoor work away from afternoon hours; alert hospitals for a possible heat-illness surge.,True,True,True,True,provisional-impact-risk-v2,Relative heat-health impact ranking; not a predicted death count,WorldPop exposure included; demographic and health-outcome calibration pending
17,SAMAYPUR BADLI,2026-08-28,34.4,27.3,30.79,72.83,91,1.92,767.0,40.05,30.37,28.43,41.63,68.98,13,0,27.3,2026-08-28T13:00,78699,25631.51,40.87,True,1,33.33,56.22,High,ORANGE,#E67E22,Activate the local heat action plan; open cooling centres; shift strenuous outdoor work away from afternoon hours; alert hospitals for a possible heat-illness surge.,True,True,True,True,provisional-impact-risk-v2,Relative heat-health impact ranking; not a predicted death count,WorldPop exposure included; demographic and health-outcome calibration pending
17,SAMAYPUR BADLI,2026-08-29,34.7,26.8,30.92,68.12,79,2.03,846.0,41.14,31.17,28.12,43.44,75.22,14,1,26.8,2026-08-29T13:00,78699,25631.51,40.87,True,2,66.67,63.82,High,ORANGE,#E67E22,Activate the local heat action plan; open cooling centres; shift strenuous outdoor work away from afternoon hours; alert hospitals for a possible heat-illness surge.,True,True,True,True,provisional-impact-risk-v2,Relative heat-health impact ranking; not a predicted death count,WorldPop exposure included; demographic and health-outcome calibration pending
17,SAMAYPUR BADLI,2026-08-30,35.2,27.4,31.52,64.38,76,1.74,795.0,41.73,31.29,28.25,42.99,75.39,15,2,27.4,2026-08-30T14:00,78699,25631.51,40.87,True,3,100.0,66.47,High,ORANGE,#E67E22,Activate the local heat action plan; open cooling centres; shift strenuous outdoor work away from afternoon hours; alert hospitals for a possible heat-illness surge.,True,True,True,True,provisional-impact-risk-v2,Relative heat-health impact ranking; not a predicted death count,WorldPop exposure included; demographic and health-outcome calibration pending
17,SAMAYPUR BADLI,2026-08-31,35.3,27.5,31.55,61.67,75,1.63,809.0,40.99,31.07,27.96,43.32,74.39,11,2,27.5,2026-08-31T14:00,78699,25631.51,40.87,True,4,100.0,65.59,High,ORANGE,#E67E22,Activate the local heat action plan; open cooling centres; shift strenuous outdoor work away from afternoon hours; alert hospitals for a possible heat-illness surge.,True,True,True,True,provisional-impact-risk-v2,Relative heat-health impact ranking; not a predicted death count,WorldPop exposure included; demographic and health-outcome calibration pending
17,SAMAYPUR BADLI,2026-09-01,34.0,28.2,30.43,70.71,87,1.24,787.0,40.31,30.81,27.95,42.4,72.07,8,0,28.2,2026-09-01T13:00,78699,25631.51,40.87,True,5,100.0,63.55,High,ORANGE,#E67E22,Activate the local heat action plan; open cooling centres; shift strenuous outdoor work away from afternoon hours; alert hospitals for a possible heat-illness surge.,True,True,True,True,provisional-impact-risk-v2,Relative heat-health impact ranking; not a predicted death count,WorldPop exposure included; demographic and health-outcome calibration pending
170,MEHRAULI,2026-08-28,34.0,26.1,30.09,73.96,94,2.48,790.0,39.81,30.44,27.91,41.77,69.4,10,0,26.1,2026-08-28T13:00,38897,13058.38,15.78,True,1,33.33,53.08,High,ORANGE,#E67E22,Activate the local heat action plan; open cooling centres; shift strenuous outdoor work away from afternoon hours; alert hospitals for a possible heat-illness surge.,True,True,True,True,provisional-impact-risk-v2,Relative heat-health impact ranking; not a predicted death count,WorldPop exposure included; demographic and health-outcome calibration pending
170,MEHRAULI,2026-08-29,33.9,26.3,29.99,72.33,82,2.27,834.0,40.44,30.93,27.69,42.74,73.15,11,0,26.3,2026-08-29T13:00,38897,13058.38,15.78,True,2,66.67,58.39,High,ORANGE,#E67E22,Activate the local heat action plan; open cooling centres; shift strenuous outdoor work away from afternoon hours; alert hospitals for a possible heat-illness surge.,True,True,True,True,provisional-impact-risk-v2,Relative heat-health impact ranking; not a predicted death count,WorldPop exposure included; demographic and health-outcome calibration pending
170,MEHRAULI,2026-08-30,34.1,26.7,30.25,70.92,80,2.13,806.0,40.82,30.99,27.79,42.58,73.32,11,0,26.7,2026-08-30T13:00,38897,13058.38,15.78,True,3,100.0,60.97,High,ORANGE,#E67E22,Activate the local heat action plan; open cooling centres; shift strenuous outdoor work away from afternoon hours; alert hospitals for a possible heat-illness surge.,True,True,True,True,provisional-impact-risk-v2,Relative heat-health impact ranking; not a predicted death count,WorldPop exposure included; demographic and health-outcome calibration pending
170,MEHRAULI,2026-08-31,34.4,26.5,30.2,69.75,86,1.81,838.0,40.05,30.94,27.61,42.86,73.15,11,0,26.5,2026-08-31T13:00,38897,13058.38,15.78,True,4,100.0,60.83,High,ORANGE,#E67E22,Activate the local heat action plan; open cooling centres; shift strenuous outdoor work away from afternoon hours; alert hospitals for a possible heat-illness surge.,True,True,True,True,provisional-impact-risk-v2,Relative heat-health impact ranking; not a predicted death count,WorldPop exposure included; demographic and health-outcome calibration pending
170,MEHRAULI,2026-09-01,33.7,26.8,29.51,74.25,93,1.35,782.0,39.09,30.35,27.44,41.78,68.62,7,0,26.8,2026-09-01T13:00,38897,13058.38,15.78,True,5,100.0,57.06,High,ORANGE,#E67E22,Activate the local heat action plan; open cooling centres; shift strenuous outdoor work away from afternoon hours; alert hospitals for a possible heat-illness surge.,True,True,True,True,provisional-impact-risk-v2,Relative heat-health impact ranking; not a predicted death count,WorldPop exposure included; demographic and health-outcome calibration pending
171,VASANTKUNJ,2026-08-28,34.2,26.2,30.38,73.29,94,2.18,775.0,39.57,30.44,28.1,41.92,69.6,12,0,26.2,2026-08-28T13:00,35557,6236.76,7.05,True,1,33.33,52.02,High,ORANGE,#E67E22,Activate the local heat action plan; open cooling centres; shift strenuous outdoor work away from afternoon hours; alert hospitals for a possible heat-illness surge.,True,True,True,True,provisional-impact-risk-v2,Relative heat-health impact ranking; not a predicted death count,WorldPop exposure included; demographic and health-outcome calibration pending
171,VASANTKUNJ,2026-08-29,34.4,26.5,30.41,70.46,81,2.07,839.0,40.79,31.11,27.88,43.24,74.68,13,1,26.5,2026-08-29T13:00,35557,6236.76,7.05,True,2,66.67,58.31,High,ORANGE,#E67E22,Activate the local heat action plan; open cooling centres; shift strenuous outdoor work away from afternoon hours; alert hospitals for a possible heat-illness surge.,True,True,True,True,provisional-impact-risk-v2,Relative heat-health impact ranking; not a predicted death count,WorldPop exposure included; demographic and health-outcome calibration pending
171,VASANTKUNJ,2026-08-30,34.9,27.0,30.84,67.92,78,1.95,796.0,41.23,31.05,28.0,42.74,73.95,13,1,27.0,2026-08-30T14:00,35557,6236.76,7.05,True,3,100.0,60.2,High,ORANGE,#E67E22,Activate the local heat action plan; open cooling centres; shift strenuous outdoor work away from afternoon hours; alert hospitals for a possible heat-illness surge.,True,True,True,True,provisional-impact-risk-v2,Relative heat-health impact ranking; not a predicted death count,WorldPop exposure included; demographic and health-outcome calibration pending
171,VASANTKUNJ,2026-08-31,35.4,27.0,31.04,65.17,80,1.68,830.0,41.23,31.25,27.87,43.6,75.63,12,2,27.0,2026-08-31T13:00,35557,6236.76,7.05,True,4,100.0,61.57,High,ORANGE,#E67E22,Activate the local heat action plan; open cooling centres; shift strenuous outdoor work away from afternoon hours; alert hospitals for a possible heat-illness surge.,True,True,True,True,provisional-impact-risk-v2,Relative heat-health impact ranking; not a predicted death count,WorldPop exposure included; demographic and health-outcome calibration pending
171,VASANTKUNJ,2026-09-01,34.5,27.5,30.21,70.5,90,1.23,788.0,40.16,30.68,27.69,42.56,71.32,7,0,27.5,2026-09-01T13:00,35557,6236.76,7.05,True,5,100.0,58.06,High,ORANGE,#E67E22,Activate the local heat action plan; open cooling centres; shift strenuous outdoor work away from afternoon hours; alert hospitals for a possible heat-illness surge.,True,True,True,True,provisional-impact-risk-v2,Relative heat-health impact ranking; not a predicted death count,WorldPop exposure included; demographic and health-outcome calibration pending
172,KISHANGARH,2026-08-28,34.0,25.8,30.19,72.79,97,2.49,792.0,39.33,30.36,27.87,41.85,69.05,10,0,25.8,2026-08-28T13:00,107626,4794.99,25.22,True,1,33.33,54.12,High,ORANGE,#E67E22,Activate the local heat action plan; open cooling centres; shift strenuous outdoor work away from afternoon hours; alert hospitals for a possible heat-illness surge.,True,True,True,True,provisional-impact-risk-v2,Relative heat-health impact ranking; not a predicted death count,WorldPop exposure included; demographic and health-outcome calibration pending
172,KISHANGARH,2026-08-29,33.9,26.2,29.89,72.58,82,2.18,843.0,40.7,30.86,27.63,42.68,72.65,9,0,26.2,2026-08-29T13:00,107626,4794.99,25.22,True,2,66.67,59.37,High,ORANGE,#E67E22,Activate the local heat action plan; open cooling centres; shift strenuous outdoor work away from afternoon hours; alert hospitals for a possible heat-illness surge.,True,True,True,True,provisional-impact-risk-v2,Relative heat-health impact ranking; not a predicted death count,WorldPop exposure included; demographic and health-outcome calibration pending
172,KISHANGARH,2026-08-30,33.9,26.5,30.06,71.75,81,2.07,827.0,40.94,30.79,27.73,42.43,71.9,11,0,26.5,2026-08-30T12:00,107626,4794.99,25.22,True,3,100.0,61.15,High,ORANGE,#E67E22,Activate the local heat action plan; open cooling centres; shift strenuous outdoor work away from afternoon hours; alert hospitals for a possible heat-illness surge.,True,True,True,True,provisional-impact-risk-v2,Relative heat-health impact ranking; not a predicted death count,WorldPop exposure included; demographic and health-outcome calibration pending
172,KISHANGARH,2026-08-31,33.7,26.5,29.88,70.42,85,1.83,836.0,39.57,30.74,27.4,42.55,71.67,9,0,26.5,2026-08-31T13:00,107626,4794.99,25.22,True,4,100.0,60.95,High,ORANGE,#E67E22,Activate the local heat action plan; open cooling centres; shift strenuous outdoor work away from afternoon hours; alert hospitals for a possible heat-illness surge.,True,True,True,True,provisional-impact-risk-v2,Relative heat-health impact ranking; not a predicted death count,WorldPop exposure included; demographic and health-outcome calibration pending
172,KISHANGARH,2026-09-01,33.9,26.4,29.45,73.0,93,1.59,811.0,38.85,30.4,27.26,42.08,69.17,7,0,26.4,2026-09-01T13:00,107626,4794.99,25.22,True,5,100.0,58.82,High,ORANGE,#E67E22,Activate the local heat action plan; open cooling centres; shift strenuous outdoor work away from afternoon hours; alert hospitals for a possible heat-illness surge.,True,True,True,True,provisional-impact-risk-v2,Relative heat-health impact ranking; not a predicted death count,WorldPop exposure included; demographic and health-outcome calibration pending
173,DEOLI,2026-08-28,34.0,26.1,30.09,73.96,94,2.48,790.0,39.81,30.44,27.91,41.77,69.4,10,0,26.1,2026-08-28T13:00,133893,12893.42,41.01,True,1,33.33,56.59,High,ORANGE,#E67E22,Activate the local heat action plan; open cooling centres; shift strenuous outdoor work away from afternoon hours; alert hospitals for a possible heat-illness surge.,True,True,True,True,provisional-impact-risk-v2,Relative heat-health impact ranking; not a predicted death count,WorldPop exposure included; demographic and health-outcome calibration pending
173,DEOLI,2026-08-29,33.9,26.3,29.99,72.33,82,2.27,834.0,40.44,30.93,27.69,42.74,73.15,11,0,26.3,2026-08-29T13:00,133893,12893.42,41.01,True,2,66.67,62.08,High,ORANGE,#E67E22,Activate the local heat action plan; open cooling centres; shift strenuous outdoor work away from afternoon hours; alert hospitals for a possible heat-illness surge.,True,True,True,True,provisional-impact-risk-v2,Relative heat-health impact ranking; not a predicted death count,WorldPop exposure included; demographic and health-outcome calibration pending
173,DEOLI,2026-08-30,34.1,26.7,30.25,70.92,80,2.13,806.0,40.82,30.99,27.79,42.58,73.32,11,0,26.7,2026-08-30T13:00,133893,12893.42,41.01,True,3,100.0,64.67,High,ORANGE,#E67E22,Activate the local heat action plan; open cooling centres; shift strenuous outdoor work away from afternoon hours; alert hospitals for a possible heat-illness surge.,True,True,True,True,provisional-impact-risk-v2,Relative heat-health impact ranking; not a predicted death count,WorldPop exposure included; demographic and health-outcome calibration pending
173,DEOLI,2026-08-31,34.4,26.5,30.2,69.75,86,1.81,838.0,40.05,30.94,27.61,42.86,73.15,11,0,26.5,2026-08-31T13:00,133893,12893.42,41.01,True,4,100.0,64.52,High,ORANGE,#E67E22,Activate the local heat action plan; open cooling centres; shift strenuous outdoor work away from afternoon hours; alert hospitals for a possible heat-illness surge.,True,True,True,True,provisional-impact-risk-v2,Relative heat-health impact ranking; not a predicted death count,WorldPop exposure included; demographic and health-outcome calibration pending
173,DEOLI,2026-09-01,33.7,26.8,29.51,74.25,93,1.35,782.0,39.09,30.35,27.44,41.78,68.62,7,0,26.8,2026-09-01T13:00,133893,12893.42,41.01,True,5,100.0,60.53,High,ORANGE,#E67E22,Activate the local heat action plan; open cooling centres; shift strenuous outdoor work away from afternoon hours; alert hospitals for a possible heat-illness surge.,True,True,True,True,provisional-impact-risk-v2,Relative heat-health impact ranking; not a predicted death count,WorldPop exposure included; demographic and health-outcome calibration pending
174,CHHATARPUR,2026-08-28,34.0,26.1,30.09,73.96,94,2.48,790.0,39.81,30.44,27.91,41.77,69.4,10,0,26.1,2026-08-28T13:00,156033,11917.65,45.81,True,1,33.33,57.25,High,ORANGE,#E67E22,Activate the local heat action plan; open cooling centres; shift strenuous outdoor work away from afternoon hours; alert hospitals for a possible heat-illness surge.,True,True,True,True,provisional-impact-risk-v2,Relative heat-health impact ranking; not a predicted death count,WorldPop exposure included; demographic and health-outcome calibration pending
174,CHHATARPUR,2026-08-29,33.9,26.3,29.99,72.33,82,2.27,834.0,40.44,30.93,27.69,42.74,73.15,11,0,26.3,2026-08-29T13:00,156033,11917.65,45.81,True,2,66.67,62.78,High,ORANGE,#E67E22,Activate the local heat action plan; open cooling centres; shift strenuous outdoor work away from afternoon hours; alert hospitals for a possible heat-illness surge.,True,True,True,True,provisional-impact-risk-v2,Relative heat-health impact ranking; not a predicted death count,WorldPop exposure included; demographic and health-outcome calibration pending
174,CHHATARPUR,2026-08-30,34.1,26.7,30.25,70.92,80,2.13,806.0,40.82,30.99,27.79,42.58,73.32,11,0,26.7,2026-08-30T13:00,156033,11917.65,45.81,True,3,100.0,65.37,High,ORANGE,#E67E22,Activate the local heat action plan; open cooling centres; shift strenuous outdoor work away from afternoon hours; alert hospitals for a possible heat-illness surge.,True,True,True,True,provisional-impact-risk-v2,Relative heat-health impact ranking; not a predicted death count,WorldPop exposure included; demographic and health-outcome calibration pending
174,CHHATARPUR,2026-08-31,34.4,26.5,30.2,69.75,86,1.81,838.0,40.05,30.94,27.61,42.86,73.15,11,0,26.5,2026-08-31T13:00,156033,11917.65,45.81,True,4,100.0,65.23,High,ORANGE,#E67E22,Activate the local heat action plan; open cooling centres; shift strenuous outdoor work away from afternoon hours; alert hospitals for a possible heat-illness surge.,True,True,True,True,provisional-impact-risk-v2,Relative heat-health impact ranking; not a predicted death count,WorldPop exposure included; demographic and health-outcome calibration pending
174,CHHATARPUR,2026-09-01,33.7,26.8,29.51,74.25,93,1.35,782.0,39.09,30.35,27.44,41.78,68.62,7,0,26.8,2026-09-01T13:00,156033,11917.65,45.81,True,5,100.0,61.19,High,ORANGE,#E67E22,Activate the local heat action plan; open cooling centres; shift strenuous outdoor work away from afternoon hours; alert hospitals for a possible heat-illness surge.,True,True,True,True,provisional-impact-risk-v2,Relative heat-health impact ranking; not a predicted death count,WorldPop exposure included; demographic and health-outcome calibration pending
175,AYA NAGAR,2026-08-28,34.0,26.2,30.1,73.33,94,2.74,798.0,39.45,30.37,27.84,41.7,68.96,10,0,26.2,2026-08-28T13:00,207016,6486.54,41.4,True,1,33.33,56.28,High,ORANGE,#E67E22,Activate the local heat action plan; open cooling centres; shift strenuous outdoor work away from afternoon hours; alert hospitals for a possible heat-illness surge.,True,True,True,True,provisional-impact-risk-v2,Relative heat-health impact ranking; not a predicted death count,WorldPop exposure included; demographic and health-outcome calibration pending
175,AYA NAGAR,2026-08-29,33.8,26.1,29.71,72.92,82,2.46,842.0,40.44,30.82,27.48,42.61,72.4,9,0,26.1,2026-08-29T13:00,207016,6486.54,41.4,True,2,66.67,61.5,High,ORANGE,#E67E22,Activate the local heat action plan; open cooling centres; shift strenuous outdoor work away from afternoon hours; alert hospitals for a possible heat-illness surge.,True,True,True,True,provisional-impact-risk-v2,Relative heat-health impact ranking; not a predicted death count,WorldPop exposure included; demographic and health-outcome calibration pending
175,AYA NAGAR,2026-08-30,33.8,26.4,29.9,72.04,81,2.25,837.0,40.47,30.8,27.6,42.51,72.01,11,0,26.4,2026-08-30T13:00,207016,6486.54,41.4,True,3,100.0,63.57,High,ORANGE,#E67E22,Activate the local heat action plan; open cooling centres; shift strenuous outdoor work away from afternoon hours; alert hospitals for a possible heat-illness surge.,True,True,True,True,provisional-impact-risk-v2,Relative heat-health impact ranking; not a predicted death count,WorldPop exposure included; demographic and health-outcome calibration pending
175,AYA NAGAR,2026-08-31,33.4,26.3,29.64,71.38,86,2.08,844.0,39.55,30.68,27.27,42.34,71.14,8,0,26.3,2026-08-31T13:00,207016,6486.54,41.4,True,4,100.0,62.8,High,ORANGE,#E67E22,Activate the local heat action plan; open cooling centres; shift strenuous outdoor work away from afternoon hours; alert hospitals for a possible heat-illness surge.,True,True,True,True,provisional-impact-risk-v2,Relative heat-health impact ranking; not a predicted death count,WorldPop exposure included; demographic and health-outcome calibration pending
175,AYA NAGAR,2026-09-01,33.6,25.9,29.11,74.96,93,1.73,811.0,38.86,30.36,27.14,41.92,68.79,8,0,25.9,2026-09-01T13:00,207016,6486.54,41.4,True,5,100.0,60.73,High,ORANGE,#E67E22,Activate the local heat action plan; open cooling centres; shift strenuous outdoor work away from afternoon hours; alert hospitals for a possible heat-illness surge.,True,True,True,True,provisional-impact-risk-v2,Relative heat-health impact ranking; not a predicted death count,WorldPop exposure included; demographic and health-outcome calibration pending
176,BHATI,2026-08-28,34.0,26.4,30.04,73.96,91,2.68,802.0,39.81,30.43,27.86,41.74,69.32,10,0,26.4,2026-08-28T13:00,257108,5527.23,40.3,True,1,33.33,56.42,High,ORANGE,#E67E22,Activate the local heat action plan; open cooling centres; shift strenuous outdoor work away from afternoon hours; alert hospitals for a possible heat-illness surge.,True,True,True,True,provisional-impact-risk-v2,Relative heat-health impact ranking; not a predicted death count,WorldPop exposure included; demographic and health-outcome calibration pending
176,BHATI,2026-08-29,33.8,26.3,29.85,72.67,82,2.41,831.0,40.75,30.9,27.59,42.66,72.92,10,0,26.3,2026-08-29T13:00,257108,5527.23,40.3,True,2,66.67,61.78,High,ORANGE,#E67E22,Activate the local heat action plan; open cooling centres; shift strenuous outdoor work away from afternoon hours; alert hospitals for a possible heat-illness surge.,True,True,True,True,provisional-impact-risk-v2,Relative heat-health impact ranking; not a predicted death count,WorldPop exposure included; demographic and health-outcome calibration pending
176,BHATI,2026-08-30,33.8,26.7,30.01,72.17,82,2.15,816.0,40.83,30.98,27.72,42.6,73.24,11,0,26.7,2026-08-30T13:00,257108,5527.23,40.3,True,3,100.0,64.49,High,ORANGE,#E67E22,Activate the local heat action plan; open cooling centres; shift strenuous outdoor work away from afternoon hours; alert hospitals for a possible heat-illness surge.,True,True,True,True,provisional-impact-risk-v2,Relative heat-health impact ranking; not a predicted death count,WorldPop exposure included; demographic and health-outcome calibration pending
176,BHATI,2026-08-31,33.7,26.4,29.83,71.54,87,1.89,843.0,39.82,30.64,27.47,42.26,70.81,9,0,26.4,2026-08-31T13:00,257108,5527.23,40.3,True,4,100.0,62.36,High,ORANGE,#E67E22,Activate the local heat action plan; open cooling centres; shift strenuous outdoor work away from afternoon hours; alert hospitals for a possible heat-illness surge.,True,True,True,True,provisional-impact-risk-v2,Relative heat-health impact ranking; not a predicted death count,WorldPop exposure included; demographic and health-outcome calibration pending
176,BHATI,2026-09-01,32.9,26.2,29.05,77.38,94,1.36,768.0,38.76,30.21,27.33,41.17,67.15,8,0,26.2,2026-09-01T13:00,257108,5527.23,40.3,True,5,100.0,59.14,High,ORANGE,#E67E22,Activate the local heat action plan; open cooling centres; shift strenuous outdoor work away from afternoon hours; alert hospitals for a possible heat-illness surge.,True,True,True,True,provisional-impact-risk-v2,Relative heat-health impact ranking; not a predicted death count,WorldPop exposure included; demographic and health-outcome calibration pending
177,SAID UL AJAIB,2026-08-28,34.0,26.4,30.04,73.96,91,2.68,802.0,39.81,30.43,27.86,41.74,69.32,10,0,26.4,2026-08-28T13:00,17818,2732.36,1.19,True,1,33.33,51.0,High,ORANGE,#E67E22,Activate the local heat action plan; open cooling centres; shift strenuous outdoor work away from afternoon hours; alert hospitals for a possible heat-illness surge.,True,True,True,True,provisional-impact-risk-v2,Relative heat-health impact ranking; not a predicted death count,WorldPop exposure included; demographic and health-outcome calibration pending
177,SAID UL AJAIB,2026-08-29,33.8,26.3,29.85,72.67,82,2.41,831.0,40.75,30.9,27.59,42.66,72.92,10,0,26.3,2026-08-29T13:00,17818,2732.36,1.19,True,2,66.67,56.08,High,ORANGE,#E67E22,Activate the local heat action plan; open cooling centres; shift strenuous outdoor work away from afternoon hours; alert hospitals for a possible heat-illness surge.,True,True,True,True,provisional-impact-risk-v2,Relative heat-health impact ranking; not a predicted death count,WorldPop exposure included; demographic and health-outcome calibration pending
177,SAID UL AJAIB,2026-08-30,33.8,26.7,30.01,72.17,82,2.15,816.0,40.83,30.98,27.72,42.6,73.24,11,0,26.7,2026-08-30T13:00,17818,2732.36,1.19,True,3,100.0,58.77,High,ORANGE,#E67E22,Activate the local heat action plan; open cooling centres; shift strenuous outdoor work away from afternoon hours; alert hospitals for a possible heat-illness surge.,True,True,True,True,provisional-impact-risk-v2,Relative heat-health impact ranking; not a predicted death count,WorldPop exposure included; demographic and health-outcome calibration pending
177,SAID UL AJAIB,2026-08-31,33.7,26.4,29.83,71.54,87,1.89,843.0,39.82,30.64,27.47,42.26,70.81,9,0,26.4,2026-08-31T13:00,17818,2732.36,1.19,True,4,100.0,56.82,High,ORANGE,#E67E22,Activate the local heat action plan; open cooling centres; shift strenuous outdoor work away from afternoon hours; alert hospitals for a possible heat-illness surge.,True,True,True,True,provisional-impact-risk-v2,Relative heat-health impact ranking; not a predicted death count,WorldPop exposure included; demographic and health-outcome calibration pending
177,SAID UL AJAIB,2026-09-01,32.9,26.2,29.05,77.38,94,1.36,768.0,38.76,30.21,27.33,41.17,67.15,8,0,26.2,2026-09-01T13:00,17818,2732.36,1.19,True,5,100.0,53.88,High,ORANGE,#E67E22,Activate the local heat action plan; open cooling centres; shift strenuous outdoor work away from afternoon hours; alert hospitals for a possible heat-illness surge.,True,True,True,True,provisional-impact-risk-v2,Relative heat-health impact ranking; not a predicted death count,WorldPop exposure included; demographic and health-outcome calibration pending
178,SANGAM VIHAR,2026-08-28,34.0,26.1,30.09,73.96,94,2.48,790.0,39.81,30.44,27.91,41.77,69.4,10,0,26.1,2026-08-28T13:00,17667,6887.18,3.01,True,1,33.33,51.31,High,ORANGE,#E67E22,Activate the local heat action plan; open cooling centres; shift strenuous outdoor work away from afternoon hours; alert hospitals for a possible heat-illness surge.,True,True,True,True,provisional-impact-risk-v2,Relative heat-health impact ranking; not a predicted death count,WorldPop exposure included; demographic and health-outcome calibration pending
178,SANGAM VIHAR,2026-08-29,33.9,26.3,29.99,72.33,82,2.27,834.0,40.44,30.93,27.69,42.74,73.15,11,0,26.3,2026-08-29T13:00,17667,6887.18,3.01,True,2,66.67,56.52,High,ORANGE,#E67E22,Activate the local heat action plan; open cooling centres; shift strenuous outdoor work away from afternoon hours; alert hospitals for a possible heat-illness surge.,True,True,True,True,provisional-impact-risk-v2,Relative heat-health impact ranking; not a predicted death count,WorldPop exposure included; demographic and health-outcome calibration pending
178,SANGAM VIHAR,2026-08-30,34.1,26.7,30.25,70.92,80,2.13,806.0,40.82,30.99,27.79,42.58,73.32,11,0,26.7,2026-08-30T13:00,17667,6887.18,3.01,True,3,100.0,59.1,High,ORANGE,#E67E22,Activate the local heat action plan; open cooling centres; shift strenuous outdoor work away from afternoon hours; alert hospitals for a possible heat-illness surge.,True,True,True,True,provisional-impact-risk-v2,Relative heat-health impact ranking; not a predicted death count,WorldPop exposure included; demographic and health-outcome calibration pending
178,SANGAM VIHAR,2026-08-31,34.4,26.5,30.2,69.75,86,1.81,838.0,40.05,30.94,27.61,42.86,73.15,11,0,26.5,2026-08-31T13:00,17667,6887.18,3.01,True,4,100.0,58.96,High,ORANGE,#E67E22,Activate the local heat action plan; open cooling centres; shift strenuous outdoor work away from afternoon hours; alert hospitals for a possible heat-illness surge.,True,True,True,True,provisional-impact-risk-v2,Relative heat-health impact ranking; not a predicted death count,WorldPop exposure included; demographic and health-outcome calibration pending
178,SANGAM VIHAR,2026-09-01,33.7,26.8,29.51,74.25,93,1.35,782.0,39.09,30.35,27.44,41.78,68.62,7,0,26.8,2026-09-01T13:00,17667,6887.18,3.01,True,5,100.0,55.31,High,ORANGE,#E67E22,Activate the local heat action plan; open cooling centres; shift strenuous outdoor work away from afternoon hours; alert hospitals for a possible heat-illness surge.,True,True,True,True,provisional-impact-risk-v2,Relative heat-health impact ranking; not a predicted death count,WorldPop exposure included; demographic and health-outcome calibration pending
179,TIGRI,2026-08-28,34.0,26.1,30.09,73.96,94,2.48,790.0,39.81,30.44,27.91,41.77,69.4,10,0,26.1,2026-08-28T13:00,44542,21472.23,26.95,True,1,33.33,54.63,High,ORANGE,#E67E22,Activate the local heat action plan; open cooling centres; shift strenuous outdoor work away from afternoon hours; alert hospitals for a possible heat-illness surge.,True,True,True,True,provisional-impact-risk-v2,Relative heat-health impact ranking; not a predicted death count,WorldPop exposure included; demographic and health-outcome calibration pending
179,TIGRI,2026-08-29,33.9,26.3,29.99,72.33,82,2.27,834.0,40.44,30.93,27.69,42.74,73.15,11,0,26.3,2026-08-29T13:00,44542,21472.23,26.95,True,2,66.67,60.02,High,ORANGE,#E67E22,Activate the local heat action plan; open cooling centres; shift strenuous outdoor work away from afternoon hours; alert hospitals for a possible heat-illness surge.,True,True,True,True,provisional-impact-risk-v2,Relative heat-health impact ranking; not a predicted death count,WorldPop exposure included; demographic and health-outcome calibration pending
179,TIGRI,2026-08-30,34.1,26.7,30.25,70.92,80,2.13,806.0,40.82,30.99,27.79,42.58,73.32,11,0,26.7,2026-08-30T13:00,44542,21472.23,26.95,True,3,100.0,62.61,High,ORANGE,#E67E22,Activate the local heat action plan; open cooling centres; shift strenuous outdoor work away from afternoon hours; alert hospitals for a possible heat-illness surge.,True,True,True,True,provisional-impact-risk-v2,Relative heat-health impact ranking; not a predicted death count,WorldPop exposure included; demographic and health-outcome calibration pending
179,TIGRI,2026-08-31,34.4,26.5,30.2,69.75,86,1.81,838.0,40.05,30.94,27.61,42.86,73.15,11,0,26.5,2026-08-31T13:00,44542,21472.23,26.95,True,4,100.0,62.47,High,ORANGE,#E67E22,Activate the local heat action plan; open cooling centres; shift strenuous outdoor work away from afternoon hours; alert hospitals for a possible heat-illness surge.,True,True,True,True,provisional-impact-risk-v2,Relative heat-health impact ranking; not a predicted death count,WorldPop exposure included; demographic and health-outcome calibration pending
179,TIGRI,2026-09-01,33.7,26.8,29.51,74.25,93,1.35,782.0,39.09,30.35,27.44,41.78,68.62,7,0,26.8,2026-09-01T13:00,44542,21472.23,26.95,True,5,100.0,58.6,High,ORANGE,#E67E22,Activate the local heat action plan; open cooling centres; shift strenuous outdoor work away from afternoon hours; alert hospitals for a possible heat-illness surge.,True,True,True,True,provisional-impact-risk-v2,Relative heat-health impact ranking; not a predicted death count,WorldPop exposure included; demographic and health-outcome calibration pending
18,LIBAS PUR,2026-08-28,33.9,27.5,30.45,75.0,91,1.99,765.0,39.94,30.31,28.35,40.97,67.89,11,0,27.5,2026-08-28T13:00,113099,18798.45,42.22,True,1,33.33,55.52,High,ORANGE,#E67E22,Activate the local heat action plan; open cooling centres; shift strenuous outdoor work away from afternoon hours; alert hospitals for a possible heat-illness surge.,True,True,True,True,provisional-impact-risk-v2,Relative heat-health impact ranking; not a predicted death count,WorldPop exposure included; demographic and health-outcome calibration pending
18,LIBAS PUR,2026-08-29,33.8,26.7,30.35,72.33,81,2.13,848.0,41.63,31.27,28.07,43.05,75.27,14,2,26.7,2026-08-29T13:00,113099,18798.45,42.22,True,2,66.67,64.06,High,ORANGE,#E67E22,Activate the local heat action plan; open cooling centres; shift strenuous outdoor work away from afternoon hours; alert hospitals for a possible heat-illness surge.,True,True,True,True,provisional-impact-risk-v2,Relative heat-health impact ranking; not a predicted death count,WorldPop exposure included; demographic and health-outcome calibration pending
18,LIBAS PUR,2026-08-30,33.9,27.0,30.62,71.25,81,1.73,810.0,41.9,31.32,28.23,42.63,74.95,14,3,27.0,2026-08-30T13:00,113099,18798.45,42.22,True,3,100.0,66.29,High,ORANGE,#E67E22,Activate the local heat action plan; open cooling centres; shift strenuous outdoor work away from afternoon hours; alert hospitals for a possible heat-illness surge.,True,True,True,True,provisional-impact-risk-v2,Relative heat-health impact ranking; not a predicted death count,WorldPop exposure included; demographic and health-outcome calibration pending
18,LIBAS PUR,2026-08-31,33.6,26.9,30.21,73.33,87,1.41,795.0,40.7,30.97,28.04,42.29,72.71,11,0,26.9,2026-08-31T13:00,113099,18798.45,42.22,True,4,100.0,64.31,High,ORANGE,#E67E22,Activate the local heat action plan; open cooling centres; shift strenuous outdoor work away from afternoon hours; alert hospitals for a possible heat-illness surge.,True,True,True,True,provisional-impact-risk-v2,Relative heat-health impact ranking; not a predicted death count,WorldPop exposure included; demographic and health-outcome calibration pending
18,LIBAS PUR,2026-09-01,32.4,27.1,29.16,80.92,93,1.22,784.0,40.46,30.7,27.85,41.46,70.34,9,0,27.1,2026-09-01T13:00,113099,18798.45,42.22,True,5,100.0,62.21,High,ORANGE,#E67E22,Activate the local heat action plan; open cooling centres; shift strenuous outdoor work away from afternoon hours; alert hospitals for a possible heat-illness surge.,True,True,True,True,provisional-impact-risk-v2,Relative heat-health impact ranking; not a predicted death count,WorldPop exposure included; demographic and health-outcome calibration pending
180,DAKSHINPURI EXT.,2026-08-28,34.0,26.1,30.09,73.96,94,2.48,790.0,39.81,30.44,27.91,41.77,69.4,10,0,26.1,2026-08-28T13:00,29847,21199.66,22.71,True,1,33.33,54.05,High,ORANGE,#E67E22,Activate the local heat action plan; open cooling centres; shift strenuous outdoor work away from afternoon hours; alert hospitals for a possible heat-illness surge.,True,True,True,True,provisional-impact-risk-v2,Relative heat-health impact ranking; not a predicted death count,WorldPop exposure included; demographic and health-outcome calibration pending
180,DAKSHINPURI EXT.,2026-08-29,33.9,26.3,29.99,72.33,82,2.27,834.0,40.44,30.93,27.69,42.74,73.15,11,0,26.3,2026-08-29T13:00,29847,21199.66,22.71,True,2,66.67,59.4,High,ORANGE,#E67E22,Activate the local heat action plan; open cooling centres; shift strenuous outdoor work away from afternoon hours; alert hospitals for a possible heat-illness surge.,True,True,True,True,provisional-impact-risk-v2,Relative heat-health impact ranking; not a predicted death count,WorldPop exposure included; demographic and health-outcome calibration pending
180,DAKSHINPURI EXT.,2026-08-30,34.1,26.7,30.25,70.92,80,2.13,806.0,40.82,30.99,27.79,42.58,73.32,11,0,26.7,2026-08-30T13:00,29847,21199.66,22.71,True,3,100.0,61.99,High,ORANGE,#E67E22,Activate the local heat action plan; open cooling centres; shift strenuous outdoor work away from afternoon hours; alert hospitals for a possible heat-illness surge.,True,True,True,True,provisional-impact-risk-v2,Relative heat-health impact ranking; not a predicted death count,WorldPop exposure included; demographic and health-outcome calibration pending
180,DAKSHINPURI EXT.,2026-08-31,34.4,26.5,30.2,69.75,86,1.81,838.0,40.05,30.94,27.61,42.86,73.15,11,0,26.5,2026-08-31T13:00,29847,21199.66,22.71,True,4,100.0,61.85,High,ORANGE,#E67E22,Activate the local heat action plan; open cooling centres; shift strenuous outdoor work away from afternoon hours; alert hospitals for a possible heat-illness surge.,True,True,True,True,provisional-impact-risk-v2,Relative heat-health impact ranking; not a predicted death count,WorldPop exposure included; demographic and health-outcome calibration pending
180,DAKSHINPURI EXT.,2026-09-01,33.7,26.8,29.51,74.25,93,1.35,782.0,39.09,30.35,27.44,41.78,68.62,7,0,26.8,2026-09-01T13:00,29847,21199.66,22.71,True,5,100.0,58.02,High,ORANGE,#E67E22,Activate the local heat action plan; open cooling centres; shift strenuous outdoor work away from afternoon hours; alert hospitals for a possible heat-illness surge.,True,True,True,True,provisional-impact-risk-v2,Relative heat-health impact ranking; not a predicted death count,WorldPop exposure included; demographic and health-outcome calibration pending
181,KHANPUR,2026-08-28,34.0,26.1,30.09,73.96,94,2.48,790.0,39.81,30.44,27.91,41.77,69.4,10,0,26.1,2026-08-28T13:00,78189,22339.71,36.95,True,1,33.33,56.02,High,ORANGE,#E67E22,Activate the local heat action plan; open cooling centres; shift strenuous outdoor work away from afternoon hours; alert hospitals for a possible heat-illness surge.,True,True,True,True,provisional-impact-risk-v2,Relative heat-health impact ranking; not a predicted death count,WorldPop exposure included; demographic and health-outcome calibration pending
181,KHANPUR,2026-08-29,33.9,26.3,29.99,72.33,82,2.27,834.0,40.44,30.93,27.69,42.74,73.15,11,0,26.3,2026-08-29T13:00,78189,22339.71,36.95,True,2,66.67,61.49,High,ORANGE,#E67E22,Activate the local heat action plan; open cooling centres; shift strenuous outdoor work away from afternoon hours; alert hospitals for a possible heat-illness surge.,True,True,True,True,provisional-impact-risk-v2,Relative heat-health impact ranking; not a predicted death count,WorldPop exposure included; demographic and health-outcome calibration pending
181,KHANPUR,2026-08-30,34.1,26.7,30.25,70.92,80,2.13,806.0,40.82,30.99,27.79,42.58,73.32,11,0,26.7,2026-08-30T13:00,78189,22339.71,36.95,True,3,100.0,64.07,High,ORANGE,#E67E22,Activate the local heat action plan; open cooling centres; shift strenuous outdoor work away from afternoon hours; alert hospitals for a possible heat-illness surge.,True,True,True,True,provisional-impact-risk-v2,Relative heat-health impact ranking; not a predicted death count,WorldPop exposure included; demographic and health-outcome calibration pending
181,KHANPUR,2026-08-31,34.4,26.5,30.2,69.75,86,1.81,838.0,40.05,30.94,27.61,42.86,73.15,11,0,26.5,2026-08-31T13:00,78189,22339.71,36.95,True,4,100.0,63.93,High,ORANGE,#E67E22,Activate the local heat action plan; open cooling centres; shift strenuous outdoor work away from afternoon hours; alert hospitals for a possible heat-illness surge.,True,True,True,True,provisional-impact-risk-v2,Relative heat-health impact ranking; not a predicted death count,WorldPop exposure included; demographic and health-outcome calibration pending
181,KHANPUR,2026-09-01,33.7,26.8,29.51,74.25,93,1.35,782.0,39.09,30.35,27.44,41.78,68.62,7,0,26.8,2026-09-01T13:00,78189,22339.71,36.95,True,5,100.0,59.97,High,ORANGE,#E67E22,Activate the local heat action plan; open cooling centres; shift strenuous outdoor work away from afternoon hours; alert hospitals for a possible heat-illness surge.,True,True,True,True,provisional-impact-risk-v2,Relative heat-health impact ranking; not a predicted death count,WorldPop exposure included; demographic and health-outcome calibration pending
182,AMBEDKAR NAGAR,2026-08-28,34.0,26.1,30.09,73.96,94,2.48,790.0,39.81,30.44,27.91,41.77,69.4,10,0,26.1,2026-08-28T13:00,14254,28708.96,27.16,True,1,33.33,54.66,High,ORANGE,#E67E22,Activate the local heat action plan; open cooling centres; shift strenuous outdoor work away from afternoon hours; alert hospitals for a possible heat-illness surge.,True,True,True,True,provisional-impact-risk-v2,Relative heat-health impact ranking; not a predicted death count,WorldPop exposure included; demographic and health-outcome calibration pending
182,AMBEDKAR NAGAR,2026-08-29,33.9,26.3,29.99,72.33,82,2.27,834.0,40.44,30.93,27.69,42.74,73.15,11,0,26.3,2026-08-29T13:00,14254,28708.96,27.16,True,2,66.67,60.05,High,ORANGE,#E67E22,Activate the local heat action plan; open cooling centres; shift strenuous outdoor work away from afternoon hours; alert hospitals for a possible heat-illness surge.,True,True,True,True,provisional-impact-risk-v2,Relative heat-health impact ranking; not a predicted death count,WorldPop exposure included; demographic and health-outcome calibration pending
182,AMBEDKAR NAGAR,2026-08-30,34.1,26.7,30.25,70.92,80,2.13,806.0,40.82,30.99,27.79,42.58,73.32,11,0,26.7,2026-08-30T13:00,14254,28708.96,27.16,True,3,100.0,62.64,High,ORANGE,#E67E22,Activate the local heat action plan; open cooling centres; shift strenuous outdoor work away from afternoon hours; alert hospitals for a possible heat-illness surge.,True,True,True,True,provisional-impact-risk-v2,Relative heat-health impact ranking; not a predicted death count,WorldPop exposure included; demographic and health-outcome calibration pending
182,AMBEDKAR NAGAR,2026-08-31,34.4,26.5,30.2,69.75,86,1.81,838.0,40.05,30.94,27.61,42.86,73.15,11,0,26.5,2026-08-31T13:00,14254,28708.96,27.16,True,4,100.0,62.5,High,ORANGE,#E67E22,Activate the local heat action plan; open cooling centres; shift strenuous outdoor work away from afternoon hours; alert hospitals for a possible heat-illness surge.,True,True,True,True,provisional-impact-risk-v2,Relative heat-health impact ranking; not a predicted death count,WorldPop exposure included; demographic and health-outcome calibration pending
182,AMBEDKAR NAGAR,2026-09-01,33.7,26.8,29.51,74.25,93,1.35,782.0,39.09,30.35,27.44,41.78,68.62,7,0,26.8,2026-09-01T13:00,14254,28708.96,27.16,True,5,100.0,58.63,High,ORANGE,#E67E22,Activate the local heat action plan; open cooling centres; shift strenuous outdoor work away from afternoon hours; alert hospitals for a possible heat-illness surge.,True,True,True,True,provisional-impact-risk-v2,Relative heat-health impact ranking; not a predicted death count,WorldPop exposure included; demographic and health-outcome calibration pending
183,MADANGIR,2026-08-28,34.0,26.1,30.09,73.96,94,2.48,790.0,39.81,30.44,27.91,41.77,69.4,10,0,26.1,2026-08-28T13:00,12380,25081.04,22.76,True,1,33.33,54.05,High,ORANGE,#E67E22,Activate the local heat action plan; open cooling centres; shift strenuous outdoor work away from afternoon hours; alert hospitals for a possible heat-illness surge.,True,True,True,True,provisional-impact-risk-v2,Relative heat-health impact ranking; not a predicted death count,WorldPop exposure included; demographic and health-outcome calibration pending
183,MADANGIR,2026-08-29,33.9,26.3,29.99,72.33,82,2.27,834.0,40.44,30.93,27.69,42.74,73.15,11,0,26.3,2026-08-29T13:00,12380,25081.04,22.76,True,2,66.67,59.41,High,ORANGE,#E67E22,Activate the local heat action plan; open cooling centres; shift strenuous outdoor work away from afternoon hours; alert hospitals for a possible heat-illness surge.,True,True,True,True,provisional-impact-risk-v2,Relative heat-health impact ranking; not a predicted death count,WorldPop exposure included; demographic and health-outcome calibration pending
183,MADANGIR,2026-08-30,34.1,26.7,30.25,70.92,80,2.13,806.0,40.82,30.99,27.79,42.58,73.32,11,0,26.7,2026-08-30T13:00,12380,25081.04,22.76,True,3,100.0,61.99,High,ORANGE,#E67E22,Activate the local heat action plan; open cooling centres; shift strenuous outdoor work away from afternoon hours; alert hospitals for a possible heat-illness surge.,True,True,True,True,provisional-impact-risk-v2,Relative heat-health impact ranking; not a predicted death count,WorldPop exposure included; demographic and health-outcome calibration pending
183,MADANGIR,2026-08-31,34.4,26.5,30.2,69.75,86,1.81,838.0,40.05,30.94,27.61,42.86,73.15,11,0,26.5,2026-08-31T13:00,12380,25081.04,22.76,True,4,100.0,61.85,High,ORANGE,#E67E22,Activate the local heat action plan; open cooling centres; shift strenuous outdoor work away from afternoon hours; alert hospitals for a possible heat-illness surge.,True,True,True,True,provisional-impact-risk-v2,Relative heat-health impact ranking; not a predicted death count,WorldPop exposure included; demographic and health-outcome calibration pending
183,MADANGIR,2026-09-01,33.7,26.8,29.51,74.25,93,1.35,782.0,39.09,30.35,27.44,41.78,68.62,7,0,26.8,2026-09-01T13:00,12380,25081.04,22.76,True,5,100.0,58.02,High,ORANGE,#E67E22,Activate the local heat action plan; open cooling centres; shift strenuous outdoor work away from afternoon hours; alert hospitals for a possible heat-illness surge.,True,True,True,True,provisional-impact-risk-v2,Relative heat-health impact ranking; not a predicted death count,WorldPop exposure included; demographic and health-outcome calibration pending
184,PUSHP VIHAR,2026-08-28,34.0,26.1,30.09,73.96,94,2.48,790.0,39.81,30.44,27.91,41.77,69.4,10,0,26.1,2026-08-28T13:00,41598,22890.0,27.8,True,1,33.33,54.75,High,ORANGE,#E67E22,Activate the local heat action plan; open cooling centres; shift strenuous outdoor work away from afternoon hours; alert hospitals for a possible heat-illness surge.,True,True,True,True,provisional-impact-risk-v2,Relative heat-health impact ranking; not a predicted death count,WorldPop exposure included; demographic and health-outcome calibration pending
184,PUSHP VIHAR,2026-08-29,33.9,26.3,29.99,72.33,82,2.27,834.0,40.44,30.93,27.69,42.74,73.15,11,0,26.3,2026-08-29T13:00,41598,22890.0,27.8,True,2,66.67,60.15,High,ORANGE,#E67E22,Activate the local heat action plan; open cooling centres; shift strenuous outdoor work away from afternoon hours; alert hospitals for a possible heat-illness surge.,True,True,True,True,provisional-impact-risk-v2,Relative heat-health impact ranking; not a predicted death count,WorldPop exposure included; demographic and health-outcome calibration pending
184,PUSHP VIHAR,2026-08-30,34.1,26.7,30.25,70.92,80,2.13,806.0,40.82,30.99,27.79,42.58,73.32,11,0,26.7,2026-08-30T13:00,41598,22890.0,27.8,True,3,100.0,62.73,High,ORANGE,#E67E22,Activate the local heat action plan; open cooling centres; shift strenuous outdoor work away from afternoon hours; alert hospitals for a possible heat-illness surge.,True,True,True,True,provisional-impact-risk-v2,Relative heat-health impact ranking; not a predicted death count,WorldPop exposure included; demographic and health-outcome calibration pending
184,PUSHP VIHAR,2026-08-31,34.4,26.5,30.2,69.75,86,1.81,838.0,40.05,30.94,27.61,42.86,73.15,11,0,26.5,2026-08-31T13:00,41598,22890.0,27.8,True,4,100.0,62.59,High,ORANGE,#E67E22,Activate the local heat action plan; open cooling centres; shift strenuous outdoor work away from afternoon hours; alert hospitals for a possible heat-illness surge.,True,True,True,True,provisional-impact-risk-v2,Relative heat-health impact ranking; not a predicted death count,WorldPop exposure included; demographic and health-outcome calibration pending
184,PUSHP VIHAR,2026-09-01,33.7,26.8,29.51,74.25,93,1.35,782.0,39.09,30.35,27.44,41.78,68.62,7,0,26.8,2026-09-01T13:00,41598,22890.0,27.8,True,5,100.0,58.71,High,ORANGE,#E67E22,Activate the local heat action plan; open cooling centres; shift strenuous outdoor work away from afternoon hours; alert hospitals for a possible heat-illness surge.,True,True,True,True,provisional-impact-risk-v2,Relative heat-health impact ranking; not a predicted death count,WorldPop exposure included; demographic and health-outcome calibration pending
185,TUGHLAKABAD EXTN,2026-08-28,34.0,26.1,30.09,73.96,94,2.48,790.0,39.81,30.44,27.91,41.77,69.4,10,0,26.1,2026-08-28T13:00,51415,18646.86,25.55,True,1,33.33,54.44,High,ORANGE,#E67E22,Activate the local heat action plan; open cooling centres; shift strenuous outdoor work away from afternoon hours; alert hospitals for a possible heat-illness surge.,True,True,True,True,provisional-impact-risk-v2,Relative heat-health impact ranking; not a predicted death count,WorldPop exposure included; demographic and health-outcome calibration pending
185,TUGHLAKABAD EXTN,2026-08-29,33.9,26.3,29.99,72.33,82,2.27,834.0,40.44,30.93,27.69,42.74,73.15,11,0,26.3,2026-08-29T13:00,51415,18646.86,25.55,True,2,66.67,59.82,High,ORANGE,#E67E22,Activate the local heat action plan; open cooling centres; shift strenuous outdoor work away from afternoon hours; alert hospitals for a possible heat-illness surge.,True,True,True,True,provisional-impact-risk-v2,Relative heat-health impact ranking; not a predicted death count,WorldPop exposure included; demographic and health-outcome calibration pending
185,TUGHLAKABAD EXTN,2026-08-30,34.1,26.7,30.25,70.92,80,2.13,806.0,40.82,30.99,27.79,42.58,73.32,11,0,26.7,2026-08-30T13:00,51415,18646.86,25.55,True,3,100.0,62.4,High,ORANGE,#E67E22,Activate the local heat action plan; open cooling centres; shift strenuous outdoor work away from afternoon hours; alert hospitals for a possible heat-illness surge.,True,True,True,True,provisional-impact-risk-v2,Relative heat-health impact ranking; not a predicted death count,WorldPop exposure included; demographic and health-outcome calibration pending
185,TUGHLAKABAD EXTN,2026-08-31,34.4,26.5,30.2,69.75,86,1.81,838.0,40.05,30.94,27.61,42.86,73.15,11,0,26.5,2026-08-31T13:00,51415,18646.86,25.55,True,4,100.0,62.26,High,ORANGE,#E67E22,Activate the local heat action plan; open cooling centres; shift strenuous outdoor work away from afternoon hours; alert hospitals for a possible heat-illness surge.,True,True,True,True,provisional-impact-risk-v2,Relative heat-health impact ranking; not a predicted death count,WorldPop exposure included; demographic and health-outcome calibration pending
185,TUGHLAKABAD EXTN,2026-09-01,33.7,26.8,29.51,74.25,93,1.35,782.0,39.09,30.35,27.44,41.78,68.62,7,0,26.8,2026-09-01T13:00,51415,18646.86,25.55,True,5,100.0,58.4,High,ORANGE,#E67E22,Activate the local heat action plan; open cooling centres; shift strenuous outdoor work away from afternoon hours; alert hospitals for a possible heat-illness surge.,True,True,True,True,provisional-impact-risk-v2,Relative heat-health impact ranking; not a predicted death count,WorldPop exposure included; demographic and health-outcome calibration pending
186,SANGAM VIHAR WEST,2026-08-28,34.0,26.1,30.09,73.96,94,2.48,790.0,39.81,30.44,27.91,41.77,69.4,10,0,26.1,2026-08-28T13:00,44344,15859.23,20.46,True,1,33.33,53.73,High,ORANGE,#E67E22,Activate the local heat action plan; open cooling centres; shift strenuous outdoor work away from afternoon hours; alert hospitals for a possible heat-illness surge.,True,True,True,True,provisional-impact-risk-v2,Relative heat-health impact ranking; not a predicted death count,WorldPop exposure included; demographic and health-outcome calibration pending
186,SANGAM VIHAR WEST,2026-08-29,33.9,26.3,29.99,72.33,82,2.27,834.0,40.44,30.93,27.69,42.74,73.15,11,0,26.3,2026-08-29T13:00,44344,15859.23,20.46,True,2,66.67,59.07,High,ORANGE,#E67E22,Activate the local heat action plan; open cooling centres; shift strenuous outdoor work away from afternoon hours; alert hospitals for a possible heat-illness surge.,True,True,True,True,provisional-impact-risk-v2,Relative heat-health impact ranking; not a predicted death count,WorldPop exposure included; demographic and health-outcome calibration pending
186,SANGAM VIHAR WEST,2026-08-30,34.1,26.7,30.25,70.92,80,2.13,806.0,40.82,30.99,27.79,42.58,73.32,11,0,26.7,2026-08-30T13:00,44344,15859.23,20.46,True,3,100.0,61.66,High,ORANGE,#E67E22,Activate the local heat action plan; open cooling centres; shift strenuous outdoor work away from afternoon hours; alert hospitals for a possible heat-illness surge.,True,True,True,True,provisional-impact-risk-v2,Relative heat-health impact ranking; not a predicted death count,WorldPop exposure included; demographic and health-outcome calibration pending
186,SANGAM VIHAR WEST,2026-08-31,34.4,26.5,30.2,69.75,86,1.81,838.0,40.05,30.94,27.61,42.86,73.15,11,0,26.5,2026-08-31T13:00,44344,15859.23,20.46,True,4,100.0,61.52,High,ORANGE,#E67E22,Activate the local heat action plan; open cooling centres; shift strenuous outdoor work away from afternoon hours; alert hospitals for a possible heat-illness surge.,True,True,True,True,provisional-impact-risk-v2,Relative heat-health impact ranking; not a predicted death count,WorldPop exposure included; demographic and health-outcome calibration pending
186,SANGAM VIHAR WEST,2026-09-01,33.7,26.8,29.51,74.25,93,1.35,782.0,39.09,30.35,27.44,41.78,68.62,7,0,26.8,2026-09-01T13:00,44344,15859.23,20.46,True,5,100.0,57.71,High,ORANGE,#E67E22,Activate the local heat action plan; open cooling centres; shift strenuous outdoor work away from afternoon hours; alert hospitals for a possible heat-illness surge.,True,True,True,True,provisional-impact-risk-v2,Relative heat-health impact ranking; not a predicted death count,WorldPop exposure included; demographic and health-outcome calibration pending
187,SANGAM VIHAR CENTRAL,2026-08-28,34.0,26.1,30.09,73.96,94,2.48,790.0,39.81,30.44,27.91,41.77,69.4,10,0,26.1,2026-08-28T13:00,21586,12681.98,10.71,True,1,33.33,52.38,High,ORANGE,#E67E22,Activate the local heat action plan; open cooling centres; shift strenuous outdoor work away from afternoon hours; alert hospitals for a possible heat-illness surge.,True,True,True,True,provisional-impact-risk-v2,Relative heat-health impact ranking; not a predicted death count,WorldPop exposure included; demographic and health-outcome calibration pending
187,SANGAM VIHAR CENTRAL,2026-08-29,33.9,26.3,29.99,72.33,82,2.27,834.0,40.44,30.93,27.69,42.74,73.15,11,0,26.3,2026-08-29T13:00,21586,12681.98,10.71,True,2,66.67,57.65,High,ORANGE,#E67E22,Activate the local heat action plan; open cooling centres; shift strenuous outdoor work away from afternoon hours; alert hospitals for a possible heat-illness surge.,True,True,True,True,provisional-impact-risk-v2,Relative heat-health impact ranking; not a predicted death count,WorldPop exposure included; demographic and health-outcome calibration pending
187,SANGAM VIHAR CENTRAL,2026-08-30,34.1,26.7,30.25,70.92,80,2.13,806.0,40.82,30.99,27.79,42.58,73.32,11,0,26.7,2026-08-30T13:00,21586,12681.98,10.71,True,3,100.0,60.23,High,ORANGE,#E67E22,Activate the local heat action plan; open cooling centres; shift strenuous outdoor work away from afternoon hours; alert hospitals for a possible heat-illness surge.,True,True,True,True,provisional-impact-risk-v2,Relative heat-health impact ranking; not a predicted death count,WorldPop exposure included; demographic and health-outcome calibration pending
187,SANGAM VIHAR CENTRAL,2026-08-31,34.4,26.5,30.2,69.75,86,1.81,838.0,40.05,30.94,27.61,42.86,73.15,11,0,26.5,2026-08-31T13:00,21586,12681.98,10.71,True,4,100.0,60.09,High,ORANGE,#E67E22,Activate the local heat action plan; open cooling centres; shift strenuous outdoor work away from afternoon hours; alert hospitals for a possible heat-illness surge.,True,True,True,True,provisional-impact-risk-v2,Relative heat-health impact ranking; not a predicted death count,WorldPop exposure included; demographic and health-outcome calibration pending
187,SANGAM VIHAR CENTRAL,2026-09-01,33.7,26.8,29.51,74.25,93,1.35,782.0,39.09,30.35,27.44,41.78,68.62,7,0,26.8,2026-09-01T13:00,21586,12681.98,10.71,True,5,100.0,56.37,High,ORANGE,#E67E22,Activate the local heat action plan; open cooling centres; shift strenuous outdoor work away from afternoon hours; alert hospitals for a possible heat-illness surge.,True,True,True,True,provisional-impact-risk-v2,Relative heat-health impact ranking; not a predicted death count,WorldPop exposure included; demographic and health-outcome calibration pending
188,SANGAM VIHAR EAST,2026-08-28,34.3,26.6,30.4,74.08,92,2.3,787.0,40.18,30.67,28.21,42.19,71.21,12,0,26.6,2026-08-28T13:00,52114,11849.75,17.93,True,1,33.33,54.78,High,ORANGE,#E67E22,Activate the local heat action plan; open cooling centres; shift strenuous outdoor work away from afternoon hours; alert hospitals for a possible heat-illness surge.,True,True,True,True,provisional-impact-risk-v2,Relative heat-health impact ranking; not a predicted death count,WorldPop exposure included; demographic and health-outcome calibration pending
188,SANGAM VIHAR EAST,2026-08-29,34.6,26.8,30.54,70.29,84,2.22,823.0,40.89,31.06,27.97,43.23,74.41,13,1,26.8,2026-08-29T13:00,52114,11849.75,17.93,True,2,66.67,59.72,High,ORANGE,#E67E22,Activate the local heat action plan; open cooling centres; shift strenuous outdoor work away from afternoon hours; alert hospitals for a possible heat-illness surge.,True,True,True,True,provisional-impact-risk-v2,Relative heat-health impact ranking; not a predicted death count,WorldPop exposure included; demographic and health-outcome calibration pending
188,SANGAM VIHAR EAST,2026-08-30,34.9,27.3,30.98,67.29,81,2.0,786.0,41.23,31.04,28.06,42.79,73.69,13,1,27.3,2026-08-30T14:00,52114,11849.75,17.93,True,3,100.0,61.59,High,ORANGE,#E67E22,Activate the local heat action plan; open cooling centres; shift strenuous outdoor work away from afternoon hours; alert hospitals for a possible heat-illness surge.,True,True,True,True,provisional-impact-risk-v2,Relative heat-health impact ranking; not a predicted death count,WorldPop exposure included; demographic and health-outcome calibration pending
188,SANGAM VIHAR EAST,2026-08-31,35.6,27.1,30.93,65.67,87,1.65,837.0,41.3,31.28,27.82,43.27,75.54,9,2,27.1,2026-08-31T14:00,52114,11849.75,17.93,True,4,100.0,63.14,High,ORANGE,#E67E22,Activate the local heat action plan; open cooling centres; shift strenuous outdoor work away from afternoon hours; alert hospitals for a possible heat-illness surge.,True,True,True,True,provisional-impact-risk-v2,Relative heat-health impact ranking; not a predicted death count,WorldPop exposure included; demographic and health-outcome calibration pending
188,SANGAM VIHAR EAST,2026-09-01,32.8,26.9,29.46,79.54,96,1.08,735.0,39.91,30.35,27.95,41.1,67.99,9,0,26.9,2026-09-01T13:00,52114,11849.75,17.93,True,5,100.0,56.83,High,ORANGE,#E67E22,Activate the local heat action plan; open cooling centres; shift strenuous outdoor work away from afternoon hours; alert hospitals for a possible heat-illness surge.,True,True,True,True,provisional-impact-risk-v2,Relative heat-health impact ranking; not a predicted death count,WorldPop exposure included; demographic and health-outcome calibration pending
189,CHIRAG DELHI,2026-08-28,34.0,26.1,30.09,73.96,94,2.48,790.0,39.81,30.44,27.91,41.77,69.4,10,0,26.1,2026-08-28T13:00,50408,21840.55,28.95,True,1,33.33,54.91,High,ORANGE,#E67E22,Activate the local heat action plan; open cooling centres; shift strenuous outdoor work away from afternoon hours; alert hospitals for a possible heat-illness surge.,True,True,True,True,provisional-impact-risk-v2,Relative heat-health impact ranking; not a predicted death count,WorldPop exposure included; demographic and health-outcome calibration pending
189,CHIRAG DELHI,2026-08-29,33.9,26.3,29.99,72.33,82,2.27,834.0,40.44,30.93,27.69,42.74,73.15,11,0,26.3,2026-08-29T13:00,50408,21840.55,28.95,True,2,66.67,60.32,High,ORANGE,#E67E22,Activate the local heat action plan; open cooling centres; shift strenuous outdoor work away from afternoon hours; alert hospitals for a possible heat-illness surge.,True,True,True,True,provisional-impact-risk-v2,Relative heat-health impact ranking; not a predicted death count,WorldPop exposure included; demographic and health-outcome calibration pending
189,CHIRAG DELHI,2026-08-30,34.1,26.7,30.25,70.92,80,2.13,806.0,40.82,30.99,27.79,42.58,73.32,11,0,26.7,2026-08-30T13:00,50408,21840.55,28.95,True,3,100.0,62.9,High,ORANGE,#E67E22,Activate the local heat action plan; open cooling centres; shift strenuous outdoor work away from afternoon hours; alert hospitals for a possible heat-illness surge.,True,True,True,True,provisional-impact-risk-v2,Relative heat-health impact ranking; not a predicted death count,WorldPop exposure included; demographic and health-outcome calibration pending
189,CHIRAG DELHI,2026-08-31,34.4,26.5,30.2,69.75,86,1.81,838.0,40.05,30.94,27.61,42.86,73.15,11,0,26.5,2026-08-31T13:00,50408,21840.55,28.95,True,4,100.0,62.76,High,ORANGE,#E67E22,Activate the local heat action plan; open cooling centres; shift strenuous outdoor work away from afternoon hours; alert hospitals for a possible heat-illness surge.,True,True,True,True,provisional-impact-risk-v2,Relative heat-health impact ranking; not a predicted death count,WorldPop exposure included; demographic and health-outcome calibration pending
189,CHIRAG DELHI,2026-09-01,33.7,26.8,29.51,74.25,93,1.35,782.0,39.09,30.35,27.44,41.78,68.62,7,0,26.8,2026-09-01T13:00,50408,21840.55,28.95,True,5,100.0,58.87,High,ORANGE,#E67E22,Activate the local heat action plan; open cooling centres; shift strenuous outdoor work away from afternoon hours; alert hospitals for a possible heat-illness surge.,True,True,True,True,provisional-impact-risk-v2,Relative heat-health impact ranking; not a predicted death count,WorldPop exposure included; demographic and health-outcome calibration pending
19,BHALSWA,2026-08-28,34.4,27.3,30.79,72.83,91,1.92,767.0,40.05,30.37,28.43,41.63,68.98,13,0,27.3,2026-08-28T13:00,108217,30269.64,54.09,True,1,33.33,58.05,High,ORANGE,#E67E22,Activate the local heat action plan; open cooling centres; shift strenuous outdoor work away from afternoon hours; alert hospitals for a possible heat-illness surge.,True,True,True,True,provisional-impact-risk-v2,Relative heat-health impact ranking; not a predicted death count,WorldPop exposure included; demographic and health-outcome calibration pending
19,BHALSWA,2026-08-29,34.7,26.8,30.92,68.12,79,2.03,846.0,41.14,31.17,28.12,43.44,75.22,14,1,26.8,2026-08-29T13:00,108217,30269.64,54.09,True,2,66.67,65.81,High,ORANGE,#E67E22,Activate the local heat action plan; open cooling centres; shift strenuous outdoor work away from afternoon hours; alert hospitals for a possible heat-illness surge.,True,True,True,True,provisional-impact-risk-v2,Relative heat-health impact ranking; not a predicted death count,WorldPop exposure included; demographic and health-outcome calibration pending
19,BHALSWA,2026-08-30,35.2,27.4,31.52,64.38,76,1.74,795.0,41.73,31.29,28.25,42.99,75.39,15,2,27.4,2026-08-30T14:00,108217,30269.64,54.09,True,3,100.0,68.47,High,ORANGE,#E67E22,Activate the local heat action plan; open cooling centres; shift strenuous outdoor work away from afternoon hours; alert hospitals for a possible heat-illness surge.,True,True,True,True,provisional-impact-risk-v2,Relative heat-health impact ranking; not a predicted death count,WorldPop exposure included; demographic and health-outcome calibration pending
19,BHALSWA,2026-08-31,35.3,27.5,31.55,61.67,75,1.63,809.0,40.99,31.07,27.96,43.32,74.39,11,2,27.5,2026-08-31T14:00,108217,30269.64,54.09,True,4,100.0,67.56,High,ORANGE,#E67E22,Activate the local heat action plan; open cooling centres; shift strenuous outdoor work away from afternoon hours; alert hospitals for a possible heat-illness surge.,True,True,True,True,provisional-impact-risk-v2,Relative heat-health impact ranking; not a predicted death count,WorldPop exposure included; demographic and health-outcome calibration pending
19,BHALSWA,2026-09-01,34.0,28.2,30.43,70.71,87,1.24,787.0,40.31,30.81,27.95,42.4,72.07,8,0,28.2,2026-09-01T13:00,108217,30269.64,54.09,True,5,100.0,65.46,High,ORANGE,#E67E22,Activate the local heat action plan; open cooling centres; shift strenuous outdoor work away from afternoon hours; alert hospitals for a possible heat-illness surge.,True,True,True,True,provisional-impact-risk-v2,Relative heat-health impact ranking; not a predicted death count,WorldPop exposure included; demographic and health-outcome calibration pending
190,CHITRANJAN PARK,2026-08-28,34.0,26.1,30.09,73.96,94,2.48,790.0,39.81,30.44,27.91,41.77,69.4,10,0,26.1,2026-08-28T13:00,51360,22529.28,29.99,True,1,33.33,55.06,High,ORANGE,#E67E22,Activate the local heat action plan; open cooling centres; shift strenuous outdoor work away from afternoon hours; alert hospitals for a possible heat-illness surge.,True,True,True,True,provisional-impact-risk-v2,Relative heat-health impact ranking; not a predicted death count,WorldPop exposure included; demographic and health-outcome calibration pending
190,CHITRANJAN PARK,2026-08-29,33.9,26.3,29.99,72.33,82,2.27,834.0,40.44,30.93,27.69,42.74,73.15,11,0,26.3,2026-08-29T13:00,51360,22529.28,29.99,True,2,66.67,60.47,High,ORANGE,#E67E22,Activate the local heat action plan; open cooling centres; shift strenuous outdoor work away from afternoon hours; alert hospitals for a possible heat-illness surge.,True,True,True,True,provisional-impact-risk-v2,Relative heat-health impact ranking; not a predicted death count,WorldPop exposure included; demographic and health-outcome calibration pending
190,CHITRANJAN PARK,2026-08-30,34.1,26.7,30.25,70.92,80,2.13,806.0,40.82,30.99,27.79,42.58,73.32,11,0,26.7,2026-08-30T13:00,51360,22529.28,29.99,True,3,100.0,63.05,High,ORANGE,#E67E22,Activate the local heat action plan; open cooling centres; shift strenuous outdoor work away from afternoon hours; alert hospitals for a possible heat-illness surge.,True,True,True,True,provisional-impact-risk-v2,Relative heat-health impact ranking; not a predicted death count,WorldPop exposure included; demographic and health-outcome calibration pending
190,CHITRANJAN PARK,2026-08-31,34.4,26.5,30.2,69.75,86,1.81,838.0,40.05,30.94,27.61,42.86,73.15,11,0,26.5,2026-08-31T13:00,51360,22529.28,29.99,True,4,100.0,62.91,High,ORANGE,#E67E22,Activate the local heat action plan; open cooling centres; shift strenuous outdoor work away from afternoon hours; alert hospitals for a possible heat-illness surge.,True,True,True,True,provisional-impact-risk-v2,Relative heat-health impact ranking; not a predicted death count,WorldPop exposure included; demographic and health-outcome calibration pending
190,CHITRANJAN PARK,2026-09-01,33.7,26.8,29.51,74.25,93,1.35,782.0,39.09,30.35,27.44,41.78,68.62,7,0,26.8,2026-09-01T13:00,51360,22529.28,29.99,True,5,100.0,59.01,High,ORANGE,#E67E22,Activate the local heat action plan; open cooling centres; shift strenuous outdoor work away from afternoon hours; alert hospitals for a possible heat-illness surge.,True,True,True,True,provisional-impact-risk-v2,Relative heat-health impact ranking; not a predicted death count,WorldPop exposure included; demographic and health-outcome calibration pending
191,SHAPUR JAT,2026-08-28,34.0,26.1,30.09,73.96,94,2.48,790.0,39.81,30.44,27.91,41.77,69.4,10,0,26.1,2026-08-28T13:00,96912,22095.26,41.68,True,1,33.33,56.68,High,ORANGE,#E67E22,Activate the local heat action plan; open cooling centres; shift strenuous outdoor work away from afternoon hours; alert hospitals for a possible heat-illness surge.,True,True,True,True,provisional-impact-risk-v2,Relative heat-health impact ranking; not a predicted death count,WorldPop exposure included; demographic and health-outcome calibration pending
191,SHAPUR JAT,2026-08-29,33.9,26.3,29.99,72.33,82,2.27,834.0,40.44,30.93,27.69,42.74,73.15,11,0,26.3,2026-08-29T13:00,96912,22095.26,41.68,True,2,66.67,62.18,High,ORANGE,#E67E22,Activate the local heat action plan; open cooling centres; shift strenuous outdoor work away from afternoon hours; alert hospitals for a possible heat-illness surge.,True,True,True,True,provisional-impact-risk-v2,Relative heat-health impact ranking; not a predicted death count,WorldPop exposure included; demographic and health-outcome calibration pending
191,SHAPUR JAT,2026-08-30,34.1,26.7,30.25,70.92,80,2.13,806.0,40.82,30.99,27.79,42.58,73.32,11,0,26.7,2026-08-30T13:00,96912,22095.26,41.68,True,3,100.0,64.77,High,ORANGE,#E67E22,Activate the local heat action plan; open cooling centres; shift strenuous outdoor work away from afternoon hours; alert hospitals for a possible heat-illness surge.,True,True,True,True,provisional-impact-risk-v2,Relative heat-health impact ranking; not a predicted death count,WorldPop exposure included; demographic and health-outcome calibration pending
191,SHAPUR JAT,2026-08-31,34.4,26.5,30.2,69.75,86,1.81,838.0,40.05,30.94,27.61,42.86,73.15,11,0,26.5,2026-08-31T13:00,96912,22095.26,41.68,True,4,100.0,64.62,High,ORANGE,#E67E22,Activate the local heat action plan; open cooling centres; shift strenuous outdoor work away from afternoon hours; alert hospitals for a possible heat-illness surge.,True,True,True,True,provisional-impact-risk-v2,Relative heat-health impact ranking; not a predicted death count,WorldPop exposure included; demographic and health-outcome calibration pending
191,SHAPUR JAT,2026-09-01,33.7,26.8,29.51,74.25,93,1.35,782.0,39.09,30.35,27.44,41.78,68.62,7,0,26.8,2026-09-01T13:00,96912,22095.26,41.68,True,5,100.0,60.62,High,ORANGE,#E67E22,Activate the local heat action plan; open cooling centres; shift strenuous outdoor work away from afternoon hours; alert hospitals for a possible heat-illness surge.,True,True,True,True,provisional-impact-risk-v2,Relative heat-health impact ranking; not a predicted death count,WorldPop exposure included; demographic and health-outcome calibration pending
192,GREATER KAILASH-I,2026-08-28,34.5,26.6,30.51,73.75,92,2.09,773.0,40.05,30.59,28.26,42.07,70.66,13,0,26.6,2026-08-28T13:00,66868,17891.58,28.82,True,1,33.33,55.89,High,ORANGE,#E67E22,Activate the local heat action plan; open cooling centres; shift strenuous outdoor work away from afternoon hours; alert hospitals for a possible heat-illness surge.,True,True,True,True,provisional-impact-risk-v2,Relative heat-health impact ranking; not a predicted death count,WorldPop exposure included; demographic and health-outcome calibration pending
192,GREATER KAILASH-I,2026-08-29,34.9,26.8,30.73,69.33,83,2.1,830.0,40.83,31.08,28.04,43.43,74.72,14,1,26.8,2026-08-29T13:00,66868,17891.58,28.82,True,2,66.67,61.59,High,ORANGE,#E67E22,Activate the local heat action plan; open cooling centres; shift strenuous outdoor work away from afternoon hours; alert hospitals for a possible heat-illness surge.,True,True,True,True,provisional-impact-risk-v2,Relative heat-health impact ranking; not a predicted death count,WorldPop exposure included; demographic and health-outcome calibration pending
192,GREATER KAILASH-I,2026-08-30,35.4,27.3,31.21,66.62,80,1.82,779.0,41.64,31.22,28.19,42.96,75.06,13,1,27.3,2026-08-30T14:00,66868,17891.58,28.82,True,3,100.0,64.37,High,ORANGE,#E67E22,Activate the local heat action plan; open cooling centres; shift strenuous outdoor work away from afternoon hours; alert hospitals for a possible heat-illness surge.,True,True,True,True,provisional-impact-risk-v2,Relative heat-health impact ranking; not a predicted death count,WorldPop exposure included; demographic and health-outcome calibration pending
192,GREATER KAILASH-I,2026-08-31,36.1,27.3,31.23,64.54,84,1.48,833.0,41.65,31.38,27.97,43.73,76.21,10,3,27.3,2026-08-31T14:00,66868,17891.58,28.82,True,4,100.0,65.36,High,ORANGE,#E67E22,Activate the local heat action plan; open cooling centres; shift strenuous outdoor work away from afternoon hours; alert hospitals for a possible heat-illness surge.,True,True,True,True,provisional-impact-risk-v2,Relative heat-health impact ranking; not a predicted death count,WorldPop exposure included; demographic and health-outcome calibration pending
192,GREATER KAILASH-I,2026-09-01,33.6,27.0,29.72,78.0,96,0.95,755.0,40.44,30.65,28.03,41.82,70.53,8,0,27.0,2026-09-01T13:00,66868,17891.58,28.82,True,5,100.0,60.49,High,ORANGE,#E67E22,Activate the local heat action plan; open cooling centres; shift strenuous outdoor work away from afternoon hours; alert hospitals for a possible heat-illness surge.,True,True,True,True,provisional-impact-risk-v2,Relative heat-health impact ranking; not a predicted death count,WorldPop exposure included; demographic and health-outcome calibration pending
193,SRI NIWASPURI,2026-08-28,34.5,26.6,30.51,73.75,92,2.09,773.0,40.05,30.59,28.26,42.07,70.66,13,0,26.6,2026-08-28T13:00,84575,19548.59,35.46,True,1,33.33,56.83,High,ORANGE,#E67E22,Activate the local heat action plan; open cooling centres; shift strenuous outdoor work away from afternoon hours; alert hospitals for a possible heat-illness surge.,True,True,True,True,provisional-impact-risk-v2,Relative heat-health impact ranking; not a predicted death count,WorldPop exposure included; demographic and health-outcome calibration pending
193,SRI NIWASPURI,2026-08-29,34.9,26.8,30.73,69.33,83,2.1,830.0,40.83,31.08,28.04,43.43,74.72,14,1,26.8,2026-08-29T13:00,84575,19548.59,35.46,True,2,66.67,62.59,High,ORANGE,#E67E22,Activate the local heat action plan; open cooling centres; shift strenuous outdoor work away from afternoon hours; alert hospitals for a possible heat-illness surge.,True,True,True,True,provisional-impact-risk-v2,Relative heat-health impact ranking; not a predicted death count,WorldPop exposure included; demographic and health-outcome calibration pending
193,SRI NIWASPURI,2026-08-30,35.4,27.3,31.21,66.62,80,1.82,779.0,41.64,31.22,28.19,42.96,75.06,13,1,27.3,2026-08-30T14:00,84575,19548.59,35.46,True,3,100.0,65.37,High,ORANGE,#E67E22,Activate the local heat action plan; open cooling centres; shift strenuous outdoor work away from afternoon hours; alert hospitals for a possible heat-illness surge.,True,True,True,True,provisional-impact-risk-v2,Relative heat-health impact ranking; not a predicted death count,WorldPop exposure included; demographic and health-outcome calibration pending
193,SRI NIWASPURI,2026-08-31,36.1,27.3,31.23,64.54,84,1.48,833.0,41.65,31.38,27.97,43.73,76.21,10,3,27.3,2026-08-31T14:00,84575,19548.59,35.46,True,4,100.0,66.37,High,ORANGE,#E67E22,Activate the local heat action plan; open cooling centres; shift strenuous outdoor work away from afternoon hours; alert hospitals for a possible heat-illness surge.,True,True,True,True,provisional-impact-risk-v2,Relative heat-health impact ranking; not a predicted death count,WorldPop exposure included; demographic and health-outcome calibration pending
193,SRI NIWASPURI,2026-09-01,33.6,27.0,29.72,78.0,96,0.95,755.0,40.44,30.65,28.03,41.82,70.53,8,0,27.0,2026-09-01T13:00,84575,19548.59,35.46,True,5,100.0,61.42,High,ORANGE,#E67E22,Activate the local heat action plan; open cooling centres; shift strenuous outdoor work away from afternoon hours; alert hospitals for a possible heat-illness surge.,True,True,True,True,provisional-impact-risk-v2,Relative heat-health impact ranking; not a predicted death count,WorldPop exposure included; demographic and health-outcome calibration pending
194,EAST OF KAILASH,2026-08-28,34.5,26.6,30.51,73.75,92,2.09,773.0,40.05,30.59,28.26,42.07,70.66,13,0,26.6,2026-08-28T13:00,48345,17427.27,23.33,True,1,33.33,55.11,High,ORANGE,#E67E22,Activate the local heat action plan; open cooling centres; shift strenuous outdoor work away from afternoon hours; alert hospitals for a possible heat-illness surge.,True,True,True,True,provisional-impact-risk-v2,Relative heat-health impact ranking; not a predicted death count,WorldPop exposure included; demographic and health-outcome calibration pending
194,EAST OF KAILASH,2026-08-29,34.9,26.8,30.73,69.33,83,2.1,830.0,40.83,31.08,28.04,43.43,74.72,14,1,26.8,2026-08-29T13:00,48345,17427.27,23.33,True,2,66.67,60.77,High,ORANGE,#E67E22,Activate the local heat action plan; open cooling centres; shift strenuous outdoor work away from afternoon hours; alert hospitals for a possible heat-illness surge.,True,True,True,True,provisional-impact-risk-v2,Relative heat-health impact ranking; not a predicted death count,WorldPop exposure included; demographic and health-outcome calibration pending
194,EAST OF KAILASH,2026-08-30,35.4,27.3,31.21,66.62,80,1.82,779.0,41.64,31.22,28.19,42.96,75.06,13,1,27.3,2026-08-30T14:00,48345,17427.27,23.33,True,3,100.0,63.55,High,ORANGE,#E67E22,Activate the local heat action plan; open cooling centres; shift strenuous outdoor work away from afternoon hours; alert hospitals for a possible heat-illness surge.,True,True,True,True,provisional-impact-risk-v2,Relative heat-health impact ranking; not a predicted death count,WorldPop exposure included; demographic and health-outcome calibration pending
194,EAST OF KAILASH,2026-08-31,36.1,27.3,31.23,64.54,84,1.48,833.0,41.65,31.38,27.97,43.73,76.21,10,3,27.3,2026-08-31T14:00,48345,17427.27,23.33,True,4,100.0,64.52,High,ORANGE,#E67E22,Activate the local heat action plan; open cooling centres; shift strenuous outdoor work away from afternoon hours; alert hospitals for a possible heat-illness surge.,True,True,True,True,provisional-impact-risk-v2,Relative heat-health impact ranking; not a predicted death count,WorldPop exposure included; demographic and health-outcome calibration pending
194,EAST OF KAILASH,2026-09-01,33.6,27.0,29.72,78.0,96,0.95,755.0,40.44,30.65,28.03,41.82,70.53,8,0,27.0,2026-09-01T13:00,48345,17427.27,23.33,True,5,100.0,59.71,High,ORANGE,#E67E22,Activate the local heat action plan; open cooling centres; shift strenuous outdoor work away from afternoon hours; alert hospitals for a possible heat-illness surge.,True,True,True,True,provisional-impact-risk-v2,Relative heat-health impact ranking; not a predicted death count,WorldPop exposure included; demographic and health-outcome calibration pending
195,GOVIND PURI,2026-08-28,34.3,26.6,30.4,74.08,92,2.3,787.0,40.18,30.67,28.21,42.19,71.21,12,0,26.6,2026-08-28T13:00,13250,25295.91,23.0,True,1,33.33,55.5,High,ORANGE,#E67E22,Activate the local heat action plan; open cooling centres; shift strenuous outdoor work away from afternoon hours; alert hospitals for a possible heat-illness surge.,True,True,True,True,provisional-impact-risk-v2,Relative heat-health impact ranking; not a predicted death count,WorldPop exposure included; demographic and health-outcome calibration pending
195,GOVIND PURI,2026-08-29,34.6,26.8,30.54,70.29,84,2.22,823.0,40.89,31.06,27.97,43.23,74.41,13,1,26.8,2026-08-29T13:00,13250,25295.91,23.0,True,2,66.67,60.47,High,ORANGE,#E67E22,Activate the local heat action plan; open cooling centres; shift strenuous outdoor work away from afternoon hours; alert hospitals for a possible heat-illness surge.,True,True,True,True,provisional-impact-risk-v2,Relative heat-health impact ranking; not a predicted death count,WorldPop exposure included; demographic and health-outcome calibration pending
195,GOVIND PURI,2026-08-30,34.9,27.3,30.98,67.29,81,2.0,786.0,41.23,31.04,28.06,42.79,73.69,13,1,27.3,2026-08-30T14:00,13250,25295.91,23.0,True,3,100.0,62.34,High,ORANGE,#E67E22,Activate the local heat action plan; open cooling centres; shift strenuous outdoor work away from afternoon hours; alert hospitals for a possible heat-illness surge.,True,True,True,True,provisional-impact-risk-v2,Relative heat-health impact ranking; not a predicted death count,WorldPop exposure included; demographic and health-outcome calibration pending
195,GOVIND PURI,2026-08-31,35.6,27.1,30.93,65.67,87,1.65,837.0,41.3,31.28,27.82,43.27,75.54,9,2,27.1,2026-08-31T14:00,13250,25295.91,23.0,True,4,100.0,63.91,High,ORANGE,#E67E22,Activate the local heat action plan; open cooling centres; shift strenuous outdoor work away from afternoon hours; alert hospitals for a possible heat-illness surge.,True,True,True,True,provisional-impact-risk-v2,Relative heat-health impact ranking; not a predicted death count,WorldPop exposure included; demographic and health-outcome calibration pending
195,GOVIND PURI,2026-09-01,32.8,26.9,29.46,79.54,96,1.08,735.0,39.91,30.35,27.95,41.1,67.99,9,0,26.9,2026-09-01T13:00,13250,25295.91,23.0,True,5,100.0,57.52,High,ORANGE,#E67E22,Activate the local heat action plan; open cooling centres; shift strenuous outdoor work away from afternoon hours; alert hospitals for a possible heat-illness surge.,True,True,True,True,provisional-impact-risk-v2,Relative heat-health impact ranking; not a predicted death count,WorldPop exposure included; demographic and health-outcome calibration pending
196,KALKAJI,2026-08-28,34.5,26.6,30.51,73.75,92,2.09,773.0,40.05,30.59,28.26,42.07,70.66,13,0,26.6,2026-08-28T13:00,31255,25476.85,28.0,True,1,33.33,55.77,High,ORANGE,#E67E22,Activate the local heat action plan; open cooling centres; shift strenuous outdoor work away from afternoon hours; alert hospitals for a possible heat-illness surge.,True,True,True,True,provisional-impact-risk-v2,Relative heat-health impact ranking; not a predicted death count,WorldPop exposure included; demographic and health-outcome calibration pending
196,KALKAJI,2026-08-29,34.9,26.8,30.73,69.33,83,2.1,830.0,40.83,31.08,28.04,43.43,74.72,14,1,26.8,2026-08-29T13:00,31255,25476.85,28.0,True,2,66.67,61.47,High,ORANGE,#E67E22,Activate the local heat action plan; open cooling centres; shift strenuous outdoor work away from afternoon hours; alert hospitals for a possible heat-illness surge.,True,True,True,True,provisional-impact-risk-v2,Relative heat-health impact ranking; not a predicted death count,WorldPop exposure included; demographic and health-outcome calibration pending
196,KALKAJI,2026-08-30,35.4,27.3,31.21,66.62,80,1.82,779.0,41.64,31.22,28.19,42.96,75.06,13,1,27.3,2026-08-30T14:00,31255,25476.85,28.0,True,3,100.0,64.25,High,ORANGE,#E67E22,Activate the local heat action plan; open cooling centres; shift strenuous outdoor work away from afternoon hours; alert hospitals for a possible heat-illness surge.,True,True,True,True,provisional-impact-risk-v2,Relative heat-health impact ranking; not a predicted death count,WorldPop exposure included; demographic and health-outcome calibration pending
196,KALKAJI,2026-08-31,36.1,27.3,31.23,64.54,84,1.48,833.0,41.65,31.38,27.97,43.73,76.21,10,3,27.3,2026-08-31T14:00,31255,25476.85,28.0,True,4,100.0,65.24,High,ORANGE,#E67E22,Activate the local heat action plan; open cooling centres; shift strenuous outdoor work away from afternoon hours; alert hospitals for a possible heat-illness surge.,True,True,True,True,provisional-impact-risk-v2,Relative heat-health impact ranking; not a predicted death count,WorldPop exposure included; demographic and health-outcome calibration pending
196,KALKAJI,2026-09-01,33.6,27.0,29.72,78.0,96,0.95,755.0,40.44,30.65,28.03,41.82,70.53,8,0,27.0,2026-09-01T13:00,31255,25476.85,28.0,True,5,100.0,60.37,High,ORANGE,#E67E22,Activate the local heat action plan; open cooling centres; shift strenuous outdoor work away from afternoon hours; alert hospitals for a possible heat-illness surge.,True,True,True,True,provisional-impact-risk-v2,Relative heat-health impact ranking; not a predicted death count,WorldPop exposure included; demographic and health-outcome calibration pending
197,TUGHLAKABAD,2026-08-28,34.3,26.6,30.4,74.08,92,2.3,787.0,40.18,30.67,28.21,42.19,71.21,12,0,26.6,2026-08-28T13:00,114921,17463.07,41.18,True,1,33.33,58.09,High,ORANGE,#E67E22,Activate the local heat action plan; open cooling centres; shift strenuous outdoor work away from afternoon hours; alert hospitals for a possible heat-illness surge.,True,True,True,True,provisional-impact-risk-v2,Relative heat-health impact ranking; not a predicted death count,WorldPop exposure included; demographic and health-outcome calibration pending
197,TUGHLAKABAD,2026-08-29,34.6,26.8,30.54,70.29,84,2.22,823.0,40.89,31.06,27.97,43.23,74.41,13,1,26.8,2026-08-29T13:00,114921,17463.07,41.18,True,2,66.67,63.18,High,ORANGE,#E67E22,Activate the local heat action plan; open cooling centres; shift strenuous outdoor work away from afternoon hours; alert hospitals for a possible heat-illness surge.,True,True,True,True,provisional-impact-risk-v2,Relative heat-health impact ranking; not a predicted death count,WorldPop exposure included; demographic and health-outcome calibration pending
197,TUGHLAKABAD,2026-08-30,34.9,27.3,30.98,67.29,81,2.0,786.0,41.23,31.04,28.06,42.79,73.69,13,1,27.3,2026-08-30T14:00,114921,17463.07,41.18,True,3,100.0,65.02,High,ORANGE,#E67E22,Activate the local heat action plan; open cooling centres; shift strenuous outdoor work away from afternoon hours; alert hospitals for a possible heat-illness surge.,True,True,True,True,provisional-impact-risk-v2,Relative heat-health impact ranking; not a predicted death count,WorldPop exposure included; demographic and health-outcome calibration pending
197,TUGHLAKABAD,2026-08-31,35.6,27.1,30.93,65.67,87,1.65,837.0,41.3,31.28,27.82,43.27,75.54,9,2,27.1,2026-08-31T14:00,114921,17463.07,41.18,True,4,100.0,66.66,High,ORANGE,#E67E22,Activate the local heat action plan; open cooling centres; shift strenuous outdoor work away from afternoon hours; alert hospitals for a possible heat-illness surge.,True,True,True,True,provisional-impact-risk-v2,Relative heat-health impact ranking; not a predicted death count,WorldPop exposure included; demographic and health-outcome calibration pending
197,TUGHLAKABAD,2026-09-01,32.8,26.9,29.46,79.54,96,1.08,735.0,39.91,30.35,27.95,41.1,67.99,9,0,26.9,2026-09-01T13:00,114921,17463.07,41.18,True,5,100.0,59.99,High,ORANGE,#E67E22,Activate the local heat action plan; open cooling centres; shift strenuous outdoor work away from afternoon hours; alert hospitals for a possible heat-illness surge.,True,True,True,True,provisional-impact-risk-v2,Relative heat-health impact ranking; not a predicted death count,WorldPop exposure included; demographic and health-outcome calibration pending
198,PUL PEHLAD,2026-08-28,34.3,26.6,30.4,74.08,92,2.3,787.0,40.18,30.67,28.21,42.19,71.21,12,0,26.6,2026-08-28T13:00,32332,10897.2,11.54,True,1,33.33,53.87,High,ORANGE,#E67E22,Activate the local heat action plan; open cooling centres; shift strenuous outdoor work away from afternoon hours; alert hospitals for a possible heat-illness surge.,True,True,True,True,provisional-impact-risk-v2,Relative heat-health impact ranking; not a predicted death count,WorldPop exposure included; demographic and health-outcome calibration pending
198,PUL PEHLAD,2026-08-29,34.6,26.8,30.54,70.29,84,2.22,823.0,40.89,31.06,27.97,43.23,74.41,13,1,26.8,2026-08-29T13:00,32332,10897.2,11.54,True,2,66.67,58.76,High,ORANGE,#E67E22,Activate the local heat action plan; open cooling centres; shift strenuous outdoor work away from afternoon hours; alert hospitals for a possible heat-illness surge.,True,True,True,True,provisional-impact-risk-v2,Relative heat-health impact ranking; not a predicted death count,WorldPop exposure included; demographic and health-outcome calibration pending
198,PUL PEHLAD,2026-08-30,34.9,27.3,30.98,67.29,81,2.0,786.0,41.23,31.04,28.06,42.79,73.69,13,1,27.3,2026-08-30T14:00,32332,10897.2,11.54,True,3,100.0,60.65,High,ORANGE,#E67E22,Activate the local heat action plan; open cooling centres; shift strenuous outdoor work away from afternoon hours; alert hospitals for a possible heat-illness surge.,True,True,True,True,provisional-impact-risk-v2,Relative heat-health impact ranking; not a predicted death count,WorldPop exposure included; demographic and health-outcome calibration pending
198,PUL PEHLAD,2026-08-31,35.6,27.1,30.93,65.67,87,1.65,837.0,41.3,31.28,27.82,43.27,75.54,9,2,27.1,2026-08-31T14:00,32332,10897.2,11.54,True,4,100.0,62.18,High,ORANGE,#E67E22,Activate the local heat action plan; open cooling centres; shift strenuous outdoor work away from afternoon hours; alert hospitals for a possible heat-illness surge.,True,True,True,True,provisional-impact-risk-v2,Relative heat-health impact ranking; not a predicted death count,WorldPop exposure included; demographic and health-outcome calibration pending
198,PUL PEHLAD,2026-09-01,32.8,26.9,29.46,79.54,96,1.08,735.0,39.91,30.35,27.95,41.1,67.99,9,0,26.9,2026-09-01T13:00,32332,10897.2,11.54,True,5,100.0,55.96,High,ORANGE,#E67E22,Activate the local heat action plan; open cooling centres; shift strenuous outdoor work away from afternoon hours; alert hospitals for a possible heat-illness surge.,True,True,True,True,provisional-impact-risk-v2,Relative heat-health impact ranking; not a predicted death count,WorldPop exposure included; demographic and health-outcome calibration pending
199,TEKHAND,2026-08-28,34.3,26.6,30.4,74.08,92,2.3,787.0,40.18,30.67,28.21,42.19,71.21,12,0,26.6,2026-08-28T13:00,104835,25142.1,47.3,True,1,33.33,58.96,High,ORANGE,#E67E22,Activate the local heat action plan; open cooling centres; shift strenuous outdoor work away from afternoon hours; alert hospitals for a possible heat-illness surge.,True,True,True,True,provisional-impact-risk-v2,Relative heat-health impact ranking; not a predicted death count,WorldPop exposure included; demographic and health-outcome calibration pending
199,TEKHAND,2026-08-29,34.6,26.8,30.54,70.29,84,2.22,823.0,40.89,31.06,27.97,43.23,74.41,13,1,26.8,2026-08-29T13:00,104835,25142.1,47.3,True,2,66.67,64.09,High,ORANGE,#E67E22,Activate the local heat action plan; open cooling centres; shift strenuous outdoor work away from afternoon hours; alert hospitals for a possible heat-illness surge.,True,True,True,True,provisional-impact-risk-v2,Relative heat-health impact ranking; not a predicted death count,WorldPop exposure included; demographic and health-outcome calibration pending
199,TEKHAND,2026-08-30,34.9,27.3,30.98,67.29,81,2.0,786.0,41.23,31.04,28.06,42.79,73.69,13,1,27.3,2026-08-30T14:00,104835,25142.1,47.3,True,3,100.0,65.92,High,ORANGE,#E67E22,Activate the local heat action plan; open cooling centres; shift strenuous outdoor work away from afternoon hours; alert hospitals for a possible heat-illness surge.,True,True,True,True,provisional-impact-risk-v2,Relative heat-health impact ranking; not a predicted death count,WorldPop exposure included; demographic and health-outcome calibration pending
199,TEKHAND,2026-08-31,35.6,27.1,30.93,65.67,87,1.65,837.0,41.3,31.28,27.82,43.27,75.54,9,2,27.1,2026-08-31T14:00,104835,25142.1,47.3,True,4,100.0,67.58,High,ORANGE,#E67E22,Activate the local heat action plan; open cooling centres; shift strenuous outdoor work away from afternoon hours; alert hospitals for a possible heat-illness surge.,True,True,True,True,provisional-impact-risk-v2,Relative heat-health impact ranking; not a predicted death count,WorldPop exposure included; demographic and health-outcome calibration pending
199,TEKHAND,2026-09-01,32.8,26.9,29.46,79.54,96,1.08,735.0,39.91,30.35,27.95,41.1,67.99,9,0,26.9,2026-09-01T13:00,104835,25142.1,47.3,True,5,100.0,60.82,High,ORANGE,#E67E22,Activate the local heat action plan; open cooling centres; shift strenuous outdoor work away from afternoon hours; alert hospitals for a possible heat-illness surge.,True,True,True,True,provisional-impact-risk-v2,Relative heat-health impact ranking; not a predicted death count,WorldPop exposure included; demographic and health-outcome calibration pending
2,BANKNER,2026-08-28,33.8,27.8,30.29,75.25,92,2.28,766.0,40.14,30.44,28.24,41.17,68.44,11,0,27.8,2026-08-28T11:00,69283,3278.4,14.96,True,1,33.33,52.24,High,ORANGE,#E67E22,Activate the local heat action plan; open cooling centres; shift strenuous outdoor work away from afternoon hours; alert hospitals for a possible heat-illness surge.,True,True,True,True,provisional-impact-risk-v2,Relative heat-health impact ranking; not a predicted death count,WorldPop exposure included; demographic and health-outcome calibration pending
2,BANKNER,2026-08-29,33.7,26.7,29.97,74.46,85,2.42,848.0,41.91,31.31,27.93,42.98,75.41,11,2,26.7,2026-08-29T13:00,69283,3278.4,14.96,True,2,66.67,60.07,High,ORANGE,#E67E22,Activate the local heat action plan; open cooling centres; shift strenuous outdoor work away from afternoon hours; alert hospitals for a possible heat-illness surge.,True,True,True,True,provisional-impact-risk-v2,Relative heat-health impact ranking; not a predicted death count,WorldPop exposure included; demographic and health-outcome calibration pending
2,BANKNER,2026-08-30,33.7,26.8,30.2,73.62,83,1.93,827.0,42.22,31.39,28.1,42.84,75.53,12,3,26.8,2026-08-30T13:00,69283,3278.4,14.96,True,3,100.0,62.68,High,ORANGE,#E67E22,Activate the local heat action plan; open cooling centres; shift strenuous outdoor work away from afternoon hours; alert hospitals for a possible heat-illness surge.,True,True,True,True,provisional-impact-risk-v2,Relative heat-health impact ranking; not a predicted death count,WorldPop exposure included; demographic and health-outcome calibration pending
2,BANKNER,2026-08-31,33.1,26.6,29.78,75.17,90,1.41,766.0,41.22,30.88,27.81,41.66,71.39,10,0,26.6,2026-08-31T13:00,69283,3278.4,14.96,True,4,100.0,59.25,High,ORANGE,#E67E22,Activate the local heat action plan; open cooling centres; shift strenuous outdoor work away from afternoon hours; alert hospitals for a possible heat-illness surge.,True,True,True,True,provisional-impact-risk-v2,Relative heat-health impact ranking; not a predicted death count,WorldPop exposure included; demographic and health-outcome calibration pending
2,BANKNER,2026-09-01,32.4,25.1,28.1,79.12,96,1.22,794.0,40.83,31.09,26.67,41.62,72.5,6,1,26.4,2026-09-01T13:00,69283,3278.4,14.96,True,5,100.0,60.17,High,ORANGE,#E67E22,Activate the local heat action plan; open cooling centres; shift strenuous outdoor work away from afternoon hours; alert hospitals for a possible heat-illness surge.,True,True,True,True,provisional-impact-risk-v2,Relative heat-health impact ranking; not a predicted death count,WorldPop exposure included; demographic and health-outcome calibration pending
20,JAHANGIR PURI -II,2026-08-28,34.4,27.3,30.79,72.83,91,1.92,767.0,40.05,30.37,28.43,41.63,68.98,13,0,27.3,2026-08-28T13:00,24373,32239.42,33.92,True,1,33.33,55.26,High,ORANGE,#E67E22,Activate the local heat action plan; open cooling centres; shift strenuous outdoor work away from afternoon hours; alert hospitals for a possible heat-illness surge.,True,True,True,True,provisional-impact-risk-v2,Relative heat-health impact ranking; not a predicted death count,WorldPop exposure included; demographic and health-outcome calibration pending
20,JAHANGIR PURI -II,2026-08-29,34.7,26.8,30.92,68.12,79,2.03,846.0,41.14,31.17,28.12,43.44,75.22,14,1,26.8,2026-08-29T13:00,24373,32239.42,33.92,True,2,66.67,62.77,High,ORANGE,#E67E22,Activate the local heat action plan; open cooling centres; shift strenuous outdoor work away from afternoon hours; alert hospitals for a possible heat-illness surge.,True,True,True,True,provisional-impact-risk-v2,Relative heat-health impact ranking; not a predicted death count,WorldPop exposure included; demographic and health-outcome calibration pending
20,JAHANGIR PURI -II,2026-08-30,35.2,27.4,31.52,64.38,76,1.74,795.0,41.73,31.29,28.25,42.99,75.39,15,2,27.4,2026-08-30T14:00,24373,32239.42,33.92,True,3,100.0,65.43,High,ORANGE,#E67E22,Activate the local heat action plan; open cooling centres; shift strenuous outdoor work away from afternoon hours; alert hospitals for a possible heat-illness surge.,True,True,True,True,provisional-impact-risk-v2,Relative heat-health impact ranking; not a predicted death count,WorldPop exposure included; demographic and health-outcome calibration pending
20,JAHANGIR PURI -II,2026-08-31,35.3,27.5,31.55,61.67,75,1.63,809.0,40.99,31.07,27.96,43.32,74.39,11,2,27.5,2026-08-31T14:00,24373,32239.42,33.92,True,4,100.0,64.55,High,ORANGE,#E67E22,Activate the local heat action plan; open cooling centres; shift strenuous outdoor work away from afternoon hours; alert hospitals for a possible heat-illness surge.,True,True,True,True,provisional-impact-risk-v2,Relative heat-health impact ranking; not a predicted death count,WorldPop exposure included; demographic and health-outcome calibration pending
20,JAHANGIR PURI -II,2026-09-01,34.0,28.2,30.43,70.71,87,1.24,787.0,40.31,30.81,27.95,42.4,72.07,8,0,28.2,2026-09-01T13:00,24373,32239.42,33.92,True,5,100.0,62.55,High,ORANGE,#E67E22,Activate the local heat action plan; open cooling centres; shift strenuous outdoor work away from afternoon hours; alert hospitals for a possible heat-illness surge.,True,True,True,True,provisional-impact-risk-v2,Relative heat-health impact ranking; not a predicted death count,WorldPop exposure included; demographic and health-outcome calibration pending
200,HARKESH NAGAR,2026-08-28,34.5,26.6,30.51,73.75,92,2.09,773.0,40.05,30.59,28.26,42.07,70.66,13,0,26.6,2026-08-28T13:00,59996,26196.84,36.52,True,1,33.33,56.98,High,ORANGE,#E67E22,Activate the local heat action plan; open cooling centres; shift strenuous outdoor work away from afternoon hours; alert hospitals for a possible heat-illness surge.,True,True,True,True,provisional-impact-risk-v2,Relative heat-health impact ranking; not a predicted death count,WorldPop exposure included; demographic and health-outcome calibration pending
200,HARKESH NAGAR,2026-08-29,34.9,26.8,30.73,69.33,83,2.1,830.0,40.83,31.08,28.04,43.43,74.72,14,1,26.8,2026-08-29T13:00,59996,26196.84,36.52,True,2,66.67,62.74,High,ORANGE,#E67E22,Activate the local heat action plan; open cooling centres; shift strenuous outdoor work away from afternoon hours; alert hospitals for a possible heat-illness surge.,True,True,True,True,provisional-impact-risk-v2,Relative heat-health impact ranking; not a predicted death count,WorldPop exposure included; demographic and health-outcome calibration pending
200,HARKESH NAGAR,2026-08-30,35.4,27.3,31.21,66.62,80,1.82,779.0,41.64,31.22,28.19,42.96,75.06,13,1,27.3,2026-08-30T14:00,59996,26196.84,36.52,True,3,100.0,65.53,High,ORANGE,#E67E22,Activate the local heat action plan; open cooling centres; shift strenuous outdoor work away from afternoon hours; alert hospitals for a possible heat-illness surge.,True,True,True,True,provisional-impact-risk-v2,Relative heat-health impact ranking; not a predicted death count,WorldPop exposure included; demographic and health-outcome calibration pending
200,HARKESH NAGAR,2026-08-31,36.1,27.3,31.23,64.54,84,1.48,833.0,41.65,31.38,27.97,43.73,76.21,10,3,27.3,2026-08-31T14:00,59996,26196.84,36.52,True,4,100.0,66.53,High,ORANGE,#E67E22,Activate the local heat action plan; open cooling centres; shift strenuous outdoor work away from afternoon hours; alert hospitals for a possible heat-illness surge.,True,True,True,True,provisional-impact-risk-v2,Relative heat-health impact ranking; not a predicted death count,WorldPop exposure included; demographic and health-outcome calibration pending
200,HARKESH NAGAR,2026-09-01,33.6,27.0,29.72,78.0,96,0.95,755.0,40.44,30.65,28.03,41.82,70.53,8,0,27.0,2026-09-01T13:00,59996,26196.84,36.52,True,5,100.0,61.57,High,ORANGE,#E67E22,Activate the local heat action plan; open cooling centres; shift strenuous outdoor work away from afternoon hours; alert hospitals for a possible heat-illness surge.,True,True,True,True,provisional-impact-risk-v2,Relative heat-health impact ranking; not a predicted death count,WorldPop exposure included; demographic and health-outcome calibration pending
201,JAITPUR,2026-08-28,34.3,26.6,30.4,74.08,92,2.3,787.0,40.18,30.67,28.21,42.19,71.21,12,0,26.6,2026-08-28T13:00,60096,16392.8,25.28,True,1,33.33,55.82,High,ORANGE,#E67E22,Activate the local heat action plan; open cooling centres; shift strenuous outdoor work away from afternoon hours; alert hospitals for a possible heat-illness surge.,True,True,True,True,provisional-impact-risk-v2,Relative heat-health impact ranking; not a predicted death count,WorldPop exposure included; demographic and health-outcome calibration pending
201,JAITPUR,2026-08-29,34.6,26.8,30.54,70.29,84,2.22,823.0,40.89,31.06,27.97,43.23,74.41,13,1,26.8,2026-08-29T13:00,60096,16392.8,25.28,True,2,66.67,60.81,High,ORANGE,#E67E22,Activate the local heat action plan; open cooling centres; shift strenuous outdoor work away from afternoon hours; alert hospitals for a possible heat-illness surge.,True,True,True,True,provisional-impact-risk-v2,Relative heat-health impact ranking; not a predicted death count,WorldPop exposure included; demographic and health-outcome calibration pending
201,JAITPUR,2026-08-30,34.9,27.3,30.98,67.29,81,2.0,786.0,41.23,31.04,28.06,42.79,73.69,13,1,27.3,2026-08-30T14:00,60096,16392.8,25.28,True,3,100.0,62.68,High,ORANGE,#E67E22,Activate the local heat action plan; open cooling centres; shift strenuous outdoor work away from afternoon hours; alert hospitals for a possible heat-illness surge.,True,True,True,True,provisional-impact-risk-v2,Relative heat-health impact ranking; not a predicted death count,WorldPop exposure included; demographic and health-outcome calibration pending
201,JAITPUR,2026-08-31,35.6,27.1,30.93,65.67,87,1.65,837.0,41.3,31.28,27.82,43.27,75.54,9,2,27.1,2026-08-31T14:00,60096,16392.8,25.28,True,4,100.0,64.26,High,ORANGE,#E67E22,Activate the local heat action plan; open cooling centres; shift strenuous outdoor work away from afternoon hours; alert hospitals for a possible heat-illness surge.,True,True,True,True,provisional-impact-risk-v2,Relative heat-health impact ranking; not a predicted death count,WorldPop exposure included; demographic and health-outcome calibration pending
201,JAITPUR,2026-09-01,32.8,26.9,29.46,79.54,96,1.08,735.0,39.91,30.35,27.95,41.1,67.99,9,0,26.9,2026-09-01T13:00,60096,16392.8,25.28,True,5,100.0,57.83,High,ORANGE,#E67E22,Activate the local heat action plan; open cooling centres; shift strenuous outdoor work away from afternoon hours; alert hospitals for a possible heat-illness surge.,True,True,True,True,provisional-impact-risk-v2,Relative heat-health impact ranking; not a predicted death count,WorldPop exposure included; demographic and health-outcome calibration pending
202,MEETHEYPUR,2026-08-28,34.3,26.6,30.4,74.08,92,2.3,787.0,40.18,30.67,28.21,42.19,71.21,12,0,26.6,2026-08-28T13:00,71714,26472.5,39.97,True,1,33.33,57.92,High,ORANGE,#E67E22,Activate the local heat action plan; open cooling centres; shift strenuous outdoor work away from afternoon hours; alert hospitals for a possible heat-illness surge.,True,True,True,True,provisional-impact-risk-v2,Relative heat-health impact ranking; not a predicted death count,WorldPop exposure included; demographic and health-outcome calibration pending
202,MEETHEYPUR,2026-08-29,34.6,26.8,30.54,70.29,84,2.22,823.0,40.89,31.06,27.97,43.23,74.41,13,1,26.8,2026-08-29T13:00,71714,26472.5,39.97,True,2,66.67,63.0,High,ORANGE,#E67E22,Activate the local heat action plan; open cooling centres; shift strenuous outdoor work away from afternoon hours; alert hospitals for a possible heat-illness surge.,True,True,True,True,provisional-impact-risk-v2,Relative heat-health impact ranking; not a predicted death count,WorldPop exposure included; demographic and health-outcome calibration pending
202,MEETHEYPUR,2026-08-30,34.9,27.3,30.98,67.29,81,2.0,786.0,41.23,31.04,28.06,42.79,73.69,13,1,27.3,2026-08-30T14:00,71714,26472.5,39.97,True,3,100.0,64.84,High,ORANGE,#E67E22,Activate the local heat action plan; open cooling centres; shift strenuous outdoor work away from afternoon hours; alert hospitals for a possible heat-illness surge.,True,True,True,True,provisional-impact-risk-v2,Relative heat-health impact ranking; not a predicted death count,WorldPop exposure included; demographic and health-outcome calibration pending
202,MEETHEYPUR,2026-08-31,35.6,27.1,30.93,65.67,87,1.65,837.0,41.3,31.28,27.82,43.27,75.54,9,2,27.1,2026-08-31T14:00,71714,26472.5,39.97,True,4,100.0,66.47,High,ORANGE,#E67E22,Activate the local heat action plan; open cooling centres; shift strenuous outdoor work away from afternoon hours; alert hospitals for a possible heat-illness surge.,True,True,True,True,provisional-impact-risk-v2,Relative heat-health impact ranking; not a predicted death count,WorldPop exposure included; demographic and health-outcome calibration pending
202,MEETHEYPUR,2026-09-01,32.8,26.9,29.46,79.54,96,1.08,735.0,39.91,30.35,27.95,41.1,67.99,9,0,26.9,2026-09-01T13:00,71714,26472.5,39.97,True,5,100.0,59.83,High,ORANGE,#E67E22,Activate the local heat action plan; open cooling centres; shift strenuous outdoor work away from afternoon hours; alert hospitals for a possible heat-illness surge.,True,True,True,True,provisional-impact-risk-v2,Relative heat-health impact ranking; not a predicted death count,WorldPop exposure included; demographic and health-outcome calibration pending
203,BADAR PUR,2026-08-28,34.3,26.6,30.4,74.08,92,2.3,787.0,40.18,30.67,28.21,42.19,71.21,12,0,26.6,2026-08-28T13:00,62748,25515.61,36.47,True,1,33.33,57.42,High,ORANGE,#E67E22,Activate the local heat action plan; open cooling centres; shift strenuous outdoor work away from afternoon hours; alert hospitals for a possible heat-illness surge.,True,True,True,True,provisional-impact-risk-v2,Relative heat-health impact ranking; not a predicted death count,WorldPop exposure included; demographic and health-outcome calibration pending
203,BADAR PUR,2026-08-29,34.6,26.8,30.54,70.29,84,2.22,823.0,40.89,31.06,27.97,43.23,74.41,13,1,26.8,2026-08-29T13:00,62748,25515.61,36.47,True,2,66.67,62.47,High,ORANGE,#E67E22,Activate the local heat action plan; open cooling centres; shift strenuous outdoor work away from afternoon hours; alert hospitals for a possible heat-illness surge.,True,True,True,True,provisional-impact-risk-v2,Relative heat-health impact ranking; not a predicted death count,WorldPop exposure included; demographic and health-outcome calibration pending
203,BADAR PUR,2026-08-30,34.9,27.3,30.98,67.29,81,2.0,786.0,41.23,31.04,28.06,42.79,73.69,13,1,27.3,2026-08-30T14:00,62748,25515.61,36.47,True,3,100.0,64.33,High,ORANGE,#E67E22,Activate the local heat action plan; open cooling centres; shift strenuous outdoor work away from afternoon hours; alert hospitals for a possible heat-illness surge.,True,True,True,True,provisional-impact-risk-v2,Relative heat-health impact ranking; not a predicted death count,WorldPop exposure included; demographic and health-outcome calibration pending
203,BADAR PUR,2026-08-31,35.6,27.1,30.93,65.67,87,1.65,837.0,41.3,31.28,27.82,43.27,75.54,9,2,27.1,2026-08-31T14:00,62748,25515.61,36.47,True,4,100.0,65.95,High,ORANGE,#E67E22,Activate the local heat action plan; open cooling centres; shift strenuous outdoor work away from afternoon hours; alert hospitals for a possible heat-illness surge.,True,True,True,True,provisional-impact-risk-v2,Relative heat-health impact ranking; not a predicted death count,WorldPop exposure included; demographic and health-outcome calibration pending
203,BADAR PUR,2026-09-01,32.8,26.9,29.46,79.54,96,1.08,735.0,39.91,30.35,27.95,41.1,67.99,9,0,26.9,2026-09-01T13:00,62748,25515.61,36.47,True,5,100.0,59.35,High,ORANGE,#E67E22,Activate the local heat action plan; open cooling centres; shift strenuous outdoor work away from afternoon hours; alert hospitals for a possible heat-illness surge.,True,True,True,True,provisional-impact-risk-v2,Relative heat-health impact ranking; not a predicted death count,WorldPop exposure included; demographic and health-outcome calibration pending
204,MOLARBAND,2026-08-28,34.3,26.6,30.4,74.08,92,2.3,787.0,40.18,30.67,28.21,42.19,71.21,12,0,26.6,2026-08-28T13:00,39412,27293.63,32.27,True,1,33.33,56.82,High,ORANGE,#E67E22,Activate the local heat action plan; open cooling centres; shift strenuous outdoor work away from afternoon hours; alert hospitals for a possible heat-illness surge.,True,True,True,True,provisional-impact-risk-v2,Relative heat-health impact ranking; not a predicted death count,WorldPop exposure included; demographic and health-outcome calibration pending
204,MOLARBAND,2026-08-29,34.6,26.8,30.54,70.29,84,2.22,823.0,40.89,31.06,27.97,43.23,74.41,13,1,26.8,2026-08-29T13:00,39412,27293.63,32.27,True,2,66.67,61.85,High,ORANGE,#E67E22,Activate the local heat action plan; open cooling centres; shift strenuous outdoor work away from afternoon hours; alert hospitals for a possible heat-illness surge.,True,True,True,True,provisional-impact-risk-v2,Relative heat-health impact ranking; not a predicted death count,WorldPop exposure included; demographic and health-outcome calibration pending
204,MOLARBAND,2026-08-30,34.9,27.3,30.98,67.29,81,2.0,786.0,41.23,31.04,28.06,42.79,73.69,13,1,27.3,2026-08-30T14:00,39412,27293.63,32.27,True,3,100.0,63.71,High,ORANGE,#E67E22,Activate the local heat action plan; open cooling centres; shift strenuous outdoor work away from afternoon hours; alert hospitals for a possible heat-illness surge.,True,True,True,True,provisional-impact-risk-v2,Relative heat-health impact ranking; not a predicted death count,WorldPop exposure included; demographic and health-outcome calibration pending
204,MOLARBAND,2026-08-31,35.6,27.1,30.93,65.67,87,1.65,837.0,41.3,31.28,27.82,43.27,75.54,9,2,27.1,2026-08-31T14:00,39412,27293.63,32.27,True,4,100.0,65.31,High,ORANGE,#E67E22,Activate the local heat action plan; open cooling centres; shift strenuous outdoor work away from afternoon hours; alert hospitals for a possible heat-illness surge.,True,True,True,True,provisional-impact-risk-v2,Relative heat-health impact ranking; not a predicted death count,WorldPop exposure included; demographic and health-outcome calibration pending
204,MOLARBAND,2026-09-01,32.8,26.9,29.46,79.54,96,1.08,735.0,39.91,30.35,27.95,41.1,67.99,9,0,26.9,2026-09-01T13:00,39412,27293.63,32.27,True,5,100.0,58.78,High,ORANGE,#E67E22,Activate the local heat action plan; open cooling centres; shift strenuous outdoor work away from afternoon hours; alert hospitals for a possible heat-illness surge.,True,True,True,True,provisional-impact-risk-v2,Relative heat-health impact ranking; not a predicted death count,WorldPop exposure included; demographic and health-outcome calibration pending
205,ZAKIR NAGAR,2026-08-28,34.5,26.6,30.51,73.75,92,2.09,773.0,40.05,30.59,28.26,42.07,70.66,13,0,26.6,2026-08-28T13:00,38929,14326.88,17.24,True,1,33.33,54.25,High,ORANGE,#E67E22,Activate the local heat action plan; open cooling centres; shift strenuous outdoor work away from afternoon hours; alert hospitals for a possible heat-illness surge.,True,True,True,True,provisional-impact-risk-v2,Relative heat-health impact ranking; not a predicted death count,WorldPop exposure included; demographic and health-outcome calibration pending
205,ZAKIR NAGAR,2026-08-29,34.9,26.8,30.73,69.33,83,2.1,830.0,40.83,31.08,28.04,43.43,74.72,14,1,26.8,2026-08-29T13:00,38929,14326.88,17.24,True,2,66.67,59.86,High,ORANGE,#E67E22,Activate the local heat action plan; open cooling centres; shift strenuous outdoor work away from afternoon hours; alert hospitals for a possible heat-illness surge.,True,True,True,True,provisional-impact-risk-v2,Relative heat-health impact ranking; not a predicted death count,WorldPop exposure included; demographic and health-outcome calibration pending
205,ZAKIR NAGAR,2026-08-30,35.4,27.3,31.21,66.62,80,1.82,779.0,41.64,31.22,28.19,42.96,75.06,13,1,27.3,2026-08-30T14:00,38929,14326.88,17.24,True,3,100.0,62.63,High,ORANGE,#E67E22,Activate the local heat action plan; open cooling centres; shift strenuous outdoor work away from afternoon hours; alert hospitals for a possible heat-illness surge.,True,True,True,True,provisional-impact-risk-v2,Relative heat-health impact ranking; not a predicted death count,WorldPop exposure included; demographic and health-outcome calibration pending
205,ZAKIR NAGAR,2026-08-31,36.1,27.3,31.23,64.54,84,1.48,833.0,41.65,31.38,27.97,43.73,76.21,10,3,27.3,2026-08-31T14:00,38929,14326.88,17.24,True,4,100.0,63.6,High,ORANGE,#E67E22,Activate the local heat action plan; open cooling centres; shift strenuous outdoor work away from afternoon hours; alert hospitals for a possible heat-illness surge.,True,True,True,True,provisional-impact-risk-v2,Relative heat-health impact ranking; not a predicted death count,WorldPop exposure included; demographic and health-outcome calibration pending
205,ZAKIR NAGAR,2026-09-01,33.6,27.0,29.72,78.0,96,0.95,755.0,40.44,30.65,28.03,41.82,70.53,8,0,27.0,2026-09-01T13:00,38929,14326.88,17.24,True,5,100.0,58.85,High,ORANGE,#E67E22,Activate the local heat action plan; open cooling centres; shift strenuous outdoor work away from afternoon hours; alert hospitals for a possible heat-illness surge.,True,True,True,True,provisional-impact-risk-v2,Relative heat-health impact ranking; not a predicted death count,WorldPop exposure included; demographic and health-outcome calibration pending
206,OKHLA,2026-08-28,34.5,26.6,30.51,73.75,92,2.09,773.0,40.05,30.59,28.26,42.07,70.66,13,0,26.6,2026-08-28T13:00,60364,16332.69,25.28,True,1,33.33,55.39,High,ORANGE,#E67E22,Activate the local heat action plan; open cooling centres; shift strenuous outdoor work away from afternoon hours; alert hospitals for a possible heat-illness surge.,True,True,True,True,provisional-impact-risk-v2,Relative heat-health impact ranking; not a predicted death count,WorldPop exposure included; demographic and health-outcome calibration pending
206,OKHLA,2026-08-29,34.9,26.8,30.73,69.33,83,2.1,830.0,40.83,31.08,28.04,43.43,74.72,14,1,26.8,2026-08-29T13:00,60364,16332.69,25.28,True,2,66.67,61.06,High,ORANGE,#E67E22,Activate the local heat action plan; open cooling centres; shift strenuous outdoor work away from afternoon hours; alert hospitals for a possible heat-illness surge.,True,True,True,True,provisional-impact-risk-v2,Relative heat-health impact ranking; not a predicted death count,WorldPop exposure included; demographic and health-outcome calibration pending
206,OKHLA,2026-08-30,35.4,27.3,31.21,66.62,80,1.82,779.0,41.64,31.22,28.19,42.96,75.06,13,1,27.3,2026-08-30T14:00,60364,16332.69,25.28,True,3,100.0,63.84,High,ORANGE,#E67E22,Activate the local heat action plan; open cooling centres; shift strenuous outdoor work away from afternoon hours; alert hospitals for a possible heat-illness surge.,True,True,True,True,provisional-impact-risk-v2,Relative heat-health impact ranking; not a predicted death count,WorldPop exposure included; demographic and health-outcome calibration pending
206,OKHLA,2026-08-31,36.1,27.3,31.23,64.54,84,1.48,833.0,41.65,31.38,27.97,43.73,76.21,10,3,27.3,2026-08-31T14:00,60364,16332.69,25.28,True,4,100.0,64.82,High,ORANGE,#E67E22,Activate the local heat action plan; open cooling centres; shift strenuous outdoor work away from afternoon hours; alert hospitals for a possible heat-illness surge.,True,True,True,True,provisional-impact-risk-v2,Relative heat-health impact ranking; not a predicted death count,WorldPop exposure included; demographic and health-outcome calibration pending
206,OKHLA,2026-09-01,33.6,27.0,29.72,78.0,96,0.95,755.0,40.44,30.65,28.03,41.82,70.53,8,0,27.0,2026-09-01T13:00,60364,16332.69,25.28,True,5,100.0,59.99,High,ORANGE,#E67E22,Activate the local heat action plan; open cooling centres; shift strenuous outdoor work away from afternoon hours; alert hospitals for a possible heat-illness surge.,True,True,True,True,provisional-impact-risk-v2,Relative heat-health impact ranking; not a predicted death count,WorldPop exposure included; demographic and health-outcome calibration pending
207,MADANPUR KHADAR,2026-08-28,34.3,26.6,30.4,74.08,92,2.3,787.0,40.18,30.67,28.21,42.19,71.21,12,0,26.6,2026-08-28T13:00,92916,11304.47,28.22,True,1,33.33,56.24,High,ORANGE,#E67E22,Activate the local heat action plan; open cooling centres; shift strenuous outdoor work away from afternoon hours; alert hospitals for a possible heat-illness surge.,True,True,True,True,provisional-impact-risk-v2,Relative heat-health impact ranking; not a predicted death count,WorldPop exposure included; demographic and health-outcome calibration pending
207,MADANPUR KHADAR,2026-08-29,34.6,26.8,30.54,70.29,84,2.22,823.0,40.89,31.06,27.97,43.23,74.41,13,1,26.8,2026-08-29T13:00,92916,11304.47,28.22,True,2,66.67,61.25,High,ORANGE,#E67E22,Activate the local heat action plan; open cooling centres; shift strenuous outdoor work away from afternoon hours; alert hospitals for a possible heat-illness surge.,True,True,True,True,provisional-impact-risk-v2,Relative heat-health impact ranking; not a predicted death count,WorldPop exposure included; demographic and health-outcome calibration pending
207,MADANPUR KHADAR,2026-08-30,34.9,27.3,30.98,67.29,81,2.0,786.0,41.23,31.04,28.06,42.79,73.69,13,1,27.3,2026-08-30T14:00,92916,11304.47,28.22,True,3,100.0,63.11,High,ORANGE,#E67E22,Activate the local heat action plan; open cooling centres; shift strenuous outdoor work away from afternoon hours; alert hospitals for a possible heat-illness surge.,True,True,True,True,provisional-impact-risk-v2,Relative heat-health impact ranking; not a predicted death count,WorldPop exposure included; demographic and health-outcome calibration pending
207,MADANPUR KHADAR,2026-08-31,35.6,27.1,30.93,65.67,87,1.65,837.0,41.3,31.28,27.82,43.27,75.54,9,2,27.1,2026-08-31T14:00,92916,11304.47,28.22,True,4,100.0,64.7,High,ORANGE,#E67E22,Activate the local heat action plan; open cooling centres; shift strenuous outdoor work away from afternoon hours; alert hospitals for a possible heat-illness surge.,True,True,True,True,provisional-impact-risk-v2,Relative heat-health impact ranking; not a predicted death count,WorldPop exposure included; demographic and health-outcome calibration pending
207,MADANPUR KHADAR,2026-09-01,32.8,26.9,29.46,79.54,96,1.08,735.0,39.91,30.35,27.95,41.1,67.99,9,0,26.9,2026-09-01T13:00,92916,11304.47,28.22,True,5,100.0,58.23,High,ORANGE,#E67E22,Activate the local heat action plan; open cooling centres; shift strenuous outdoor work away from afternoon hours; alert hospitals for a possible heat-illness surge.,True,True,True,True,provisional-impact-risk-v2,Relative heat-health impact ranking; not a predicted death count,WorldPop exposure included; demographic and health-outcome calibration pending
208,SARITA VIHAR,2026-08-28,34.3,26.6,30.4,74.08,92,2.3,787.0,40.18,30.67,28.21,42.19,71.21,12,0,26.6,2026-08-28T13:00,121549,16524.46,41.87,True,1,33.33,58.19,High,ORANGE,#E67E22,Activate the local heat action plan; open cooling centres; shift strenuous outdoor work away from afternoon hours; alert hospitals for a possible heat-illness surge.,True,True,True,True,provisional-impact-risk-v2,Relative heat-health impact ranking; not a predicted death count,WorldPop exposure included; demographic and health-outcome calibration pending
208,SARITA VIHAR,2026-08-29,34.6,26.8,30.54,70.29,84,2.22,823.0,40.89,31.06,27.97,43.23,74.41,13,1,26.8,2026-08-29T13:00,121549,16524.46,41.87,True,2,66.67,63.28,High,ORANGE,#E67E22,Activate the local heat action plan; open cooling centres; shift strenuous outdoor work away from afternoon hours; alert hospitals for a possible heat-illness surge.,True,True,True,True,provisional-impact-risk-v2,Relative heat-health impact ranking; not a predicted death count,WorldPop exposure included; demographic and health-outcome calibration pending
208,SARITA VIHAR,2026-08-30,34.9,27.3,30.98,67.29,81,2.0,786.0,41.23,31.04,28.06,42.79,73.69,13,1,27.3,2026-08-30T14:00,121549,16524.46,41.87,True,3,100.0,65.12,High,ORANGE,#E67E22,Activate the local heat action plan; open cooling centres; shift strenuous outdoor work away from afternoon hours; alert hospitals for a possible heat-illness surge.,True,True,True,True,provisional-impact-risk-v2,Relative heat-health impact ranking; not a predicted death count,WorldPop exposure included; demographic and health-outcome calibration pending
208,SARITA VIHAR,2026-08-31,35.6,27.1,30.93,65.67,87,1.65,837.0,41.3,31.28,27.82,43.27,75.54,9,2,27.1,2026-08-31T14:00,121549,16524.46,41.87,True,4,100.0,66.76,High,ORANGE,#E67E22,Activate the local heat action plan; open cooling centres; shift strenuous outdoor work away from afternoon hours; alert hospitals for a possible heat-illness surge.,True,True,True,True,provisional-impact-risk-v2,Relative heat-health impact ranking; not a predicted death count,WorldPop exposure included; demographic and health-outcome calibration pending
208,SARITA VIHAR,2026-09-01,32.8,26.9,29.46,79.54,96,1.08,735.0,39.91,30.35,27.95,41.1,67.99,9,0,26.9,2026-09-01T13:00,121549,16524.46,41.87,True,5,100.0,60.08,High,ORANGE,#E67E22,Activate the local heat action plan; open cooling centres; shift strenuous outdoor work away from afternoon hours; alert hospitals for a possible heat-illness surge.,True,True,True,True,provisional-impact-risk-v2,Relative heat-health impact ranking; not a predicted death count,WorldPop exposure included; demographic and health-outcome calibration pending
209,MAYUR VIHAR PHASE-I,2026-08-28,34.5,26.6,30.51,73.75,92,2.09,773.0,40.05,30.59,28.26,42.07,70.66,13,0,26.6,2026-08-28T13:00,57298,34506.47,45.34,True,1,33.33,58.22,High,ORANGE,#E67E22,Activate the local heat action plan; open cooling centres; shift strenuous outdoor work away from afternoon hours; alert hospitals for a possible heat-illness surge.,True,True,True,True,provisional-impact-risk-v2,Relative heat-health impact ranking; not a predicted death count,WorldPop exposure included; demographic and health-outcome calibration pending
209,MAYUR VIHAR PHASE-I,2026-08-29,34.9,26.8,30.73,69.33,83,2.1,830.0,40.83,31.08,28.04,43.43,74.72,14,1,26.8,2026-08-29T13:00,57298,34506.47,45.34,True,2,66.67,64.06,High,ORANGE,#E67E22,Activate the local heat action plan; open cooling centres; shift strenuous outdoor work away from afternoon hours; alert hospitals for a possible heat-illness surge.,True,True,True,True,provisional-impact-risk-v2,Relative heat-health impact ranking; not a predicted death count,WorldPop exposure included; demographic and health-outcome calibration pending
209,MAYUR VIHAR PHASE-I,2026-08-30,35.4,27.3,31.21,66.62,80,1.82,779.0,41.64,31.22,28.19,42.96,75.06,13,1,27.3,2026-08-30T14:00,57298,34506.47,45.34,True,3,100.0,66.85,High,ORANGE,#E67E22,Activate the local heat action plan; open cooling centres; shift strenuous outdoor work away from afternoon hours; alert hospitals for a possible heat-illness surge.,True,True,True,True,provisional-impact-risk-v2,Relative heat-health impact ranking; not a predicted death count,WorldPop exposure included; demographic and health-outcome calibration pending
209,MAYUR VIHAR PHASE-I,2026-08-31,36.1,27.3,31.23,64.54,84,1.48,833.0,41.65,31.38,27.97,43.73,76.21,10,3,27.3,2026-08-31T14:00,57298,34506.47,45.34,True,4,100.0,67.88,High,ORANGE,#E67E22,Activate the local heat action plan; open cooling centres; shift strenuous outdoor work away from afternoon hours; alert hospitals for a possible heat-illness surge.,True,True,True,True,provisional-impact-risk-v2,Relative heat-health impact ranking; not a predicted death count,WorldPop exposure included; demographic and health-outcome calibration pending
209,MAYUR VIHAR PHASE-I,2026-09-01,33.6,27.0,29.72,78.0,96,0.95,755.0,40.44,30.65,28.03,41.82,70.53,8,0,27.0,2026-09-01T13:00,57298,34506.47,45.34,True,5,100.0,62.82,High,ORANGE,#E67E22,Activate the local heat action plan; open cooling centres; shift strenuous outdoor work away from afternoon hours; alert hospitals for a possible heat-illness surge.,True,True,True,True,provisional-impact-risk-v2,Relative heat-health impact ranking; not a predicted death count,WorldPop exposure included; demographic and health-outcome calibration pending
21,ROHINI,2026-08-28,34.4,27.3,30.79,72.83,91,1.92,767.0,40.05,30.37,28.43,41.63,68.98,13,0,27.3,2026-08-28T13:00,96850,20021.91,39.28,True,1,33.33,56.0,High,ORANGE,#E67E22,Activate the local heat action plan; open cooling centres; shift strenuous outdoor work away from afternoon hours; alert hospitals for a possible heat-illness surge.,True,True,True,True,provisional-impact-risk-v2,Relative heat-health impact ranking; not a predicted death count,WorldPop exposure included; demographic and health-outcome calibration pending
21,ROHINI,2026-08-29,34.7,26.8,30.92,68.12,79,2.03,846.0,41.14,31.17,28.12,43.44,75.22,14,1,26.8,2026-08-29T13:00,96850,20021.91,39.28,True,2,66.67,63.58,High,ORANGE,#E67E22,Activate the local heat action plan; open cooling centres; shift strenuous outdoor work away from afternoon hours; alert hospitals for a possible heat-illness surge.,True,True,True,True,provisional-impact-risk-v2,Relative heat-health impact ranking; not a predicted death count,WorldPop exposure included; demographic and health-outcome calibration pending
21,ROHINI,2026-08-30,35.2,27.4,31.52,64.38,76,1.74,795.0,41.73,31.29,28.25,42.99,75.39,15,2,27.4,2026-08-30T14:00,96850,20021.91,39.28,True,3,100.0,66.23,High,ORANGE,#E67E22,Activate the local heat action plan; open cooling centres; shift strenuous outdoor work away from afternoon hours; alert hospitals for a possible heat-illness surge.,True,True,True,True,provisional-impact-risk-v2,Relative heat-health impact ranking; not a predicted death count,WorldPop exposure included; demographic and health-outcome calibration pending
21,ROHINI,2026-08-31,35.3,27.5,31.55,61.67,75,1.63,809.0,40.99,31.07,27.96,43.32,74.39,11,2,27.5,2026-08-31T14:00,96850,20021.91,39.28,True,4,100.0,65.35,High,ORANGE,#E67E22,Activate the local heat action plan; open cooling centres; shift strenuous outdoor work away from afternoon hours; alert hospitals for a possible heat-illness surge.,True,True,True,True,provisional-impact-risk-v2,Relative heat-health impact ranking; not a predicted death count,WorldPop exposure included; demographic and health-outcome calibration pending
21,ROHINI,2026-09-01,34.0,28.2,30.43,70.71,87,1.24,787.0,40.31,30.81,27.95,42.4,72.07,8,0,28.2,2026-09-01T13:00,96850,20021.91,39.28,True,5,100.0,63.32,High,ORANGE,#E67E22,Activate the local heat action plan; open cooling centres; shift strenuous outdoor work away from afternoon hours; alert hospitals for a possible heat-illness surge.,True,True,True,True,provisional-impact-risk-v2,Relative heat-health impact ranking; not a predicted death count,WorldPop exposure included; demographic and health-outcome calibration pending
210,DALLOPURA,2026-08-28,34.5,26.6,30.51,73.75,92,2.09,773.0,40.05,30.59,28.26,42.07,70.66,13,0,26.6,2026-08-28T13:00,28096,30699.3,33.15,True,1,33.33,56.5,High,ORANGE,#E67E22,Activate the local heat action plan; open cooling centres; shift strenuous outdoor work away from afternoon hours; alert hospitals for a possible heat-illness surge.,True,True,True,True,provisional-impact-risk-v2,Relative heat-health impact ranking; not a predicted death count,WorldPop exposure included; demographic and health-outcome calibration pending
210,DALLOPURA,2026-08-29,34.9,26.8,30.73,69.33,83,2.1,830.0,40.83,31.08,28.04,43.43,74.72,14,1,26.8,2026-08-29T13:00,28096,30699.3,33.15,True,2,66.67,62.24,High,ORANGE,#E67E22,Activate the local heat action plan; open cooling centres; shift strenuous outdoor work away from afternoon hours; alert hospitals for a possible heat-illness surge.,True,True,True,True,provisional-impact-risk-v2,Relative heat-health impact ranking; not a predicted death count,WorldPop exposure included; demographic and health-outcome calibration pending
210,DALLOPURA,2026-08-30,35.4,27.3,31.21,66.62,80,1.82,779.0,41.64,31.22,28.19,42.96,75.06,13,1,27.3,2026-08-30T14:00,28096,30699.3,33.15,True,3,100.0,65.02,High,ORANGE,#E67E22,Activate the local heat action plan; open cooling centres; shift strenuous outdoor work away from afternoon hours; alert hospitals for a possible heat-illness surge.,True,True,True,True,provisional-impact-risk-v2,Relative heat-health impact ranking; not a predicted death count,WorldPop exposure included; demographic and health-outcome calibration pending
210,DALLOPURA,2026-08-31,36.1,27.3,31.23,64.54,84,1.48,833.0,41.65,31.38,27.97,43.73,76.21,10,3,27.3,2026-08-31T14:00,28096,30699.3,33.15,True,4,100.0,66.02,High,ORANGE,#E67E22,Activate the local heat action plan; open cooling centres; shift strenuous outdoor work away from afternoon hours; alert hospitals for a possible heat-illness surge.,True,True,True,True,provisional-impact-risk-v2,Relative heat-health impact ranking; not a predicted death count,WorldPop exposure included; demographic and health-outcome calibration pending
210,DALLOPURA,2026-09-01,33.6,27.0,29.72,78.0,96,0.95,755.0,40.44,30.65,28.03,41.82,70.53,8,0,27.0,2026-09-01T13:00,28096,30699.3,33.15,True,5,100.0,61.1,High,ORANGE,#E67E22,Activate the local heat action plan; open cooling centres; shift strenuous outdoor work away from afternoon hours; alert hospitals for a possible heat-illness surge.,True,True,True,True,provisional-impact-risk-v2,Relative heat-health impact ranking; not a predicted death count,WorldPop exposure included; demographic and health-outcome calibration pending
211,TRILOK PURI,2026-08-28,34.5,26.6,30.51,73.75,92,2.09,773.0,40.05,30.59,28.26,42.07,70.66,13,0,26.6,2026-08-28T13:00,78736,21650.4,36.31,True,1,33.33,56.95,High,ORANGE,#E67E22,Activate the local heat action plan; open cooling centres; shift strenuous outdoor work away from afternoon hours; alert hospitals for a possible heat-illness surge.,True,True,True,True,provisional-impact-risk-v2,Relative heat-health impact ranking; not a predicted death count,WorldPop exposure included; demographic and health-outcome calibration pending
211,TRILOK PURI,2026-08-29,34.9,26.8,30.73,69.33,83,2.1,830.0,40.83,31.08,28.04,43.43,74.72,14,1,26.8,2026-08-29T13:00,78736,21650.4,36.31,True,2,66.67,62.71,High,ORANGE,#E67E22,Activate the local heat action plan; open cooling centres; shift strenuous outdoor work away from afternoon hours; alert hospitals for a possible heat-illness surge.,True,True,True,True,provisional-impact-risk-v2,Relative heat-health impact ranking; not a predicted death count,WorldPop exposure included; demographic and health-outcome calibration pending
211,TRILOK PURI,2026-08-30,35.4,27.3,31.21,66.62,80,1.82,779.0,41.64,31.22,28.19,42.96,75.06,13,1,27.3,2026-08-30T14:00,78736,21650.4,36.31,True,3,100.0,65.5,High,ORANGE,#E67E22,Activate the local heat action plan; open cooling centres; shift strenuous outdoor work away from afternoon hours; alert hospitals for a possible heat-illness surge.,True,True,True,True,provisional-impact-risk-v2,Relative heat-health impact ranking; not a predicted death count,WorldPop exposure included; demographic and health-outcome calibration pending
211,TRILOK PURI,2026-08-31,36.1,27.3,31.23,64.54,84,1.48,833.0,41.65,31.38,27.97,43.73,76.21,10,3,27.3,2026-08-31T14:00,78736,21650.4,36.31,True,4,100.0,66.5,High,ORANGE,#E67E22,Activate the local heat action plan; open cooling centres; shift strenuous outdoor work away from afternoon hours; alert hospitals for a possible heat-illness surge.,True,True,True,True,provisional-impact-risk-v2,Relative heat-health impact ranking; not a predicted death count,WorldPop exposure included; demographic and health-outcome calibration pending
211,TRILOK PURI,2026-09-01,33.6,27.0,29.72,78.0,96,0.95,755.0,40.44,30.65,28.03,41.82,70.53,8,0,27.0,2026-09-01T13:00,78736,21650.4,36.31,True,5,100.0,61.54,High,ORANGE,#E67E22,Activate the local heat action plan; open cooling centres; shift strenuous outdoor work away from afternoon hours; alert hospitals for a possible heat-illness surge.,True,True,True,True,provisional-impact-risk-v2,Relative heat-health impact ranking; not a predicted death count,WorldPop exposure included; demographic and health-outcome calibration pending
212,NEW ASHOK NAGAR,2026-08-28,34.5,26.6,30.51,73.75,92,2.09,773.0,40.05,30.59,28.26,42.07,70.66,13,0,26.6,2026-08-28T13:00,50336,30703.92,39.11,True,1,33.33,57.34,High,ORANGE,#E67E22,Activate the local heat action plan; open cooling centres; shift strenuous outdoor work away from afternoon hours; alert hospitals for a possible heat-illness surge.,True,True,True,True,provisional-impact-risk-v2,Relative heat-health impact ranking; not a predicted death count,WorldPop exposure included; demographic and health-outcome calibration pending
212,NEW ASHOK NAGAR,2026-08-29,34.9,26.8,30.73,69.33,83,2.1,830.0,40.83,31.08,28.04,43.43,74.72,14,1,26.8,2026-08-29T13:00,50336,30703.92,39.11,True,2,66.67,63.13,High,ORANGE,#E67E22,Activate the local heat action plan; open cooling centres; shift strenuous outdoor work away from afternoon hours; alert hospitals for a possible heat-illness surge.,True,True,True,True,provisional-impact-risk-v2,Relative heat-health impact ranking; not a predicted death count,WorldPop exposure included; demographic and health-outcome calibration pending
212,NEW ASHOK NAGAR,2026-08-30,35.4,27.3,31.21,66.62,80,1.82,779.0,41.64,31.22,28.19,42.96,75.06,13,1,27.3,2026-08-30T14:00,50336,30703.92,39.11,True,3,100.0,65.92,High,ORANGE,#E67E22,Activate the local heat action plan; open cooling centres; shift strenuous outdoor work away from afternoon hours; alert hospitals for a possible heat-illness surge.,True,True,True,True,provisional-impact-risk-v2,Relative heat-health impact ranking; not a predicted death count,WorldPop exposure included; demographic and health-outcome calibration pending
212,NEW ASHOK NAGAR,2026-08-31,36.1,27.3,31.23,64.54,84,1.48,833.0,41.65,31.38,27.97,43.73,76.21,10,3,27.3,2026-08-31T14:00,50336,30703.92,39.11,True,4,100.0,66.93,High,ORANGE,#E67E22,Activate the local heat action plan; open cooling centres; shift strenuous outdoor work away from afternoon hours; alert hospitals for a possible heat-illness surge.,True,True,True,True,provisional-impact-risk-v2,Relative heat-health impact ranking; not a predicted death count,WorldPop exposure included; demographic and health-outcome calibration pending
212,NEW ASHOK NAGAR,2026-09-01,33.6,27.0,29.72,78.0,96,0.95,755.0,40.44,30.65,28.03,41.82,70.53,8,0,27.0,2026-09-01T13:00,50336,30703.92,39.11,True,5,100.0,61.94,High,ORANGE,#E67E22,Activate the local heat action plan; open cooling centres; shift strenuous outdoor work away from afternoon hours; alert hospitals for a possible heat-illness surge.,True,True,True,True,provisional-impact-risk-v2,Relative heat-health impact ranking; not a predicted death count,WorldPop exposure included; demographic and health-outcome calibration pending
213,KALYAN PURI,2026-08-28,34.5,26.6,30.51,73.75,92,2.09,773.0,40.05,30.59,28.26,42.07,70.66,13,0,26.6,2026-08-28T13:00,14219,31202.55,30.02,True,1,33.33,56.06,High,ORANGE,#E67E22,Activate the local heat action plan; open cooling centres; shift strenuous outdoor work away from afternoon hours; alert hospitals for a possible heat-illness surge.,True,True,True,True,provisional-impact-risk-v2,Relative heat-health impact ranking; not a predicted death count,WorldPop exposure included; demographic and health-outcome calibration pending
213,KALYAN PURI,2026-08-29,34.9,26.8,30.73,69.33,83,2.1,830.0,40.83,31.08,28.04,43.43,74.72,14,1,26.8,2026-08-29T13:00,14219,31202.55,30.02,True,2,66.67,61.77,High,ORANGE,#E67E22,Activate the local heat action plan; open cooling centres; shift strenuous outdoor work away from afternoon hours; alert hospitals for a possible heat-illness surge.,True,True,True,True,provisional-impact-risk-v2,Relative heat-health impact ranking; not a predicted death count,WorldPop exposure included; demographic and health-outcome calibration pending
213,KALYAN PURI,2026-08-30,35.4,27.3,31.21,66.62,80,1.82,779.0,41.64,31.22,28.19,42.96,75.06,13,1,27.3,2026-08-30T14:00,14219,31202.55,30.02,True,3,100.0,64.55,High,ORANGE,#E67E22,Activate the local heat action plan; open cooling centres; shift strenuous outdoor work away from afternoon hours; alert hospitals for a possible heat-illness surge.,True,True,True,True,provisional-impact-risk-v2,Relative heat-health impact ranking; not a predicted death count,WorldPop exposure included; demographic and health-outcome calibration pending
213,KALYAN PURI,2026-08-31,36.1,27.3,31.23,64.54,84,1.48,833.0,41.65,31.38,27.97,43.73,76.21,10,3,27.3,2026-08-31T14:00,14219,31202.55,30.02,True,4,100.0,65.54,High,ORANGE,#E67E22,Activate the local heat action plan; open cooling centres; shift strenuous outdoor work away from afternoon hours; alert hospitals for a possible heat-illness surge.,True,True,True,True,provisional-impact-risk-v2,Relative heat-health impact ranking; not a predicted death count,WorldPop exposure included; demographic and health-outcome calibration pending
213,KALYAN PURI,2026-09-01,33.6,27.0,29.72,78.0,96,0.95,755.0,40.44,30.65,28.03,41.82,70.53,8,0,27.0,2026-09-01T13:00,14219,31202.55,30.02,True,5,100.0,60.65,High,ORANGE,#E67E22,Activate the local heat action plan; open cooling centres; shift strenuous outdoor work away from afternoon hours; alert hospitals for a possible heat-illness surge.,True,True,True,True,provisional-impact-risk-v2,Relative heat-health impact ranking; not a predicted death count,WorldPop exposure included; demographic and health-outcome calibration pending
214,KHICHRIPUR,2026-08-28,34.5,26.6,30.51,73.75,92,2.09,773.0,40.05,30.59,28.26,42.07,70.66,13,0,26.6,2026-08-28T13:00,140933,30831.31,63.5,True,1,33.33,60.79,High,ORANGE,#E67E22,Activate the local heat action plan; open cooling centres; shift strenuous outdoor work away from afternoon hours; alert hospitals for a possible heat-illness surge.,True,True,True,True,provisional-impact-risk-v2,Relative heat-health impact ranking; not a predicted death count,WorldPop exposure included; demographic and health-outcome calibration pending
214,KHICHRIPUR,2026-08-29,34.9,26.8,30.73,69.33,83,2.1,830.0,40.83,31.08,28.04,43.43,74.72,14,1,26.8,2026-08-29T13:00,140933,30831.31,63.5,True,2,66.67,66.78,High,ORANGE,#E67E22,Activate the local heat action plan; open cooling centres; shift strenuous outdoor work away from afternoon hours; alert hospitals for a possible heat-illness surge.,True,True,True,True,provisional-impact-risk-v2,Relative heat-health impact ranking; not a predicted death count,WorldPop exposure included; demographic and health-outcome calibration pending
214,KHICHRIPUR,2026-08-30,35.4,27.3,31.21,66.62,80,1.82,779.0,41.64,31.22,28.19,42.96,75.06,13,1,27.3,2026-08-30T14:00,140933,30831.31,63.5,True,3,100.0,69.58,High,ORANGE,#E67E22,Activate the local heat action plan; open cooling centres; shift strenuous outdoor work away from afternoon hours; alert hospitals for a possible heat-illness surge.,True,True,True,True,provisional-impact-risk-v2,Relative heat-health impact ranking; not a predicted death count,WorldPop exposure included; demographic and health-outcome calibration pending
214,KHICHRIPUR,2026-08-31,36.1,27.3,31.23,64.54,84,1.48,833.0,41.65,31.38,27.97,43.73,76.21,10,3,27.3,2026-08-31T14:00,140933,30831.31,63.5,True,4,100.0,70.65,High,ORANGE,#E67E22,Activate the local heat action plan; open cooling centres; shift strenuous outdoor work away from afternoon hours; alert hospitals for a possible heat-illness surge.,True,True,True,True,provisional-impact-risk-v2,Relative heat-health impact ranking; not a predicted death count,WorldPop exposure included; demographic and health-outcome calibration pending
214,KHICHRIPUR,2026-09-01,33.6,27.0,29.72,78.0,96,0.95,755.0,40.44,30.65,28.03,41.82,70.53,8,0,27.0,2026-09-01T13:00,140933,30831.31,63.5,True,5,100.0,65.38,High,ORANGE,#E67E22,Activate the local heat action plan; open cooling centres; shift strenuous outdoor work away from afternoon hours; alert hospitals for a possible heat-illness surge.,True,True,True,True,provisional-impact-risk-v2,Relative heat-health impact ranking; not a predicted death count,WorldPop exposure included; demographic and health-outcome calibration pending
215,KONDLI,2026-08-28,34.5,26.6,30.51,73.75,92,2.09,773.0,40.05,30.59,28.26,42.07,70.66,13,0,26.6,2026-08-28T13:00,49493,31604.73,39.92,True,1,33.33,57.46,High,ORANGE,#E67E22,Activate the local heat action plan; open cooling centres; shift strenuous outdoor work away from afternoon hours; alert hospitals for a possible heat-illness surge.,True,True,True,True,provisional-impact-risk-v2,Relative heat-health impact ranking; not a predicted death count,WorldPop exposure included; demographic and health-outcome calibration pending
215,KONDLI,2026-08-29,34.9,26.8,30.73,69.33,83,2.1,830.0,40.83,31.08,28.04,43.43,74.72,14,1,26.8,2026-08-29T13:00,49493,31604.73,39.92,True,2,66.67,63.25,High,ORANGE,#E67E22,Activate the local heat action plan; open cooling centres; shift strenuous outdoor work away from afternoon hours; alert hospitals for a possible heat-illness surge.,True,True,True,True,provisional-impact-risk-v2,Relative heat-health impact ranking; not a predicted death count,WorldPop exposure included; demographic and health-outcome calibration pending
215,KONDLI,2026-08-30,35.4,27.3,31.21,66.62,80,1.82,779.0,41.64,31.22,28.19,42.96,75.06,13,1,27.3,2026-08-30T14:00,49493,31604.73,39.92,True,3,100.0,66.04,High,ORANGE,#E67E22,Activate the local heat action plan; open cooling centres; shift strenuous outdoor work away from afternoon hours; alert hospitals for a possible heat-illness surge.,True,True,True,True,provisional-impact-risk-v2,Relative heat-health impact ranking; not a predicted death count,WorldPop exposure included; demographic and health-outcome calibration pending
215,KONDLI,2026-08-31,36.1,27.3,31.23,64.54,84,1.48,833.0,41.65,31.38,27.97,43.73,76.21,10,3,27.3,2026-08-31T14:00,49493,31604.73,39.92,True,4,100.0,67.05,High,ORANGE,#E67E22,Activate the local heat action plan; open cooling centres; shift strenuous outdoor work away from afternoon hours; alert hospitals for a possible heat-illness surge.,True,True,True,True,provisional-impact-risk-v2,Relative heat-health impact ranking; not a predicted death count,WorldPop exposure included; demographic and health-outcome calibration pending
215,KONDLI,2026-09-01,33.6,27.0,29.72,78.0,96,0.95,755.0,40.44,30.65,28.03,41.82,70.53,8,0,27.0,2026-09-01T13:00,49493,31604.73,39.92,True,5,100.0,62.05,High,ORANGE,#E67E22,Activate the local heat action plan; open cooling centres; shift strenuous outdoor work away from afternoon hours; alert hospitals for a possible heat-illness surge.,True,True,True,True,provisional-impact-risk-v2,Relative heat-health impact ranking; not a predicted death count,WorldPop exposure included; demographic and health-outcome calibration pending
216,GHAROLI,2026-08-28,34.2,26.0,30.4,74.71,95,1.98,768.0,40.31,30.56,28.25,41.55,69.98,13,0,26.0,2026-08-28T13:00,51238,25135.15,32.95,True,1,33.33,55.93,High,ORANGE,#E67E22,Activate the local heat action plan; open cooling centres; shift strenuous outdoor work away from afternoon hours; alert hospitals for a possible heat-illness surge.,True,True,True,True,provisional-impact-risk-v2,Relative heat-health impact ranking; not a predicted death count,WorldPop exposure included; demographic and health-outcome calibration pending
216,GHAROLI,2026-08-29,34.8,27.0,30.78,69.54,84,1.97,830.0,40.59,30.93,28.12,43.16,73.41,13,0,27.0,2026-08-29T13:00,51238,25135.15,32.95,True,2,66.67,61.12,High,ORANGE,#E67E22,Activate the local heat action plan; open cooling centres; shift strenuous outdoor work away from afternoon hours; alert hospitals for a possible heat-illness surge.,True,True,True,True,provisional-impact-risk-v2,Relative heat-health impact ranking; not a predicted death count,WorldPop exposure included; demographic and health-outcome calibration pending
216,GHAROLI,2026-08-30,35.2,27.5,30.86,69.29,88,1.61,769.0,40.97,30.83,28.16,42.34,72.11,13,0,27.5,2026-08-30T14:00,51238,25135.15,32.95,True,3,100.0,62.44,High,ORANGE,#E67E22,Activate the local heat action plan; open cooling centres; shift strenuous outdoor work away from afternoon hours; alert hospitals for a possible heat-illness surge.,True,True,True,True,provisional-impact-risk-v2,Relative heat-health impact ranking; not a predicted death count,WorldPop exposure included; demographic and health-outcome calibration pending
216,GHAROLI,2026-08-31,35.0,27.3,30.27,74.17,96,1.56,835.0,40.68,30.89,28.1,43.01,73.06,10,0,27.3,2026-08-31T13:00,51238,25135.15,32.95,True,4,100.0,63.26,High,ORANGE,#E67E22,Activate the local heat action plan; open cooling centres; shift strenuous outdoor work away from afternoon hours; alert hospitals for a possible heat-illness surge.,True,True,True,True,provisional-impact-risk-v2,Relative heat-health impact ranking; not a predicted death count,WorldPop exposure included; demographic and health-outcome calibration pending
216,GHAROLI,2026-09-01,32.9,26.1,29.02,82.21,99,1.29,716.0,39.26,30.3,27.77,40.98,67.59,9,0,26.1,2026-09-01T12:00,51238,25135.15,32.95,True,5,100.0,58.53,High,ORANGE,#E67E22,Activate the local heat action plan; open cooling centres; shift strenuous outdoor work away from afternoon hours; alert hospitals for a possible heat-illness surge.,True,True,True,True,provisional-impact-risk-v2,Relative heat-health impact ranking; not a predicted death count,WorldPop exposure included; demographic and health-outcome calibration pending
217,VINOD NAGAR,2026-08-28,34.6,26.5,30.68,73.17,93,1.96,767.0,40.16,30.58,28.35,41.98,70.55,13,0,26.5,2026-08-28T13:00,33892,37825.89,42.89,True,1,33.33,57.79,High,ORANGE,#E67E22,Activate the local heat action plan; open cooling centres; shift strenuous outdoor work away from afternoon hours; alert hospitals for a possible heat-illness surge.,True,True,True,True,provisional-impact-risk-v2,Relative heat-health impact ranking; not a predicted death count,WorldPop exposure included; demographic and health-outcome calibration pending
217,VINOD NAGAR,2026-08-29,35.3,26.9,31.11,66.71,80,2.03,838.0,40.76,30.98,28.1,43.5,74.28,14,0,26.9,2026-08-29T13:00,33892,37825.89,42.89,True,2,66.67,63.32,High,ORANGE,#E67E22,Activate the local heat action plan; open cooling centres; shift strenuous outdoor work away from afternoon hours; alert hospitals for a possible heat-illness surge.,True,True,True,True,provisional-impact-risk-v2,Relative heat-health impact ranking; not a predicted death count,WorldPop exposure included; demographic and health-outcome calibration pending
217,VINOD NAGAR,2026-08-30,35.8,27.7,31.6,63.42,81,1.7,776.0,40.56,30.87,28.17,43.01,73.25,15,0,27.7,2026-08-30T14:00,33892,37825.89,42.89,True,3,100.0,64.88,High,ORANGE,#E67E22,Activate the local heat action plan; open cooling centres; shift strenuous outdoor work away from afternoon hours; alert hospitals for a possible heat-illness surge.,True,True,True,True,provisional-impact-risk-v2,Relative heat-health impact ranking; not a predicted death count,WorldPop exposure included; demographic and health-outcome calibration pending
217,VINOD NAGAR,2026-08-31,36.0,27.7,31.4,63.83,85,1.41,828.0,41.42,31.27,28.04,43.62,75.72,9,2,27.7,2026-08-31T14:00,33892,37825.89,42.89,True,4,100.0,67.08,High,ORANGE,#E67E22,Activate the local heat action plan; open cooling centres; shift strenuous outdoor work away from afternoon hours; alert hospitals for a possible heat-illness surge.,True,True,True,True,provisional-impact-risk-v2,Relative heat-health impact ranking; not a predicted death count,WorldPop exposure included; demographic and health-outcome calibration pending
217,VINOD NAGAR,2026-09-01,34.2,27.3,30.01,76.12,95,1.03,767.0,40.29,30.7,28.1,42.27,71.31,9,0,27.3,2026-09-01T13:00,33892,37825.89,42.89,True,5,100.0,63.17,High,ORANGE,#E67E22,Activate the local heat action plan; open cooling centres; shift strenuous outdoor work away from afternoon hours; alert hospitals for a possible heat-illness surge.,True,True,True,True,provisional-impact-risk-v2,Relative heat-health impact ranking; not a predicted death count,WorldPop exposure included; demographic and health-outcome calibration pending
218,MANDAWALI,2026-08-28,34.6,26.5,30.68,73.17,93,1.96,767.0,40.16,30.58,28.35,41.98,70.55,13,0,26.5,2026-08-28T13:00,33057,36551.3,41.2,True,1,33.33,57.55,High,ORANGE,#E67E22,Activate the local heat action plan; open cooling centres; shift strenuous outdoor work away from afternoon hours; alert hospitals for a possible heat-illness surge.,True,True,True,True,provisional-impact-risk-v2,Relative heat-health impact ranking; not a predicted death count,WorldPop exposure included; demographic and health-outcome calibration pending
218,MANDAWALI,2026-08-29,35.3,26.9,31.11,66.71,80,2.03,838.0,40.76,30.98,28.1,43.5,74.28,14,0,26.9,2026-08-29T13:00,33057,36551.3,41.2,True,2,66.67,63.07,High,ORANGE,#E67E22,Activate the local heat action plan; open cooling centres; shift strenuous outdoor work away from afternoon hours; alert hospitals for a possible heat-illness surge.,True,True,True,True,provisional-impact-risk-v2,Relative heat-health impact ranking; not a predicted death count,WorldPop exposure included; demographic and health-outcome calibration pending
218,MANDAWALI,2026-08-30,35.8,27.7,31.6,63.42,81,1.7,776.0,40.56,30.87,28.17,43.01,73.25,15,0,27.7,2026-08-30T14:00,33057,36551.3,41.2,True,3,100.0,64.63,High,ORANGE,#E67E22,Activate the local heat action plan; open cooling centres; shift strenuous outdoor work away from afternoon hours; alert hospitals for a possible heat-illness surge.,True,True,True,True,provisional-impact-risk-v2,Relative heat-health impact ranking; not a predicted death count,WorldPop exposure included; demographic and health-outcome calibration pending
218,MANDAWALI,2026-08-31,36.0,27.7,31.4,63.83,85,1.41,828.0,41.42,31.27,28.04,43.62,75.72,9,2,27.7,2026-08-31T14:00,33057,36551.3,41.2,True,4,100.0,66.82,High,ORANGE,#E67E22,Activate the local heat action plan; open cooling centres; shift strenuous outdoor work away from afternoon hours; alert hospitals for a possible heat-illness surge.,True,True,True,True,provisional-impact-risk-v2,Relative heat-health impact ranking; not a predicted death count,WorldPop exposure included; demographic and health-outcome calibration pending
218,MANDAWALI,2026-09-01,34.2,27.3,30.01,76.12,95,1.03,767.0,40.29,30.7,28.1,42.27,71.31,9,0,27.3,2026-09-01T13:00,33057,36551.3,41.2,True,5,100.0,62.93,High,ORANGE,#E67E22,Activate the local heat action plan; open cooling centres; shift strenuous outdoor work away from afternoon hours; alert hospitals for a possible heat-illness surge.,True,True,True,True,provisional-impact-risk-v2,Relative heat-health impact ranking; not a predicted death count,WorldPop exposure included; demographic and health-outcome calibration pending
219,MAYUR VIHAR PHASE II,2026-08-28,34.6,26.5,30.68,73.17,93,1.96,767.0,40.16,30.58,28.35,41.98,70.55,13,0,26.5,2026-08-28T13:00,80370,34456.59,51.46,True,1,33.33,59.0,High,ORANGE,#E67E22,Activate the local heat action plan; open cooling centres; shift strenuous outdoor work away from afternoon hours; alert hospitals for a possible heat-illness surge.,True,True,True,True,provisional-impact-risk-v2,Relative heat-health impact ranking; not a predicted death count,WorldPop exposure included; demographic and health-outcome calibration pending
219,MAYUR VIHAR PHASE II,2026-08-29,35.3,26.9,31.11,66.71,80,2.03,838.0,40.76,30.98,28.1,43.5,74.28,14,0,26.9,2026-08-29T13:00,80370,34456.59,51.46,True,2,66.67,64.59,High,ORANGE,#E67E22,Activate the local heat action plan; open cooling centres; shift strenuous outdoor work away from afternoon hours; alert hospitals for a possible heat-illness surge.,True,True,True,True,provisional-impact-risk-v2,Relative heat-health impact ranking; not a predicted death count,WorldPop exposure included; demographic and health-outcome calibration pending
219,MAYUR VIHAR PHASE II,2026-08-30,35.8,27.7,31.6,63.42,81,1.7,776.0,40.56,30.87,28.17,43.01,73.25,15,0,27.7,2026-08-30T14:00,80370,34456.59,51.46,True,3,100.0,66.14,High,ORANGE,#E67E22,Activate the local heat action plan; open cooling centres; shift strenuous outdoor work away from afternoon hours; alert hospitals for a possible heat-illness surge.,True,True,True,True,provisional-impact-risk-v2,Relative heat-health impact ranking; not a predicted death count,WorldPop exposure included; demographic and health-outcome calibration pending
219,MAYUR VIHAR PHASE II,2026-08-31,36.0,27.7,31.4,63.83,85,1.41,828.0,41.42,31.27,28.04,43.62,75.72,9,2,27.7,2026-08-31T14:00,80370,34456.59,51.46,True,4,100.0,68.37,High,ORANGE,#E67E22,Activate the local heat action plan; open cooling centres; shift strenuous outdoor work away from afternoon hours; alert hospitals for a possible heat-illness surge.,True,True,True,True,provisional-impact-risk-v2,Relative heat-health impact ranking; not a predicted death count,WorldPop exposure included; demographic and health-outcome calibration pending
219,MAYUR VIHAR PHASE II,2026-09-01,34.2,27.3,30.01,76.12,95,1.03,767.0,40.29,30.7,28.1,42.27,71.31,9,0,27.3,2026-09-01T13:00,80370,34456.59,51.46,True,5,100.0,64.39,High,ORANGE,#E67E22,Activate the local heat action plan; open cooling centres; shift strenuous outdoor work away from afternoon hours; alert hospitals for a possible heat-illness surge.,True,True,True,True,provisional-impact-risk-v2,Relative heat-health impact ranking; not a predicted death count,WorldPop exposure included; demographic and health-outcome calibration pending
22,RITHALA,2026-08-28,34.4,27.3,30.79,72.83,91,1.92,767.0,40.05,30.37,28.43,41.63,68.98,13,0,27.3,2026-08-28T13:00,57136,27427.04,37.16,True,1,33.33,55.71,High,ORANGE,#E67E22,Activate the local heat action plan; open cooling centres; shift strenuous outdoor work away from afternoon hours; alert hospitals for a possible heat-illness surge.,True,True,True,True,provisional-impact-risk-v2,Relative heat-health impact ranking; not a predicted death count,WorldPop exposure included; demographic and health-outcome calibration pending
22,RITHALA,2026-08-29,34.7,26.8,30.92,68.12,79,2.03,846.0,41.14,31.17,28.12,43.44,75.22,14,1,26.8,2026-08-29T13:00,57136,27427.04,37.16,True,2,66.67,63.26,High,ORANGE,#E67E22,Activate the local heat action plan; open cooling centres; shift strenuous outdoor work away from afternoon hours; alert hospitals for a possible heat-illness surge.,True,True,True,True,provisional-impact-risk-v2,Relative heat-health impact ranking; not a predicted death count,WorldPop exposure included; demographic and health-outcome calibration pending
22,RITHALA,2026-08-30,35.2,27.4,31.52,64.38,76,1.74,795.0,41.73,31.29,28.25,42.99,75.39,15,2,27.4,2026-08-30T14:00,57136,27427.04,37.16,True,3,100.0,65.91,High,ORANGE,#E67E22,Activate the local heat action plan; open cooling centres; shift strenuous outdoor work away from afternoon hours; alert hospitals for a possible heat-illness surge.,True,True,True,True,provisional-impact-risk-v2,Relative heat-health impact ranking; not a predicted death count,WorldPop exposure included; demographic and health-outcome calibration pending
22,RITHALA,2026-08-31,35.3,27.5,31.55,61.67,75,1.63,809.0,40.99,31.07,27.96,43.32,74.39,11,2,27.5,2026-08-31T14:00,57136,27427.04,37.16,True,4,100.0,65.04,High,ORANGE,#E67E22,Activate the local heat action plan; open cooling centres; shift strenuous outdoor work away from afternoon hours; alert hospitals for a possible heat-illness surge.,True,True,True,True,provisional-impact-risk-v2,Relative heat-health impact ranking; not a predicted death count,WorldPop exposure included; demographic and health-outcome calibration pending
22,RITHALA,2026-09-01,34.0,28.2,30.43,70.71,87,1.24,787.0,40.31,30.81,27.95,42.4,72.07,8,0,28.2,2026-09-01T13:00,57136,27427.04,37.16,True,5,100.0,63.02,High,ORANGE,#E67E22,Activate the local heat action plan; open cooling centres; shift strenuous outdoor work away from afternoon hours; alert hospitals for a possible heat-illness surge.,True,True,True,True,provisional-impact-risk-v2,Relative heat-health impact ranking; not a predicted death count,WorldPop exposure included; demographic and health-outcome calibration pending
220,PATPARGANJ,2026-08-28,34.5,26.6,30.51,73.75,92,2.09,773.0,40.05,30.59,28.26,42.07,70.66,13,0,26.6,2026-08-28T13:00,53355,34281.03,44.02,True,1,33.33,58.04,High,ORANGE,#E67E22,Activate the local heat action plan; open cooling centres; shift strenuous outdoor work away from afternoon hours; alert hospitals for a possible heat-illness surge.,True,True,True,True,provisional-impact-risk-v2,Relative heat-health impact ranking; not a predicted death count,WorldPop exposure included; demographic and health-outcome calibration pending
220,PATPARGANJ,2026-08-29,34.9,26.8,30.73,69.33,83,2.1,830.0,40.83,31.08,28.04,43.43,74.72,14,1,26.8,2026-08-29T13:00,53355,34281.03,44.02,True,2,66.67,63.87,High,ORANGE,#E67E22,Activate the local heat action plan; open cooling centres; shift strenuous outdoor work away from afternoon hours; alert hospitals for a possible heat-illness surge.,True,True,True,True,provisional-impact-risk-v2,Relative heat-health impact ranking; not a predicted death count,WorldPop exposure included; demographic and health-outcome calibration pending
220,PATPARGANJ,2026-08-30,35.4,27.3,31.21,66.62,80,1.82,779.0,41.64,31.22,28.19,42.96,75.06,13,1,27.3,2026-08-30T14:00,53355,34281.03,44.02,True,3,100.0,66.65,High,ORANGE,#E67E22,Activate the local heat action plan; open cooling centres; shift strenuous outdoor work away from afternoon hours; alert hospitals for a possible heat-illness surge.,True,True,True,True,provisional-impact-risk-v2,Relative heat-health impact ranking; not a predicted death count,WorldPop exposure included; demographic and health-outcome calibration pending
220,PATPARGANJ,2026-08-31,36.1,27.3,31.23,64.54,84,1.48,833.0,41.65,31.38,27.97,43.73,76.21,10,3,27.3,2026-08-31T14:00,53355,34281.03,44.02,True,4,100.0,67.68,High,ORANGE,#E67E22,Activate the local heat action plan; open cooling centres; shift strenuous outdoor work away from afternoon hours; alert hospitals for a possible heat-illness surge.,True,True,True,True,provisional-impact-risk-v2,Relative heat-health impact ranking; not a predicted death count,WorldPop exposure included; demographic and health-outcome calibration pending
220,PATPARGANJ,2026-09-01,33.6,27.0,29.72,78.0,96,0.95,755.0,40.44,30.65,28.03,41.82,70.53,8,0,27.0,2026-09-01T13:00,53355,34281.03,44.02,True,5,100.0,62.63,High,ORANGE,#E67E22,Activate the local heat action plan; open cooling centres; shift strenuous outdoor work away from afternoon hours; alert hospitals for a possible heat-illness surge.,True,True,True,True,provisional-impact-risk-v2,Relative heat-health impact ranking; not a predicted death count,WorldPop exposure included; demographic and health-outcome calibration pending
221,KISHAN KUNJ,2026-08-28,34.6,26.5,30.68,73.17,93,1.96,767.0,40.16,30.58,28.35,41.98,70.55,13,0,26.5,2026-08-28T13:00,46688,34001.89,41.92,True,1,33.33,57.65,High,ORANGE,#E67E22,Activate the local heat action plan; open cooling centres; shift strenuous outdoor work away from afternoon hours; alert hospitals for a possible heat-illness surge.,True,True,True,True,provisional-impact-risk-v2,Relative heat-health impact ranking; not a predicted death count,WorldPop exposure included; demographic and health-outcome calibration pending
221,KISHAN KUNJ,2026-08-29,35.3,26.9,31.11,66.71,80,2.03,838.0,40.76,30.98,28.1,43.5,74.28,14,0,26.9,2026-08-29T13:00,46688,34001.89,41.92,True,2,66.67,63.18,High,ORANGE,#E67E22,Activate the local heat action plan; open cooling centres; shift strenuous outdoor work away from afternoon hours; alert hospitals for a possible heat-illness surge.,True,True,True,True,provisional-impact-risk-v2,Relative heat-health impact ranking; not a predicted death count,WorldPop exposure included; demographic and health-outcome calibration pending
221,KISHAN KUNJ,2026-08-30,35.8,27.7,31.6,63.42,81,1.7,776.0,40.56,30.87,28.17,43.01,73.25,15,0,27.7,2026-08-30T14:00,46688,34001.89,41.92,True,3,100.0,64.74,High,ORANGE,#E67E22,Activate the local heat action plan; open cooling centres; shift strenuous outdoor work away from afternoon hours; alert hospitals for a possible heat-illness surge.,True,True,True,True,provisional-impact-risk-v2,Relative heat-health impact ranking; not a predicted death count,WorldPop exposure included; demographic and health-outcome calibration pending
221,KISHAN KUNJ,2026-08-31,36.0,27.7,31.4,63.83,85,1.41,828.0,41.42,31.27,28.04,43.62,75.72,9,2,27.7,2026-08-31T14:00,46688,34001.89,41.92,True,4,100.0,66.93,High,ORANGE,#E67E22,Activate the local heat action plan; open cooling centres; shift strenuous outdoor work away from afternoon hours; alert hospitals for a possible heat-illness surge.,True,True,True,True,provisional-impact-risk-v2,Relative heat-health impact ranking; not a predicted death count,WorldPop exposure included; demographic and health-outcome calibration pending
221,KISHAN KUNJ,2026-09-01,34.2,27.3,30.01,76.12,95,1.03,767.0,40.29,30.7,28.1,42.27,71.31,9,0,27.3,2026-09-01T13:00,46688,34001.89,41.92,True,5,100.0,63.03,High,ORANGE,#E67E22,Activate the local heat action plan; open cooling centres; shift strenuous outdoor work away from afternoon hours; alert hospitals for a possible heat-illness surge.,True,True,True,True,provisional-impact-risk-v2,Relative heat-health impact ranking; not a predicted death count,WorldPop exposure included; demographic and health-outcome calibration pending
222,LAXMI NAGAR,2026-08-28,34.6,26.5,30.68,73.17,93,1.96,767.0,40.16,30.58,28.35,41.98,70.55,13,0,26.5,2026-08-28T13:00,35279,38430.28,43.96,True,1,33.33,57.94,High,ORANGE,#E67E22,Activate the local heat action plan; open cooling centres; shift strenuous outdoor work away from afternoon hours; alert hospitals for a possible heat-illness surge.,True,True,True,True,provisional-impact-risk-v2,Relative heat-health impact ranking; not a predicted death count,WorldPop exposure included; demographic and health-outcome calibration pending
222,LAXMI NAGAR,2026-08-29,35.3,26.9,31.11,66.71,80,2.03,838.0,40.76,30.98,28.1,43.5,74.28,14,0,26.9,2026-08-29T13:00,35279,38430.28,43.96,True,2,66.67,63.48,High,ORANGE,#E67E22,Activate the local heat action plan; open cooling centres; shift strenuous outdoor work away from afternoon hours; alert hospitals for a possible heat-illness surge.,True,True,True,True,provisional-impact-risk-v2,Relative heat-health impact ranking; not a predicted death count,WorldPop exposure included; demographic and health-outcome calibration pending
222,LAXMI NAGAR,2026-08-30,35.8,27.7,31.6,63.42,81,1.7,776.0,40.56,30.87,28.17,43.01,73.25,15,0,27.7,2026-08-30T14:00,35279,38430.28,43.96,True,3,100.0,65.04,High,ORANGE,#E67E22,Activate the local heat action plan; open cooling centres; shift strenuous outdoor work away from afternoon hours; alert hospitals for a possible heat-illness surge.,True,True,True,True,provisional-impact-risk-v2,Relative heat-health impact ranking; not a predicted death count,WorldPop exposure included; demographic and health-outcome calibration pending
222,LAXMI NAGAR,2026-08-31,36.0,27.7,31.4,63.83,85,1.41,828.0,41.42,31.27,28.04,43.62,75.72,9,2,27.7,2026-08-31T14:00,35279,38430.28,43.96,True,4,100.0,67.24,High,ORANGE,#E67E22,Activate the local heat action plan; open cooling centres; shift strenuous outdoor work away from afternoon hours; alert hospitals for a possible heat-illness surge.,True,True,True,True,provisional-impact-risk-v2,Relative heat-health impact ranking; not a predicted death count,WorldPop exposure included; demographic and health-outcome calibration pending
222,LAXMI NAGAR,2026-09-01,34.2,27.3,30.01,76.12,95,1.03,767.0,40.29,30.7,28.1,42.27,71.31,9,0,27.3,2026-09-01T13:00,35279,38430.28,43.96,True,5,100.0,63.32,High,ORANGE,#E67E22,Activate the local heat action plan; open cooling centres; shift strenuous outdoor work away from afternoon hours; alert hospitals for a possible heat-illness surge.,True,True,True,True,provisional-impact-risk-v2,Relative heat-health impact ranking; not a predicted death count,WorldPop exposure included; demographic and health-outcome calibration pending
223,SHAKARPUR,2026-08-28,34.6,26.5,30.68,73.17,93,1.96,767.0,40.16,30.58,28.35,41.98,70.55,13,0,26.5,2026-08-28T13:00,40530,35182.29,41.63,True,1,33.33,57.61,High,ORANGE,#E67E22,Activate the local heat action plan; open cooling centres; shift strenuous outdoor work away from afternoon hours; alert hospitals for a possible heat-illness surge.,True,True,True,True,provisional-impact-risk-v2,Relative heat-health impact ranking; not a predicted death count,WorldPop exposure included; demographic and health-outcome calibration pending
223,SHAKARPUR,2026-08-29,35.3,26.9,31.11,66.71,80,2.03,838.0,40.76,30.98,28.1,43.5,74.28,14,0,26.9,2026-08-29T13:00,40530,35182.29,41.63,True,2,66.67,63.13,High,ORANGE,#E67E22,Activate the local heat action plan; open cooling centres; shift strenuous outdoor work away from afternoon hours; alert hospitals for a possible heat-illness surge.,True,True,True,True,provisional-impact-risk-v2,Relative heat-health impact ranking; not a predicted death count,WorldPop exposure included; demographic and health-outcome calibration pending
223,SHAKARPUR,2026-08-30,35.8,27.7,31.6,63.42,81,1.7,776.0,40.56,30.87,28.17,43.01,73.25,15,0,27.7,2026-08-30T14:00,40530,35182.29,41.63,True,3,100.0,64.7,High,ORANGE,#E67E22,Activate the local heat action plan; open cooling centres; shift strenuous outdoor work away from afternoon hours; alert hospitals for a possible heat-illness surge.,True,True,True,True,provisional-impact-risk-v2,Relative heat-health impact ranking; not a predicted death count,WorldPop exposure included; demographic and health-outcome calibration pending
223,SHAKARPUR,2026-08-31,36.0,27.7,31.4,63.83,85,1.41,828.0,41.42,31.27,28.04,43.62,75.72,9,2,27.7,2026-08-31T14:00,40530,35182.29,41.63,True,4,100.0,66.88,High,ORANGE,#E67E22,Activate the local heat action plan; open cooling centres; shift strenuous outdoor work away from afternoon hours; alert hospitals for a possible heat-illness surge.,True,True,True,True,provisional-impact-risk-v2,Relative heat-health impact ranking; not a predicted death count,WorldPop exposure included; demographic and health-outcome calibration pending
223,SHAKARPUR,2026-09-01,34.2,27.3,30.01,76.12,95,1.03,767.0,40.29,30.7,28.1,42.27,71.31,9,0,27.3,2026-09-01T13:00,40530,35182.29,41.63,True,5,100.0,62.99,High,ORANGE,#E67E22,Activate the local heat action plan; open cooling centres; shift strenuous outdoor work away from afternoon hours; alert hospitals for a possible heat-illness surge.,True,True,True,True,provisional-impact-risk-v2,Relative heat-health impact ranking; not a predicted death count,WorldPop exposure included; demographic and health-outcome calibration pending
224,PANDAV NAGAR,2026-08-28,34.6,26.5,30.68,73.17,93,1.96,767.0,40.16,30.58,28.35,41.98,70.55,13,0,26.5,2026-08-28T13:00,59364,33467.13,44.7,True,1,33.33,58.05,High,ORANGE,#E67E22,Activate the local heat action plan; open cooling centres; shift strenuous outdoor work away from afternoon hours; alert hospitals for a possible heat-illness surge.,True,True,True,True,provisional-impact-risk-v2,Relative heat-health impact ranking; not a predicted death count,WorldPop exposure included; demographic and health-outcome calibration pending
224,PANDAV NAGAR,2026-08-29,35.3,26.9,31.11,66.71,80,2.03,838.0,40.76,30.98,28.1,43.5,74.28,14,0,26.9,2026-08-29T13:00,59364,33467.13,44.7,True,2,66.67,63.59,High,ORANGE,#E67E22,Activate the local heat action plan; open cooling centres; shift strenuous outdoor work away from afternoon hours; alert hospitals for a possible heat-illness surge.,True,True,True,True,provisional-impact-risk-v2,Relative heat-health impact ranking; not a predicted death count,WorldPop exposure included; demographic and health-outcome calibration pending
224,PANDAV NAGAR,2026-08-30,35.8,27.7,31.6,63.42,81,1.7,776.0,40.56,30.87,28.17,43.01,73.25,15,0,27.7,2026-08-30T14:00,59364,33467.13,44.7,True,3,100.0,65.15,High,ORANGE,#E67E22,Activate the local heat action plan; open cooling centres; shift strenuous outdoor work away from afternoon hours; alert hospitals for a possible heat-illness surge.,True,True,True,True,provisional-impact-risk-v2,Relative heat-health impact ranking; not a predicted death count,WorldPop exposure included; demographic and health-outcome calibration pending
224,PANDAV NAGAR,2026-08-31,36.0,27.7,31.4,63.83,85,1.41,828.0,41.42,31.27,28.04,43.62,75.72,9,2,27.7,2026-08-31T14:00,59364,33467.13,44.7,True,4,100.0,67.35,High,ORANGE,#E67E22,Activate the local heat action plan; open cooling centres; shift strenuous outdoor work away from afternoon hours; alert hospitals for a possible heat-illness surge.,True,True,True,True,provisional-impact-risk-v2,Relative heat-health impact ranking; not a predicted death count,WorldPop exposure included; demographic and health-outcome calibration pending
224,PANDAV NAGAR,2026-09-01,34.2,27.3,30.01,76.12,95,1.03,767.0,40.29,30.7,28.1,42.27,71.31,9,0,27.3,2026-09-01T13:00,59364,33467.13,44.7,True,5,100.0,63.43,High,ORANGE,#E67E22,Activate the local heat action plan; open cooling centres; shift strenuous outdoor work away from afternoon hours; alert hospitals for a possible heat-illness surge.,True,True,True,True,provisional-impact-risk-v2,Relative heat-health impact ranking; not a predicted death count,WorldPop exposure included; demographic and health-outcome calibration pending
225,ANAND VIHAR,2026-08-28,34.6,26.5,30.68,73.17,93,1.96,767.0,40.16,30.58,28.35,41.98,70.55,13,0,26.5,2026-08-28T13:00,120989,27495.63,54.33,True,1,33.33,59.41,High,ORANGE,#E67E22,Activate the local heat action plan; open cooling centres; shift strenuous outdoor work away from afternoon hours; alert hospitals for a possible heat-illness surge.,True,True,True,True,provisional-impact-risk-v2,Relative heat-health impact ranking; not a predicted death count,WorldPop exposure included; demographic and health-outcome calibration pending
225,ANAND VIHAR,2026-08-29,35.3,26.9,31.11,66.71,80,2.03,838.0,40.76,30.98,28.1,43.5,74.28,14,0,26.9,2026-08-29T13:00,120989,27495.63,54.33,True,2,66.67,65.02,High,ORANGE,#E67E22,Activate the local heat action plan; open cooling centres; shift strenuous outdoor work away from afternoon hours; alert hospitals for a possible heat-illness surge.,True,True,True,True,provisional-impact-risk-v2,Relative heat-health impact ranking; not a predicted death count,WorldPop exposure included; demographic and health-outcome calibration pending
225,ANAND VIHAR,2026-08-30,35.8,27.7,31.6,63.42,81,1.7,776.0,40.56,30.87,28.17,43.01,73.25,15,0,27.7,2026-08-30T14:00,120989,27495.63,54.33,True,3,100.0,66.56,High,ORANGE,#E67E22,Activate the local heat action plan; open cooling centres; shift strenuous outdoor work away from afternoon hours; alert hospitals for a possible heat-illness surge.,True,True,True,True,provisional-impact-risk-v2,Relative heat-health impact ranking; not a predicted death count,WorldPop exposure included; demographic and health-outcome calibration pending
225,ANAND VIHAR,2026-08-31,36.0,27.7,31.4,63.83,85,1.41,828.0,41.42,31.27,28.04,43.62,75.72,9,2,27.7,2026-08-31T14:00,120989,27495.63,54.33,True,4,100.0,68.81,High,ORANGE,#E67E22,Activate the local heat action plan; open cooling centres; shift strenuous outdoor work away from afternoon hours; alert hospitals for a possible heat-illness surge.,True,True,True,True,provisional-impact-risk-v2,Relative heat-health impact ranking; not a predicted death count,WorldPop exposure included; demographic and health-outcome calibration pending
225,ANAND VIHAR,2026-09-01,34.2,27.3,30.01,76.12,95,1.03,767.0,40.29,30.7,28.1,42.27,71.31,9,0,27.3,2026-09-01T13:00,120989,27495.63,54.33,True,5,100.0,64.8,High,ORANGE,#E67E22,Activate the local heat action plan; open cooling centres; shift strenuous outdoor work away from afternoon hours; alert hospitals for a possible heat-illness surge.,True,True,True,True,provisional-impact-risk-v2,Relative heat-health impact ranking; not a predicted death count,WorldPop exposure included; demographic and health-outcome calibration pending
226,VISHWASH NAGAR,2026-08-28,34.6,26.5,30.68,73.17,93,1.96,767.0,40.16,30.58,28.35,41.98,70.55,13,0,26.5,2026-08-28T13:00,40560,33682.11,39.92,True,1,33.33,57.37,High,ORANGE,#E67E22,Activate the local heat action plan; open cooling centres; shift strenuous outdoor work away from afternoon hours; alert hospitals for a possible heat-illness surge.,True,True,True,True,provisional-impact-risk-v2,Relative heat-health impact ranking; not a predicted death count,WorldPop exposure included; demographic and health-outcome calibration pending
226,VISHWASH NAGAR,2026-08-29,35.3,26.9,31.11,66.71,80,2.03,838.0,40.76,30.98,28.1,43.5,74.28,14,0,26.9,2026-08-29T13:00,40560,33682.11,39.92,True,2,66.67,62.88,High,ORANGE,#E67E22,Activate the local heat action plan; open cooling centres; shift strenuous outdoor work away from afternoon hours; alert hospitals for a possible heat-illness surge.,True,True,True,True,provisional-impact-risk-v2,Relative heat-health impact ranking; not a predicted death count,WorldPop exposure included; demographic and health-outcome calibration pending
226,VISHWASH NAGAR,2026-08-30,35.8,27.7,31.6,63.42,81,1.7,776.0,40.56,30.87,28.17,43.01,73.25,15,0,27.7,2026-08-30T14:00,40560,33682.11,39.92,True,3,100.0,64.45,High,ORANGE,#E67E22,Activate the local heat action plan; open cooling centres; shift strenuous outdoor work away from afternoon hours; alert hospitals for a possible heat-illness surge.,True,True,True,True,provisional-impact-risk-v2,Relative heat-health impact ranking; not a predicted death count,WorldPop exposure included; demographic and health-outcome calibration pending
226,VISHWASH NAGAR,2026-08-31,36.0,27.7,31.4,63.83,85,1.41,828.0,41.42,31.27,28.04,43.62,75.72,9,2,27.7,2026-08-31T14:00,40560,33682.11,39.92,True,4,100.0,66.63,High,ORANGE,#E67E22,Activate the local heat action plan; open cooling centres; shift strenuous outdoor work away from afternoon hours; alert hospitals for a possible heat-illness surge.,True,True,True,True,provisional-impact-risk-v2,Relative heat-health impact ranking; not a predicted death count,WorldPop exposure included; demographic and health-outcome calibration pending
226,VISHWASH NAGAR,2026-09-01,34.2,27.3,30.01,76.12,95,1.03,767.0,40.29,30.7,28.1,42.27,71.31,9,0,27.3,2026-09-01T13:00,40560,33682.11,39.92,True,5,100.0,62.75,High,ORANGE,#E67E22,Activate the local heat action plan; open cooling centres; shift strenuous outdoor work away from afternoon hours; alert hospitals for a possible heat-illness surge.,True,True,True,True,provisional-impact-risk-v2,Relative heat-health impact ranking; not a predicted death count,WorldPop exposure included; demographic and health-outcome calibration pending
227,I.P EXTENTION,2026-08-28,34.6,26.5,30.68,73.17,93,1.96,767.0,40.16,30.58,28.35,41.98,70.55,13,0,26.5,2026-08-28T13:00,150274,33186.26,68.7,True,1,33.33,61.43,High,ORANGE,#E67E22,Activate the local heat action plan; open cooling centres; shift strenuous outdoor work away from afternoon hours; alert hospitals for a possible heat-illness surge.,True,True,True,True,provisional-impact-risk-v2,Relative heat-health impact ranking; not a predicted death count,WorldPop exposure included; demographic and health-outcome calibration pending
227,I.P EXTENTION,2026-08-29,35.3,26.9,31.11,66.71,80,2.03,838.0,40.76,30.98,28.1,43.5,74.28,14,0,26.9,2026-08-29T13:00,150274,33186.26,68.7,True,2,66.67,67.15,High,ORANGE,#E67E22,Activate the local heat action plan; open cooling centres; shift strenuous outdoor work away from afternoon hours; alert hospitals for a possible heat-illness surge.,True,True,True,True,provisional-impact-risk-v2,Relative heat-health impact ranking; not a predicted death count,WorldPop exposure included; demographic and health-outcome calibration pending
227,I.P EXTENTION,2026-08-30,35.8,27.7,31.6,63.42,81,1.7,776.0,40.56,30.87,28.17,43.01,73.25,15,0,27.7,2026-08-30T14:00,150274,33186.26,68.7,True,3,100.0,68.66,High,ORANGE,#E67E22,Activate the local heat action plan; open cooling centres; shift strenuous outdoor work away from afternoon hours; alert hospitals for a possible heat-illness surge.,True,True,True,True,provisional-impact-risk-v2,Relative heat-health impact ranking; not a predicted death count,WorldPop exposure included; demographic and health-outcome calibration pending
227,I.P EXTENTION,2026-08-31,36.0,27.7,31.4,63.83,85,1.41,828.0,41.42,31.27,28.04,43.62,75.72,9,2,27.7,2026-08-31T14:00,150274,33186.26,68.7,True,4,100.0,70.98,High,ORANGE,#E67E22,Activate the local heat action plan; open cooling centres; shift strenuous outdoor work away from afternoon hours; alert hospitals for a possible heat-illness surge.,True,True,True,True,provisional-impact-risk-v2,Relative heat-health impact ranking; not a predicted death count,WorldPop exposure included; demographic and health-outcome calibration pending
227,I.P EXTENTION,2026-09-01,34.2,27.3,30.01,76.12,95,1.03,767.0,40.29,30.7,28.1,42.27,71.31,9,0,27.3,2026-09-01T13:00,150274,33186.26,68.7,True,5,100.0,66.85,High,ORANGE,#E67E22,Activate the local heat action plan; open cooling centres; shift strenuous outdoor work away from afternoon hours; alert hospitals for a possible heat-illness surge.,True,True,True,True,provisional-impact-risk-v2,Relative heat-health impact ranking; not a predicted death count,WorldPop exposure included; demographic and health-outcome calibration pending
228,PREET VIHAR,2026-08-28,34.6,26.5,30.68,73.17,93,1.96,767.0,40.16,30.58,28.35,41.98,70.55,13,0,26.5,2026-08-28T13:00,111517,31892.07,56.84,True,1,33.33,59.76,High,ORANGE,#E67E22,Activate the local heat action plan; open cooling centres; shift strenuous outdoor work away from afternoon hours; alert hospitals for a possible heat-illness surge.,True,True,True,True,provisional-impact-risk-v2,Relative heat-health impact ranking; not a predicted death count,WorldPop exposure included; demographic and health-outcome calibration pending
228,PREET VIHAR,2026-08-29,35.3,26.9,31.11,66.71,80,2.03,838.0,40.76,30.98,28.1,43.5,74.28,14,0,26.9,2026-08-29T13:00,111517,31892.07,56.84,True,2,66.67,65.39,High,ORANGE,#E67E22,Activate the local heat action plan; open cooling centres; shift strenuous outdoor work away from afternoon hours; alert hospitals for a possible heat-illness surge.,True,True,True,True,provisional-impact-risk-v2,Relative heat-health impact ranking; not a predicted death count,WorldPop exposure included; demographic and health-outcome calibration pending
228,PREET VIHAR,2026-08-30,35.8,27.7,31.6,63.42,81,1.7,776.0,40.56,30.87,28.17,43.01,73.25,15,0,27.7,2026-08-30T14:00,111517,31892.07,56.84,True,3,100.0,66.93,High,ORANGE,#E67E22,Activate the local heat action plan; open cooling centres; shift strenuous outdoor work away from afternoon hours; alert hospitals for a possible heat-illness surge.,True,True,True,True,provisional-impact-risk-v2,Relative heat-health impact ranking; not a predicted death count,WorldPop exposure included; demographic and health-outcome calibration pending
228,PREET VIHAR,2026-08-31,36.0,27.7,31.4,63.83,85,1.41,828.0,41.42,31.27,28.04,43.62,75.72,9,2,27.7,2026-08-31T14:00,111517,31892.07,56.84,True,4,100.0,69.19,High,ORANGE,#E67E22,Activate the local heat action plan; open cooling centres; shift strenuous outdoor work away from afternoon hours; alert hospitals for a possible heat-illness surge.,True,True,True,True,provisional-impact-risk-v2,Relative heat-health impact ranking; not a predicted death count,WorldPop exposure included; demographic and health-outcome calibration pending
228,PREET VIHAR,2026-09-01,34.2,27.3,30.01,76.12,95,1.03,767.0,40.29,30.7,28.1,42.27,71.31,9,0,27.3,2026-09-01T13:00,111517,31892.07,56.84,True,5,100.0,65.16,High,ORANGE,#E67E22,Activate the local heat action plan; open cooling centres; shift strenuous outdoor work away from afternoon hours; alert hospitals for a possible heat-illness surge.,True,True,True,True,provisional-impact-risk-v2,Relative heat-health impact ranking; not a predicted death count,WorldPop exposure included; demographic and health-outcome calibration pending
229,KRISHNA  NAGAR,2026-08-28,34.6,26.5,30.68,73.17,93,1.96,767.0,40.16,30.58,28.35,41.98,70.55,13,0,26.5,2026-08-28T13:00,88882,43492.86,64.11,True,1,33.33,60.79,High,ORANGE,#E67E22,Activate the local heat action plan; open cooling centres; shift strenuous outdoor work away from afternoon hours; alert hospitals for a possible heat-illness surge.,True,True,True,True,provisional-impact-risk-v2,Relative heat-health impact ranking; not a predicted death count,WorldPop exposure included; demographic and health-outcome calibration pending
229,KRISHNA  NAGAR,2026-08-29,35.3,26.9,31.11,66.71,80,2.03,838.0,40.76,30.98,28.1,43.5,74.28,14,0,26.9,2026-08-29T13:00,88882,43492.86,64.11,True,2,66.67,66.47,High,ORANGE,#E67E22,Activate the local heat action plan; open cooling centres; shift strenuous outdoor work away from afternoon hours; alert hospitals for a possible heat-illness surge.,True,True,True,True,provisional-impact-risk-v2,Relative heat-health impact ranking; not a predicted death count,WorldPop exposure included; demographic and health-outcome calibration pending
229,KRISHNA  NAGAR,2026-08-30,35.8,27.7,31.6,63.42,81,1.7,776.0,40.56,30.87,28.17,43.01,73.25,15,0,27.7,2026-08-30T14:00,88882,43492.86,64.11,True,3,100.0,67.99,High,ORANGE,#E67E22,Activate the local heat action plan; open cooling centres; shift strenuous outdoor work away from afternoon hours; alert hospitals for a possible heat-illness surge.,True,True,True,True,provisional-impact-risk-v2,Relative heat-health impact ranking; not a predicted death count,WorldPop exposure included; demographic and health-outcome calibration pending
229,KRISHNA  NAGAR,2026-08-31,36.0,27.7,31.4,63.83,85,1.41,828.0,41.42,31.27,28.04,43.62,75.72,9,2,27.7,2026-08-31T14:00,88882,43492.86,64.11,True,4,100.0,70.29,High,ORANGE,#E67E22,Activate the local heat action plan; open cooling centres; shift strenuous outdoor work away from afternoon hours; alert hospitals for a possible heat-illness surge.,True,True,True,True,provisional-impact-risk-v2,Relative heat-health impact ranking; not a predicted death count,WorldPop exposure included; demographic and health-outcome calibration pending
229,KRISHNA  NAGAR,2026-09-01,34.2,27.3,30.01,76.12,95,1.03,767.0,40.29,30.7,28.1,42.27,71.31,9,0,27.3,2026-09-01T13:00,88882,43492.86,64.11,True,5,100.0,66.2,High,ORANGE,#E67E22,Activate the local heat action plan; open cooling centres; shift strenuous outdoor work away from afternoon hours; alert hospitals for a possible heat-illness surge.,True,True,True,True,provisional-impact-risk-v2,Relative heat-health impact ranking; not a predicted death count,WorldPop exposure included; demographic and health-outcome calibration pending
23,BUDH VIHAR,2026-08-28,34.4,28.0,30.78,72.46,93,2.06,774.0,40.54,30.52,28.4,42.17,70.36,13,0,28.0,2026-08-28T13:00,67994,30745.65,43.88,True,1,33.33,57.77,High,ORANGE,#E67E22,Activate the local heat action plan; open cooling centres; shift strenuous outdoor work away from afternoon hours; alert hospitals for a possible heat-illness surge.,True,True,True,True,provisional-impact-risk-v2,Relative heat-health impact ranking; not a predicted death count,WorldPop exposure included; demographic and health-outcome calibration pending
23,BUDH VIHAR,2026-08-29,34.3,26.6,30.5,70.75,80,2.1,849.0,41.33,31.17,28.02,43.28,75.03,13,2,26.6,2026-08-29T13:00,67994,30745.65,43.88,True,2,66.67,64.11,High,ORANGE,#E67E22,Activate the local heat action plan; open cooling centres; shift strenuous outdoor work away from afternoon hours; alert hospitals for a possible heat-illness surge.,True,True,True,True,provisional-impact-risk-v2,Relative heat-health impact ranking; not a predicted death count,WorldPop exposure included; demographic and health-outcome calibration pending
23,BUDH VIHAR,2026-08-30,34.5,27.1,30.8,69.29,78,1.8,806.0,41.85,31.4,28.17,43.1,75.86,13,3,27.1,2026-08-30T13:00,67994,30745.65,43.88,True,3,100.0,67.35,High,ORANGE,#E67E22,Activate the local heat action plan; open cooling centres; shift strenuous outdoor work away from afternoon hours; alert hospitals for a possible heat-illness surge.,True,True,True,True,provisional-impact-risk-v2,Relative heat-health impact ranking; not a predicted death count,WorldPop exposure included; demographic and health-outcome calibration pending
23,BUDH VIHAR,2026-08-31,34.2,26.9,30.6,67.88,79,1.57,810.0,40.31,31.01,27.8,42.79,73.48,12,1,26.9,2026-08-31T13:00,67994,30745.65,43.88,True,4,100.0,65.23,High,ORANGE,#E67E22,Activate the local heat action plan; open cooling centres; shift strenuous outdoor work away from afternoon hours; alert hospitals for a possible heat-illness surge.,True,True,True,True,provisional-impact-risk-v2,Relative heat-health impact ranking; not a predicted death count,WorldPop exposure included; demographic and health-outcome calibration pending
23,BUDH VIHAR,2026-09-01,33.5,27.0,29.75,72.83,90,1.39,794.0,39.81,30.64,27.54,42.06,70.67,8,0,27.0,2026-09-01T13:00,67994,30745.65,43.88,True,5,100.0,62.74,High,ORANGE,#E67E22,Activate the local heat action plan; open cooling centres; shift strenuous outdoor work away from afternoon hours; alert hospitals for a possible heat-illness surge.,True,True,True,True,provisional-impact-risk-v2,Relative heat-health impact ranking; not a predicted death count,WorldPop exposure included; demographic and health-outcome calibration pending
230,GEETA COLONY,2026-08-28,34.6,26.5,30.68,73.17,93,1.96,767.0,40.16,30.58,28.35,41.98,70.55,13,0,26.5,2026-08-28T13:00,55717,44424.33,56.31,True,1,33.33,59.69,High,ORANGE,#E67E22,Activate the local heat action plan; open cooling centres; shift strenuous outdoor work away from afternoon hours; alert hospitals for a possible heat-illness surge.,True,True,True,True,provisional-impact-risk-v2,Relative heat-health impact ranking; not a predicted death count,WorldPop exposure included; demographic and health-outcome calibration pending
230,GEETA COLONY,2026-08-29,35.3,26.9,31.11,66.71,80,2.03,838.0,40.76,30.98,28.1,43.5,74.28,14,0,26.9,2026-08-29T13:00,55717,44424.33,56.31,True,2,66.67,65.31,High,ORANGE,#E67E22,Activate the local heat action plan; open cooling centres; shift strenuous outdoor work away from afternoon hours; alert hospitals for a possible heat-illness surge.,True,True,True,True,provisional-impact-risk-v2,Relative heat-health impact ranking; not a predicted death count,WorldPop exposure included; demographic and health-outcome calibration pending
230,GEETA COLONY,2026-08-30,35.8,27.7,31.6,63.42,81,1.7,776.0,40.56,30.87,28.17,43.01,73.25,15,0,27.7,2026-08-30T14:00,55717,44424.33,56.31,True,3,100.0,66.85,High,ORANGE,#E67E22,Activate the local heat action plan; open cooling centres; shift strenuous outdoor work away from afternoon hours; alert hospitals for a possible heat-illness surge.,True,True,True,True,provisional-impact-risk-v2,Relative heat-health impact ranking; not a predicted death count,WorldPop exposure included; demographic and health-outcome calibration pending
230,GEETA COLONY,2026-08-31,36.0,27.7,31.4,63.83,85,1.41,828.0,41.42,31.27,28.04,43.62,75.72,9,2,27.7,2026-08-31T14:00,55717,44424.33,56.31,True,4,100.0,69.11,High,ORANGE,#E67E22,Activate the local heat action plan; open cooling centres; shift strenuous outdoor work away from afternoon hours; alert hospitals for a possible heat-illness surge.,True,True,True,True,provisional-impact-risk-v2,Relative heat-health impact ranking; not a predicted death count,WorldPop exposure included; demographic and health-outcome calibration pending
230,GEETA COLONY,2026-09-01,34.2,27.3,30.01,76.12,95,1.03,767.0,40.29,30.7,28.1,42.27,71.31,9,0,27.3,2026-09-01T13:00,55717,44424.33,56.31,True,5,100.0,65.08,High,ORANGE,#E67E22,Activate the local heat action plan; open cooling centres; shift strenuous outdoor work away from afternoon hours; alert hospitals for a possible heat-illness surge.,True,True,True,True,provisional-impact-risk-v2,Relative heat-health impact ranking; not a predicted death count,WorldPop exposure included; demographic and health-outcome calibration pending
231,GHONDLI,2026-08-28,34.6,26.5,30.68,73.17,93,1.96,767.0,40.16,30.58,28.35,41.98,70.55,13,0,26.5,2026-08-28T13:00,41086,40379.36,47.75,True,1,33.33,58.48,High,ORANGE,#E67E22,Activate the local heat action plan; open cooling centres; shift strenuous outdoor work away from afternoon hours; alert hospitals for a possible heat-illness surge.,True,True,True,True,provisional-impact-risk-v2,Relative heat-health impact ranking; not a predicted death count,WorldPop exposure included; demographic and health-outcome calibration pending
231,GHONDLI,2026-08-29,35.3,26.9,31.11,66.71,80,2.03,838.0,40.76,30.98,28.1,43.5,74.28,14,0,26.9,2026-08-29T13:00,41086,40379.36,47.75,True,2,66.67,64.04,High,ORANGE,#E67E22,Activate the local heat action plan; open cooling centres; shift strenuous outdoor work away from afternoon hours; alert hospitals for a possible heat-illness surge.,True,True,True,True,provisional-impact-risk-v2,Relative heat-health impact ranking; not a predicted death count,WorldPop exposure included; demographic and health-outcome calibration pending
231,GHONDLI,2026-08-30,35.8,27.7,31.6,63.42,81,1.7,776.0,40.56,30.87,28.17,43.01,73.25,15,0,27.7,2026-08-30T14:00,41086,40379.36,47.75,True,3,100.0,65.59,High,ORANGE,#E67E22,Activate the local heat action plan; open cooling centres; shift strenuous outdoor work away from afternoon hours; alert hospitals for a possible heat-illness surge.,True,True,True,True,provisional-impact-risk-v2,Relative heat-health impact ranking; not a predicted death count,WorldPop exposure included; demographic and health-outcome calibration pending
231,GHONDLI,2026-08-31,36.0,27.7,31.4,63.83,85,1.41,828.0,41.42,31.27,28.04,43.62,75.72,9,2,27.7,2026-08-31T14:00,41086,40379.36,47.75,True,4,100.0,67.81,High,ORANGE,#E67E22,Activate the local heat action plan; open cooling centres; shift strenuous outdoor work away from afternoon hours; alert hospitals for a possible heat-illness surge.,True,True,True,True,provisional-impact-risk-v2,Relative heat-health impact ranking; not a predicted death count,WorldPop exposure included; demographic and health-outcome calibration pending
231,GHONDLI,2026-09-01,34.2,27.3,30.01,76.12,95,1.03,767.0,40.29,30.7,28.1,42.27,71.31,9,0,27.3,2026-09-01T13:00,41086,40379.36,47.75,True,5,100.0,63.86,High,ORANGE,#E67E22,Activate the local heat action plan; open cooling centres; shift strenuous outdoor work away from afternoon hours; alert hospitals for a possible heat-illness surge.,True,True,True,True,provisional-impact-risk-v2,Relative heat-health impact ranking; not a predicted death count,WorldPop exposure included; demographic and health-outcome calibration pending
232,ANARKALI,2026-08-28,34.6,26.5,30.68,73.17,93,1.96,767.0,40.16,30.58,28.35,41.98,70.55,13,0,26.5,2026-08-28T13:00,28612,32879.8,35.8,True,1,33.33,56.79,High,ORANGE,#E67E22,Activate the local heat action plan; open cooling centres; shift strenuous outdoor work away from afternoon hours; alert hospitals for a possible heat-illness surge.,True,True,True,True,provisional-impact-risk-v2,Relative heat-health impact ranking; not a predicted death count,WorldPop exposure included; demographic and health-outcome calibration pending
232,ANARKALI,2026-08-29,35.3,26.9,31.11,66.71,80,2.03,838.0,40.76,30.98,28.1,43.5,74.28,14,0,26.9,2026-08-29T13:00,28612,32879.8,35.8,True,2,66.67,62.27,High,ORANGE,#E67E22,Activate the local heat action plan; open cooling centres; shift strenuous outdoor work away from afternoon hours; alert hospitals for a possible heat-illness surge.,True,True,True,True,provisional-impact-risk-v2,Relative heat-health impact ranking; not a predicted death count,WorldPop exposure included; demographic and health-outcome calibration pending
232,ANARKALI,2026-08-30,35.8,27.7,31.6,63.42,81,1.7,776.0,40.56,30.87,28.17,43.01,73.25,15,0,27.7,2026-08-30T14:00,28612,32879.8,35.8,True,3,100.0,63.84,High,ORANGE,#E67E22,Activate the local heat action plan; open cooling centres; shift strenuous outdoor work away from afternoon hours; alert hospitals for a possible heat-illness surge.,True,True,True,True,provisional-impact-risk-v2,Relative heat-health impact ranking; not a predicted death count,WorldPop exposure included; demographic and health-outcome calibration pending
232,ANARKALI,2026-08-31,36.0,27.7,31.4,63.83,85,1.41,828.0,41.42,31.27,28.04,43.62,75.72,9,2,27.7,2026-08-31T14:00,28612,32879.8,35.8,True,4,100.0,66.0,High,ORANGE,#E67E22,Activate the local heat action plan; open cooling centres; shift strenuous outdoor work away from afternoon hours; alert hospitals for a possible heat-illness surge.,True,True,True,True,provisional-impact-risk-v2,Relative heat-health impact ranking; not a predicted death count,WorldPop exposure included; demographic and health-outcome calibration pending
232,ANARKALI,2026-09-01,34.2,27.3,30.01,76.12,95,1.03,767.0,40.29,30.7,28.1,42.27,71.31,9,0,27.3,2026-09-01T13:00,28612,32879.8,35.8,True,5,100.0,62.16,High,ORANGE,#E67E22,Activate the local heat action plan; open cooling centres; shift strenuous outdoor work away from afternoon hours; alert hospitals for a possible heat-illness surge.,True,True,True,True,provisional-impact-risk-v2,Relative heat-health impact ranking; not a predicted death count,WorldPop exposure included; demographic and health-outcome calibration pending
233,DHARAMPURA,2026-08-28,34.6,26.5,30.68,73.17,93,1.96,767.0,40.16,30.58,28.35,41.98,70.55,13,0,26.5,2026-08-28T13:00,58150,50346.32,63.76,True,1,33.33,60.74,High,ORANGE,#E67E22,Activate the local heat action plan; open cooling centres; shift strenuous outdoor work away from afternoon hours; alert hospitals for a possible heat-illness surge.,True,True,True,True,provisional-impact-risk-v2,Relative heat-health impact ranking; not a predicted death count,WorldPop exposure included; demographic and health-outcome calibration pending
233,DHARAMPURA,2026-08-29,35.3,26.9,31.11,66.71,80,2.03,838.0,40.76,30.98,28.1,43.5,74.28,14,0,26.9,2026-08-29T13:00,58150,50346.32,63.76,True,2,66.67,66.42,High,ORANGE,#E67E22,Activate the local heat action plan; open cooling centres; shift strenuous outdoor work away from afternoon hours; alert hospitals for a possible heat-illness surge.,True,True,True,True,provisional-impact-risk-v2,Relative heat-health impact ranking; not a predicted death count,WorldPop exposure included; demographic and health-outcome calibration pending
233,DHARAMPURA,2026-08-30,35.8,27.7,31.6,63.42,81,1.7,776.0,40.56,30.87,28.17,43.01,73.25,15,0,27.7,2026-08-30T14:00,58150,50346.32,63.76,True,3,100.0,67.94,High,ORANGE,#E67E22,Activate the local heat action plan; open cooling centres; shift strenuous outdoor work away from afternoon hours; alert hospitals for a possible heat-illness surge.,True,True,True,True,provisional-impact-risk-v2,Relative heat-health impact ranking; not a predicted death count,WorldPop exposure included; demographic and health-outcome calibration pending
233,DHARAMPURA,2026-08-31,36.0,27.7,31.4,63.83,85,1.41,828.0,41.42,31.27,28.04,43.62,75.72,9,2,27.7,2026-08-31T14:00,58150,50346.32,63.76,True,4,100.0,70.24,High,ORANGE,#E67E22,Activate the local heat action plan; open cooling centres; shift strenuous outdoor work away from afternoon hours; alert hospitals for a possible heat-illness surge.,True,True,True,True,provisional-impact-risk-v2,Relative heat-health impact ranking; not a predicted death count,WorldPop exposure included; demographic and health-outcome calibration pending
233,DHARAMPURA,2026-09-01,34.2,27.3,30.01,76.12,95,1.03,767.0,40.29,30.7,28.1,42.27,71.31,9,0,27.3,2026-09-01T13:00,58150,50346.32,63.76,True,5,100.0,66.15,High,ORANGE,#E67E22,Activate the local heat action plan; open cooling centres; shift strenuous outdoor work away from afternoon hours; alert hospitals for a possible heat-illness surge.,True,True,True,True,provisional-impact-risk-v2,Relative heat-health impact ranking; not a predicted death count,WorldPop exposure included; demographic and health-outcome calibration pending
234,GANDHI NAGAR,2026-08-28,34.6,26.5,30.68,73.17,93,1.96,767.0,40.16,30.58,28.35,41.98,70.55,13,0,26.5,2026-08-28T13:00,41328,41749.67,49.38,True,1,33.33,58.71,High,ORANGE,#E67E22,Activate the local heat action plan; open cooling centres; shift strenuous outdoor work away from afternoon hours; alert hospitals for a possible heat-illness surge.,True,True,True,True,provisional-impact-risk-v2,Relative heat-health impact ranking; not a predicted death count,WorldPop exposure included; demographic and health-outcome calibration pending
234,GANDHI NAGAR,2026-08-29,35.3,26.9,31.11,66.71,80,2.03,838.0,40.76,30.98,28.1,43.5,74.28,14,0,26.9,2026-08-29T13:00,41328,41749.67,49.38,True,2,66.67,64.28,High,ORANGE,#E67E22,Activate the local heat action plan; open cooling centres; shift strenuous outdoor work away from afternoon hours; alert hospitals for a possible heat-illness surge.,True,True,True,True,provisional-impact-risk-v2,Relative heat-health impact ranking; not a predicted death count,WorldPop exposure included; demographic and health-outcome calibration pending
234,GANDHI NAGAR,2026-08-30,35.8,27.7,31.6,63.42,81,1.7,776.0,40.56,30.87,28.17,43.01,73.25,15,0,27.7,2026-08-30T14:00,41328,41749.67,49.38,True,3,100.0,65.83,High,ORANGE,#E67E22,Activate the local heat action plan; open cooling centres; shift strenuous outdoor work away from afternoon hours; alert hospitals for a possible heat-illness surge.,True,True,True,True,provisional-impact-risk-v2,Relative heat-health impact ranking; not a predicted death count,WorldPop exposure included; demographic and health-outcome calibration pending
234,GANDHI NAGAR,2026-08-31,36.0,27.7,31.4,63.83,85,1.41,828.0,41.42,31.27,28.04,43.62,75.72,9,2,27.7,2026-08-31T14:00,41328,41749.67,49.38,True,4,100.0,68.06,High,ORANGE,#E67E22,Activate the local heat action plan; open cooling centres; shift strenuous outdoor work away from afternoon hours; alert hospitals for a possible heat-illness surge.,True,True,True,True,provisional-impact-risk-v2,Relative heat-health impact ranking; not a predicted death count,WorldPop exposure included; demographic and health-outcome calibration pending
234,GANDHI NAGAR,2026-09-01,34.2,27.3,30.01,76.12,95,1.03,767.0,40.29,30.7,28.1,42.27,71.31,9,0,27.3,2026-09-01T13:00,41328,41749.67,49.38,True,5,100.0,64.09,High,ORANGE,#E67E22,Activate the local heat action plan; open cooling centres; shift strenuous outdoor work away from afternoon hours; alert hospitals for a possible heat-illness surge.,True,True,True,True,provisional-impact-risk-v2,Relative heat-health impact ranking; not a predicted death count,WorldPop exposure included; demographic and health-outcome calibration pending
235,AZAD NAGAR,2026-08-28,34.6,26.5,30.68,73.17,93,1.96,767.0,40.16,30.58,28.35,41.98,70.55,13,0,26.5,2026-08-28T13:00,49058,55652.86,67.42,True,1,33.33,61.25,High,ORANGE,#E67E22,Activate the local heat action plan; open cooling centres; shift strenuous outdoor work away from afternoon hours; alert hospitals for a possible heat-illness surge.,True,True,True,True,provisional-impact-risk-v2,Relative heat-health impact ranking; not a predicted death count,WorldPop exposure included; demographic and health-outcome calibration pending
235,AZAD NAGAR,2026-08-29,35.3,26.9,31.11,66.71,80,2.03,838.0,40.76,30.98,28.1,43.5,74.28,14,0,26.9,2026-08-29T13:00,49058,55652.86,67.42,True,2,66.67,66.96,High,ORANGE,#E67E22,Activate the local heat action plan; open cooling centres; shift strenuous outdoor work away from afternoon hours; alert hospitals for a possible heat-illness surge.,True,True,True,True,provisional-impact-risk-v2,Relative heat-health impact ranking; not a predicted death count,WorldPop exposure included; demographic and health-outcome calibration pending
235,AZAD NAGAR,2026-08-30,35.8,27.7,31.6,63.42,81,1.7,776.0,40.56,30.87,28.17,43.01,73.25,15,0,27.7,2026-08-30T14:00,49058,55652.86,67.42,True,3,100.0,68.48,High,ORANGE,#E67E22,Activate the local heat action plan; open cooling centres; shift strenuous outdoor work away from afternoon hours; alert hospitals for a possible heat-illness surge.,True,True,True,True,provisional-impact-risk-v2,Relative heat-health impact ranking; not a predicted death count,WorldPop exposure included; demographic and health-outcome calibration pending
235,AZAD NAGAR,2026-08-31,36.0,27.7,31.4,63.83,85,1.41,828.0,41.42,31.27,28.04,43.62,75.72,9,2,27.7,2026-08-31T14:00,49058,55652.86,67.42,True,4,100.0,70.79,High,ORANGE,#E67E22,Activate the local heat action plan; open cooling centres; shift strenuous outdoor work away from afternoon hours; alert hospitals for a possible heat-illness surge.,True,True,True,True,provisional-impact-risk-v2,Relative heat-health impact ranking; not a predicted death count,WorldPop exposure included; demographic and health-outcome calibration pending
235,AZAD NAGAR,2026-09-01,34.2,27.3,30.01,76.12,95,1.03,767.0,40.29,30.7,28.1,42.27,71.31,9,0,27.3,2026-09-01T13:00,49058,55652.86,67.42,True,5,100.0,66.67,High,ORANGE,#E67E22,Activate the local heat action plan; open cooling centres; shift strenuous outdoor work away from afternoon hours; alert hospitals for a possible heat-illness surge.,True,True,True,True,provisional-impact-risk-v2,Relative heat-health impact ranking; not a predicted death count,WorldPop exposure included; demographic and health-outcome calibration pending
236,RAGHUBAR PURA,2026-08-28,34.6,26.5,30.68,73.17,93,1.96,767.0,40.16,30.58,28.35,41.98,70.55,13,0,26.5,2026-08-28T13:00,78317,60169.79,77.38,True,1,33.33,62.66,High,ORANGE,#E67E22,Activate the local heat action plan; open cooling centres; shift strenuous outdoor work away from afternoon hours; alert hospitals for a possible heat-illness surge.,True,True,True,True,provisional-impact-risk-v2,Relative heat-health impact ranking; not a predicted death count,WorldPop exposure included; demographic and health-outcome calibration pending
236,RAGHUBAR PURA,2026-08-29,35.3,26.9,31.11,66.71,80,2.03,838.0,40.76,30.98,28.1,43.5,74.28,14,0,26.9,2026-08-29T13:00,78317,60169.79,77.38,True,2,66.67,68.44,High,ORANGE,#E67E22,Activate the local heat action plan; open cooling centres; shift strenuous outdoor work away from afternoon hours; alert hospitals for a possible heat-illness surge.,True,True,True,True,provisional-impact-risk-v2,Relative heat-health impact ranking; not a predicted death count,WorldPop exposure included; demographic and health-outcome calibration pending
236,RAGHUBAR PURA,2026-08-30,35.8,27.7,31.6,63.42,81,1.7,776.0,40.56,30.87,28.17,43.01,73.25,15,0,27.7,2026-08-30T14:00,78317,60169.79,77.38,True,3,100.0,69.93,High,ORANGE,#E67E22,Activate the local heat action plan; open cooling centres; shift strenuous outdoor work away from afternoon hours; alert hospitals for a possible heat-illness surge.,True,True,True,True,provisional-impact-risk-v2,Relative heat-health impact ranking; not a predicted death count,WorldPop exposure included; demographic and health-outcome calibration pending
236,RAGHUBAR PURA,2026-08-31,36.0,27.7,31.4,63.83,85,1.41,828.0,41.42,31.27,28.04,43.62,75.72,9,2,27.7,2026-08-31T14:00,78317,60169.79,77.38,True,4,100.0,72.3,High,ORANGE,#E67E22,Activate the local heat action plan; open cooling centres; shift strenuous outdoor work away from afternoon hours; alert hospitals for a possible heat-illness surge.,True,True,True,True,provisional-impact-risk-v2,Relative heat-health impact ranking; not a predicted death count,WorldPop exposure included; demographic and health-outcome calibration pending
236,RAGHUBAR PURA,2026-09-01,34.2,27.3,30.01,76.12,95,1.03,767.0,40.29,30.7,28.1,42.27,71.31,9,0,27.3,2026-09-01T13:00,78317,60169.79,77.38,True,5,100.0,68.09,High,ORANGE,#E67E22,Activate the local heat action plan; open cooling centres; shift strenuous outdoor work away from afternoon hours; alert hospitals for a possible heat-illness surge.,True,True,True,True,provisional-impact-risk-v2,Relative heat-health impact ranking; not a predicted death count,WorldPop exposure included; demographic and health-outcome calibration pending
237,SHAHDARA,2026-08-28,34.6,26.5,30.68,73.17,93,1.96,767.0,40.16,30.58,28.35,41.98,70.55,13,0,26.5,2026-08-28T13:00,39221,44574.38,52.07,True,1,33.33,59.09,High,ORANGE,#E67E22,Activate the local heat action plan; open cooling centres; shift strenuous outdoor work away from afternoon hours; alert hospitals for a possible heat-illness surge.,True,True,True,True,provisional-impact-risk-v2,Relative heat-health impact ranking; not a predicted death count,WorldPop exposure included; demographic and health-outcome calibration pending
237,SHAHDARA,2026-08-29,35.3,26.9,31.11,66.71,80,2.03,838.0,40.76,30.98,28.1,43.5,74.28,14,0,26.9,2026-08-29T13:00,39221,44574.38,52.07,True,2,66.67,64.68,High,ORANGE,#E67E22,Activate the local heat action plan; open cooling centres; shift strenuous outdoor work away from afternoon hours; alert hospitals for a possible heat-illness surge.,True,True,True,True,provisional-impact-risk-v2,Relative heat-health impact ranking; not a predicted death count,WorldPop exposure included; demographic and health-outcome calibration pending
237,SHAHDARA,2026-08-30,35.8,27.7,31.6,63.42,81,1.7,776.0,40.56,30.87,28.17,43.01,73.25,15,0,27.7,2026-08-30T14:00,39221,44574.38,52.07,True,3,100.0,66.23,High,ORANGE,#E67E22,Activate the local heat action plan; open cooling centres; shift strenuous outdoor work away from afternoon hours; alert hospitals for a possible heat-illness surge.,True,True,True,True,provisional-impact-risk-v2,Relative heat-health impact ranking; not a predicted death count,WorldPop exposure included; demographic and health-outcome calibration pending
237,SHAHDARA,2026-08-31,36.0,27.7,31.4,63.83,85,1.41,828.0,41.42,31.27,28.04,43.62,75.72,9,2,27.7,2026-08-31T14:00,39221,44574.38,52.07,True,4,100.0,68.47,High,ORANGE,#E67E22,Activate the local heat action plan; open cooling centres; shift strenuous outdoor work away from afternoon hours; alert hospitals for a possible heat-illness surge.,True,True,True,True,provisional-impact-risk-v2,Relative heat-health impact ranking; not a predicted death count,WorldPop exposure included; demographic and health-outcome calibration pending
237,SHAHDARA,2026-09-01,34.2,27.3,30.01,76.12,95,1.03,767.0,40.29,30.7,28.1,42.27,71.31,9,0,27.3,2026-09-01T13:00,39221,44574.38,52.07,True,5,100.0,64.48,High,ORANGE,#E67E22,Activate the local heat action plan; open cooling centres; shift strenuous outdoor work away from afternoon hours; alert hospitals for a possible heat-illness surge.,True,True,True,True,provisional-impact-risk-v2,Relative heat-health impact ranking; not a predicted death count,WorldPop exposure included; demographic and health-outcome calibration pending
238,JHILMIL,2026-08-28,34.6,26.5,30.68,73.17,93,1.96,767.0,40.16,30.58,28.35,41.98,70.55,13,0,26.5,2026-08-28T13:00,45475,37489.69,45.61,True,1,33.33,58.18,High,ORANGE,#E67E22,Activate the local heat action plan; open cooling centres; shift strenuous outdoor work away from afternoon hours; alert hospitals for a possible heat-illness surge.,True,True,True,True,provisional-impact-risk-v2,Relative heat-health impact ranking; not a predicted death count,WorldPop exposure included; demographic and health-outcome calibration pending
238,JHILMIL,2026-08-29,35.3,26.9,31.11,66.71,80,2.03,838.0,40.76,30.98,28.1,43.5,74.28,14,0,26.9,2026-08-29T13:00,45475,37489.69,45.61,True,2,66.67,63.72,High,ORANGE,#E67E22,Activate the local heat action plan; open cooling centres; shift strenuous outdoor work away from afternoon hours; alert hospitals for a possible heat-illness surge.,True,True,True,True,provisional-impact-risk-v2,Relative heat-health impact ranking; not a predicted death count,WorldPop exposure included; demographic and health-outcome calibration pending
238,JHILMIL,2026-08-30,35.8,27.7,31.6,63.42,81,1.7,776.0,40.56,30.87,28.17,43.01,73.25,15,0,27.7,2026-08-30T14:00,45475,37489.69,45.61,True,3,100.0,65.28,High,ORANGE,#E67E22,Activate the local heat action plan; open cooling centres; shift strenuous outdoor work away from afternoon hours; alert hospitals for a possible heat-illness surge.,True,True,True,True,provisional-impact-risk-v2,Relative heat-health impact ranking; not a predicted death count,WorldPop exposure included; demographic and health-outcome calibration pending
238,JHILMIL,2026-08-31,36.0,27.7,31.4,63.83,85,1.41,828.0,41.42,31.27,28.04,43.62,75.72,9,2,27.7,2026-08-31T14:00,45475,37489.69,45.61,True,4,100.0,67.49,High,ORANGE,#E67E22,Activate the local heat action plan; open cooling centres; shift strenuous outdoor work away from afternoon hours; alert hospitals for a possible heat-illness surge.,True,True,True,True,provisional-impact-risk-v2,Relative heat-health impact ranking; not a predicted death count,WorldPop exposure included; demographic and health-outcome calibration pending
238,JHILMIL,2026-09-01,34.2,27.3,30.01,76.12,95,1.03,767.0,40.29,30.7,28.1,42.27,71.31,9,0,27.3,2026-09-01T13:00,45475,37489.69,45.61,True,5,100.0,63.56,High,ORANGE,#E67E22,Activate the local heat action plan; open cooling centres; shift strenuous outdoor work away from afternoon hours; alert hospitals for a possible heat-illness surge.,True,True,True,True,provisional-impact-risk-v2,Relative heat-health impact ranking; not a predicted death count,WorldPop exposure included; demographic and health-outcome calibration pending
239,VIVEK VIHAR,2026-08-28,34.6,26.5,30.68,73.17,93,1.96,767.0,40.16,30.58,28.35,41.98,70.55,13,0,26.5,2026-08-28T13:00,114087,47354.72,75.29,True,1,33.33,62.36,High,ORANGE,#E67E22,Activate the local heat action plan; open cooling centres; shift strenuous outdoor work away from afternoon hours; alert hospitals for a possible heat-illness surge.,True,True,True,True,provisional-impact-risk-v2,Relative heat-health impact ranking; not a predicted death count,WorldPop exposure included; demographic and health-outcome calibration pending
239,VIVEK VIHAR,2026-08-29,35.3,26.9,31.11,66.71,80,2.03,838.0,40.76,30.98,28.1,43.5,74.28,14,0,26.9,2026-08-29T13:00,114087,47354.72,75.29,True,2,66.67,68.13,High,ORANGE,#E67E22,Activate the local heat action plan; open cooling centres; shift strenuous outdoor work away from afternoon hours; alert hospitals for a possible heat-illness surge.,True,True,True,True,provisional-impact-risk-v2,Relative heat-health impact ranking; not a predicted death count,WorldPop exposure included; demographic and health-outcome calibration pending
239,VIVEK VIHAR,2026-08-30,35.8,27.7,31.6,63.42,81,1.7,776.0,40.56,30.87,28.17,43.01,73.25,15,0,27.7,2026-08-30T14:00,114087,47354.72,75.29,True,3,100.0,69.63,High,ORANGE,#E67E22,Activate the local heat action plan; open cooling centres; shift strenuous outdoor work away from afternoon hours; alert hospitals for a possible heat-illness surge.,True,True,True,True,provisional-impact-risk-v2,Relative heat-health impact ranking; not a predicted death count,WorldPop exposure included; demographic and health-outcome calibration pending
239,VIVEK VIHAR,2026-08-31,36.0,27.7,31.4,63.83,85,1.41,828.0,41.42,31.27,28.04,43.62,75.72,9,2,27.7,2026-08-31T14:00,114087,47354.72,75.29,True,4,100.0,71.98,High,ORANGE,#E67E22,Activate the local heat action plan; open cooling centres; shift strenuous outdoor work away from afternoon hours; alert hospitals for a possible heat-illness surge.,True,True,True,True,provisional-impact-risk-v2,Relative heat-health impact ranking; not a predicted death count,WorldPop exposure included; demographic and health-outcome calibration pending
239,VIVEK VIHAR,2026-09-01,34.2,27.3,30.01,76.12,95,1.03,767.0,40.29,30.7,28.1,42.27,71.31,9,0,27.3,2026-09-01T13:00,114087,47354.72,75.29,True,5,100.0,67.79,High,ORANGE,#E67E22,Activate the local heat action plan; open cooling centres; shift strenuous outdoor work away from afternoon hours; alert hospitals for a possible heat-illness surge.,True,True,True,True,provisional-impact-risk-v2,Relative heat-health impact ranking; not a predicted death count,WorldPop exposure included; demographic and health-outcome calibration pending
24,VIJAY VIHAR,2026-08-28,34.4,28.0,30.78,72.46,93,2.06,774.0,40.54,30.52,28.4,42.17,70.36,13,0,28.0,2026-08-28T13:00,62025,29647.24,41.02,True,1,33.33,57.37,High,ORANGE,#E67E22,Activate the local heat action plan; open cooling centres; shift strenuous outdoor work away from afternoon hours; alert hospitals for a possible heat-illness surge.,True,True,True,True,provisional-impact-risk-v2,Relative heat-health impact ranking; not a predicted death count,WorldPop exposure included; demographic and health-outcome calibration pending
24,VIJAY VIHAR,2026-08-29,34.3,26.6,30.5,70.75,80,2.1,849.0,41.33,31.17,28.02,43.28,75.03,13,2,26.6,2026-08-29T13:00,62025,29647.24,41.02,True,2,66.67,63.68,High,ORANGE,#E67E22,Activate the local heat action plan; open cooling centres; shift strenuous outdoor work away from afternoon hours; alert hospitals for a possible heat-illness surge.,True,True,True,True,provisional-impact-risk-v2,Relative heat-health impact ranking; not a predicted death count,WorldPop exposure included; demographic and health-outcome calibration pending
24,VIJAY VIHAR,2026-08-30,34.5,27.1,30.8,69.29,78,1.8,806.0,41.85,31.4,28.17,43.1,75.86,13,3,27.1,2026-08-30T13:00,62025,29647.24,41.02,True,3,100.0,66.91,High,ORANGE,#E67E22,Activate the local heat action plan; open cooling centres; shift strenuous outdoor work away from afternoon hours; alert hospitals for a possible heat-illness surge.,True,True,True,True,provisional-impact-risk-v2,Relative heat-health impact ranking; not a predicted death count,WorldPop exposure included; demographic and health-outcome calibration pending
24,VIJAY VIHAR,2026-08-31,34.2,26.9,30.6,67.88,79,1.57,810.0,40.31,31.01,27.8,42.79,73.48,12,1,26.9,2026-08-31T13:00,62025,29647.24,41.02,True,4,100.0,64.81,High,ORANGE,#E67E22,Activate the local heat action plan; open cooling centres; shift strenuous outdoor work away from afternoon hours; alert hospitals for a possible heat-illness surge.,True,True,True,True,provisional-impact-risk-v2,Relative heat-health impact ranking; not a predicted death count,WorldPop exposure included; demographic and health-outcome calibration pending
24,VIJAY VIHAR,2026-09-01,33.5,27.0,29.75,72.83,90,1.39,794.0,39.81,30.64,27.54,42.06,70.67,8,0,27.0,2026-09-01T13:00,62025,29647.24,41.02,True,5,100.0,62.34,High,ORANGE,#E67E22,Activate the local heat action plan; open cooling centres; shift strenuous outdoor work away from afternoon hours; alert hospitals for a possible heat-illness surge.,True,True,True,True,provisional-impact-risk-v2,Relative heat-health impact ranking; not a predicted death count,WorldPop exposure included; demographic and health-outcome calibration pending
240,DILSHAD COLONY,2026-08-28,33.8,25.8,30.16,76.38,95,1.92,765.0,40.31,30.44,28.2,40.94,68.68,11,0,25.8,2026-08-28T13:00,46202,47922.41,57.78,True,1,33.33,58.3,High,ORANGE,#E67E22,Activate the local heat action plan; open cooling centres; shift strenuous outdoor work away from afternoon hours; alert hospitals for a possible heat-illness surge.,True,True,True,True,provisional-impact-risk-v2,Relative heat-health impact ranking; not a predicted death count,WorldPop exposure included; demographic and health-outcome calibration pending
240,DILSHAD COLONY,2026-08-29,34.2,27.0,30.51,71.33,85,1.98,837.0,41.21,31.04,28.09,42.83,73.83,12,1,27.0,2026-08-29T12:00,46202,47922.41,57.78,True,2,66.67,65.13,High,ORANGE,#E67E22,Activate the local heat action plan; open cooling centres; shift strenuous outdoor work away from afternoon hours; alert hospitals for a possible heat-illness surge.,True,True,True,True,provisional-impact-risk-v2,Relative heat-health impact ranking; not a predicted death count,WorldPop exposure included; demographic and health-outcome calibration pending
240,DILSHAD COLONY,2026-08-30,34.1,27.5,30.41,73.88,91,1.72,782.0,43.07,31.0,28.28,42.34,72.98,13,1,27.5,2026-08-30T12:00,46202,47922.41,57.78,True,3,100.0,66.81,High,ORANGE,#E67E22,Activate the local heat action plan; open cooling centres; shift strenuous outdoor work away from afternoon hours; alert hospitals for a possible heat-illness surge.,True,True,True,True,provisional-impact-risk-v2,Relative heat-health impact ranking; not a predicted death count,WorldPop exposure included; demographic and health-outcome calibration pending
240,DILSHAD COLONY,2026-08-31,33.7,26.9,29.79,77.62,97,1.5,828.0,40.31,30.82,28.06,42.31,71.81,10,0,26.9,2026-08-31T13:00,46202,47922.41,57.78,True,4,100.0,65.75,High,ORANGE,#E67E22,Activate the local heat action plan; open cooling centres; shift strenuous outdoor work away from afternoon hours; alert hospitals for a possible heat-illness surge.,True,True,True,True,provisional-impact-risk-v2,Relative heat-health impact ranking; not a predicted death count,WorldPop exposure included; demographic and health-outcome calibration pending
240,DILSHAD COLONY,2026-09-01,31.9,26.0,28.57,85.17,97,1.34,731.0,39.14,30.31,27.66,40.72,67.26,9,0,26.0,2026-09-01T12:00,46202,47922.41,57.78,True,5,100.0,61.59,High,ORANGE,#E67E22,Activate the local heat action plan; open cooling centres; shift strenuous outdoor work away from afternoon hours; alert hospitals for a possible heat-illness surge.,True,True,True,True,provisional-impact-risk-v2,Relative heat-health impact ranking; not a predicted death count,WorldPop exposure included; demographic and health-outcome calibration pending
241,DILSHAD GARDEN,2026-08-28,34.6,26.5,30.68,73.17,93,1.96,767.0,40.16,30.58,28.35,41.98,70.55,13,0,26.5,2026-08-28T13:00,108201,50312.01,77.11,True,1,33.33,62.62,High,ORANGE,#E67E22,Activate the local heat action plan; open cooling centres; shift strenuous outdoor work away from afternoon hours; alert hospitals for a possible heat-illness surge.,True,True,True,True,provisional-impact-risk-v2,Relative heat-health impact ranking; not a predicted death count,WorldPop exposure included; demographic and health-outcome calibration pending
241,DILSHAD GARDEN,2026-08-29,35.3,26.9,31.11,66.71,80,2.03,838.0,40.76,30.98,28.1,43.5,74.28,14,0,26.9,2026-08-29T13:00,108201,50312.01,77.11,True,2,66.67,68.4,High,ORANGE,#E67E22,Activate the local heat action plan; open cooling centres; shift strenuous outdoor work away from afternoon hours; alert hospitals for a possible heat-illness surge.,True,True,True,True,provisional-impact-risk-v2,Relative heat-health impact ranking; not a predicted death count,WorldPop exposure included; demographic and health-outcome calibration pending
241,DILSHAD GARDEN,2026-08-30,35.8,27.7,31.6,63.42,81,1.7,776.0,40.56,30.87,28.17,43.01,73.25,15,0,27.7,2026-08-30T14:00,108201,50312.01,77.11,True,3,100.0,69.9,High,ORANGE,#E67E22,Activate the local heat action plan; open cooling centres; shift strenuous outdoor work away from afternoon hours; alert hospitals for a possible heat-illness surge.,True,True,True,True,provisional-impact-risk-v2,Relative heat-health impact ranking; not a predicted death count,WorldPop exposure included; demographic and health-outcome calibration pending
241,DILSHAD GARDEN,2026-08-31,36.0,27.7,31.4,63.83,85,1.41,828.0,41.42,31.27,28.04,43.62,75.72,9,2,27.7,2026-08-31T14:00,108201,50312.01,77.11,True,4,100.0,72.26,High,ORANGE,#E67E22,Activate the local heat action plan; open cooling centres; shift strenuous outdoor work away from afternoon hours; alert hospitals for a possible heat-illness surge.,True,True,True,True,provisional-impact-risk-v2,Relative heat-health impact ranking; not a predicted death count,WorldPop exposure included; demographic and health-outcome calibration pending
241,DILSHAD GARDEN,2026-09-01,34.2,27.3,30.01,76.12,95,1.03,767.0,40.29,30.7,28.1,42.27,71.31,9,0,27.3,2026-09-01T13:00,108201,50312.01,77.11,True,5,100.0,68.05,High,ORANGE,#E67E22,Activate the local heat action plan; open cooling centres; shift strenuous outdoor work away from afternoon hours; alert hospitals for a possible heat-illness surge.,True,True,True,True,provisional-impact-risk-v2,Relative heat-health impact ranking; not a predicted death count,WorldPop exposure included; demographic and health-outcome calibration pending
242,NEW SEEMA PURI,2026-08-28,33.8,25.8,30.16,76.38,95,1.92,765.0,40.31,30.44,28.2,40.94,68.68,11,0,25.8,2026-08-28T13:00,44258,45910.79,54.95,True,1,33.33,57.91,High,ORANGE,#E67E22,Activate the local heat action plan; open cooling centres; shift strenuous outdoor work away from afternoon hours; alert hospitals for a possible heat-illness surge.,True,True,True,True,provisional-impact-risk-v2,Relative heat-health impact ranking; not a predicted death count,WorldPop exposure included; demographic and health-outcome calibration pending
242,NEW SEEMA PURI,2026-08-29,34.2,27.0,30.51,71.33,85,1.98,837.0,41.21,31.04,28.09,42.83,73.83,12,1,27.0,2026-08-29T12:00,44258,45910.79,54.95,True,2,66.67,64.71,High,ORANGE,#E67E22,Activate the local heat action plan; open cooling centres; shift strenuous outdoor work away from afternoon hours; alert hospitals for a possible heat-illness surge.,True,True,True,True,provisional-impact-risk-v2,Relative heat-health impact ranking; not a predicted death count,WorldPop exposure included; demographic and health-outcome calibration pending
242,NEW SEEMA PURI,2026-08-30,34.1,27.5,30.41,73.88,91,1.72,782.0,43.07,31.0,28.28,42.34,72.98,13,1,27.5,2026-08-30T12:00,44258,45910.79,54.95,True,3,100.0,66.4,High,ORANGE,#E67E22,Activate the local heat action plan; open cooling centres; shift strenuous outdoor work away from afternoon hours; alert hospitals for a possible heat-illness surge.,True,True,True,True,provisional-impact-risk-v2,Relative heat-health impact ranking; not a predicted death count,WorldPop exposure included; demographic and health-outcome calibration pending
242,NEW SEEMA PURI,2026-08-31,33.7,26.9,29.79,77.62,97,1.5,828.0,40.31,30.82,28.06,42.31,71.81,10,0,26.9,2026-08-31T13:00,44258,45910.79,54.95,True,4,100.0,65.34,High,ORANGE,#E67E22,Activate the local heat action plan; open cooling centres; shift strenuous outdoor work away from afternoon hours; alert hospitals for a possible heat-illness surge.,True,True,True,True,provisional-impact-risk-v2,Relative heat-health impact ranking; not a predicted death count,WorldPop exposure included; demographic and health-outcome calibration pending
242,NEW SEEMA PURI,2026-09-01,31.9,26.0,28.57,85.17,97,1.34,731.0,39.14,30.31,27.66,40.72,67.26,9,0,26.0,2026-09-01T12:00,44258,45910.79,54.95,True,5,100.0,61.2,High,ORANGE,#E67E22,Activate the local heat action plan; open cooling centres; shift strenuous outdoor work away from afternoon hours; alert hospitals for a possible heat-illness surge.,True,True,True,True,provisional-impact-risk-v2,Relative heat-health impact ranking; not a predicted death count,WorldPop exposure included; demographic and health-outcome calibration pending
243,NAND NAGRI,2026-08-28,34.2,26.5,30.52,74.67,93,2.07,763.0,40.06,30.4,28.36,41.15,68.66,13,0,26.5,2026-08-28T13:00,34381,55632.69,63.48,True,1,33.33,59.07,High,ORANGE,#E67E22,Activate the local heat action plan; open cooling centres; shift strenuous outdoor work away from afternoon hours; alert hospitals for a possible heat-illness surge.,True,True,True,True,provisional-impact-risk-v2,Relative heat-health impact ranking; not a predicted death count,WorldPop exposure included; demographic and health-outcome calibration pending
243,NAND NAGRI,2026-08-29,34.6,26.9,30.92,68.46,80,2.16,843.0,40.89,30.97,28.15,43.13,73.81,14,0,26.9,2026-08-29T13:00,34381,55632.69,63.48,True,2,66.67,65.96,High,ORANGE,#E67E22,Activate the local heat action plan; open cooling centres; shift strenuous outdoor work away from afternoon hours; alert hospitals for a possible heat-illness surge.,True,True,True,True,provisional-impact-risk-v2,Relative heat-health impact ranking; not a predicted death count,WorldPop exposure included; demographic and health-outcome calibration pending
243,NAND NAGRI,2026-08-30,35.0,27.5,31.32,66.12,83,1.89,786.0,41.48,31.13,28.26,42.68,74.3,15,1,27.5,2026-08-30T14:00,34381,55632.69,63.48,True,3,100.0,68.87,High,ORANGE,#E67E22,Activate the local heat action plan; open cooling centres; shift strenuous outdoor work away from afternoon hours; alert hospitals for a possible heat-illness surge.,True,True,True,True,provisional-impact-risk-v2,Relative heat-health impact ranking; not a predicted death count,WorldPop exposure included; demographic and health-outcome calibration pending
243,NAND NAGRI,2026-08-31,35.2,27.9,31.19,66.04,89,1.64,817.0,41.15,31.03,28.09,43.17,73.97,9,1,27.9,2026-08-31T14:00,34381,55632.69,63.48,True,4,100.0,68.57,High,ORANGE,#E67E22,Activate the local heat action plan; open cooling centres; shift strenuous outdoor work away from afternoon hours; alert hospitals for a possible heat-illness surge.,True,True,True,True,provisional-impact-risk-v2,Relative heat-health impact ranking; not a predicted death count,WorldPop exposure included; demographic and health-outcome calibration pending
243,NAND NAGRI,2026-09-01,33.7,27.3,29.78,77.71,94,1.3,771.0,40.19,30.74,28.06,42.07,71.35,9,0,27.3,2026-09-01T13:00,34381,55632.69,63.48,True,5,100.0,66.14,High,ORANGE,#E67E22,Activate the local heat action plan; open cooling centres; shift strenuous outdoor work away from afternoon hours; alert hospitals for a possible heat-illness surge.,True,True,True,True,provisional-impact-risk-v2,Relative heat-health impact ranking; not a predicted death count,WorldPop exposure included; demographic and health-outcome calibration pending
244,SUNDER NAGARI,2026-08-28,33.8,25.8,30.16,76.38,95,1.92,765.0,40.31,30.44,28.2,40.94,68.68,11,0,25.8,2026-08-28T13:00,44035,41782.9,50.14,True,1,33.33,57.25,High,ORANGE,#E67E22,Activate the local heat action plan; open cooling centres; shift strenuous outdoor work away from afternoon hours; alert hospitals for a possible heat-illness surge.,True,True,True,True,provisional-impact-risk-v2,Relative heat-health impact ranking; not a predicted death count,WorldPop exposure included; demographic and health-outcome calibration pending
244,SUNDER NAGARI,2026-08-29,34.2,27.0,30.51,71.33,85,1.98,837.0,41.21,31.04,28.09,42.83,73.83,12,1,27.0,2026-08-29T12:00,44035,41782.9,50.14,True,2,66.67,64.0,High,ORANGE,#E67E22,Activate the local heat action plan; open cooling centres; shift strenuous outdoor work away from afternoon hours; alert hospitals for a possible heat-illness surge.,True,True,True,True,provisional-impact-risk-v2,Relative heat-health impact ranking; not a predicted death count,WorldPop exposure included; demographic and health-outcome calibration pending
244,SUNDER NAGARI,2026-08-30,34.1,27.5,30.41,73.88,91,1.72,782.0,43.07,31.0,28.28,42.34,72.98,13,1,27.5,2026-08-30T12:00,44035,41782.9,50.14,True,3,100.0,65.7,High,ORANGE,#E67E22,Activate the local heat action plan; open cooling centres; shift strenuous outdoor work away from afternoon hours; alert hospitals for a possible heat-illness surge.,True,True,True,True,provisional-impact-risk-v2,Relative heat-health impact ranking; not a predicted death count,WorldPop exposure included; demographic and health-outcome calibration pending
244,SUNDER NAGARI,2026-08-31,33.7,26.9,29.79,77.62,97,1.5,828.0,40.31,30.82,28.06,42.31,71.81,10,0,26.9,2026-08-31T13:00,44035,41782.9,50.14,True,4,100.0,64.65,High,ORANGE,#E67E22,Activate the local heat action plan; open cooling centres; shift strenuous outdoor work away from afternoon hours; alert hospitals for a possible heat-illness surge.,True,True,True,True,provisional-impact-risk-v2,Relative heat-health impact ranking; not a predicted death count,WorldPop exposure included; demographic and health-outcome calibration pending
244,SUNDER NAGARI,2026-09-01,31.9,26.0,28.57,85.17,97,1.34,731.0,39.14,30.31,27.66,40.72,67.26,9,0,26.0,2026-09-01T12:00,44035,41782.9,50.14,True,5,100.0,60.56,High,ORANGE,#E67E22,Activate the local heat action plan; open cooling centres; shift strenuous outdoor work away from afternoon hours; alert hospitals for a possible heat-illness surge.,True,True,True,True,provisional-impact-risk-v2,Relative heat-health impact ranking; not a predicted death count,WorldPop exposure included; demographic and health-outcome calibration pending
245,DURGA PURI,2026-08-28,34.6,26.5,30.68,73.17,93,1.96,767.0,40.16,30.58,28.35,41.98,70.55,13,0,26.5,2026-08-28T13:00,47813,52351.91,63.3,True,1,33.33,60.67,High,ORANGE,#E67E22,Activate the local heat action plan; open cooling centres; shift strenuous outdoor work away from afternoon hours; alert hospitals for a possible heat-illness surge.,True,True,True,True,provisional-impact-risk-v2,Relative heat-health impact ranking; not a predicted death count,WorldPop exposure included; demographic and health-outcome calibration pending
245,DURGA PURI,2026-08-29,35.3,26.9,31.11,66.71,80,2.03,838.0,40.76,30.98,28.1,43.5,74.28,14,0,26.9,2026-08-29T13:00,47813,52351.91,63.3,True,2,66.67,66.35,High,ORANGE,#E67E22,Activate the local heat action plan; open cooling centres; shift strenuous outdoor work away from afternoon hours; alert hospitals for a possible heat-illness surge.,True,True,True,True,provisional-impact-risk-v2,Relative heat-health impact ranking; not a predicted death count,WorldPop exposure included; demographic and health-outcome calibration pending
245,DURGA PURI,2026-08-30,35.8,27.7,31.6,63.42,81,1.7,776.0,40.56,30.87,28.17,43.01,73.25,15,0,27.7,2026-08-30T14:00,47813,52351.91,63.3,True,3,100.0,67.87,High,ORANGE,#E67E22,Activate the local heat action plan; open cooling centres; shift strenuous outdoor work away from afternoon hours; alert hospitals for a possible heat-illness surge.,True,True,True,True,provisional-impact-risk-v2,Relative heat-health impact ranking; not a predicted death count,WorldPop exposure included; demographic and health-outcome calibration pending
245,DURGA PURI,2026-08-31,36.0,27.7,31.4,63.83,85,1.41,828.0,41.42,31.27,28.04,43.62,75.72,9,2,27.7,2026-08-31T14:00,47813,52351.91,63.3,True,4,100.0,70.17,High,ORANGE,#E67E22,Activate the local heat action plan; open cooling centres; shift strenuous outdoor work away from afternoon hours; alert hospitals for a possible heat-illness surge.,True,True,True,True,provisional-impact-risk-v2,Relative heat-health impact ranking; not a predicted death count,WorldPop exposure included; demographic and health-outcome calibration pending
245,DURGA PURI,2026-09-01,34.2,27.3,30.01,76.12,95,1.03,767.0,40.29,30.7,28.1,42.27,71.31,9,0,27.3,2026-09-01T13:00,47813,52351.91,63.3,True,5,100.0,66.08,High,ORANGE,#E67E22,Activate the local heat action plan; open cooling centres; shift strenuous outdoor work away from afternoon hours; alert hospitals for a possible heat-illness surge.,True,True,True,True,provisional-impact-risk-v2,Relative heat-health impact ranking; not a predicted death count,WorldPop exposure included; demographic and health-outcome calibration pending
246,ASHOK NAGAR,2026-08-28,34.2,26.5,30.52,74.67,93,2.07,763.0,40.06,30.4,28.36,41.15,68.66,13,0,26.5,2026-08-28T13:00,60768,64646.81,72.68,True,1,33.33,60.33,High,ORANGE,#E67E22,Activate the local heat action plan; open cooling centres; shift strenuous outdoor work away from afternoon hours; alert hospitals for a possible heat-illness surge.,True,True,True,True,provisional-impact-risk-v2,Relative heat-health impact ranking; not a predicted death count,WorldPop exposure included; demographic and health-outcome calibration pending
246,ASHOK NAGAR,2026-08-29,34.6,26.9,30.92,68.46,80,2.16,843.0,40.89,30.97,28.15,43.13,73.81,14,0,26.9,2026-08-29T13:00,60768,64646.81,72.68,True,2,66.67,67.31,High,ORANGE,#E67E22,Activate the local heat action plan; open cooling centres; shift strenuous outdoor work away from afternoon hours; alert hospitals for a possible heat-illness surge.,True,True,True,True,provisional-impact-risk-v2,Relative heat-health impact ranking; not a predicted death count,WorldPop exposure included; demographic and health-outcome calibration pending
246,ASHOK NAGAR,2026-08-30,35.0,27.5,31.32,66.12,83,1.89,786.0,41.48,31.13,28.26,42.68,74.3,15,1,27.5,2026-08-30T14:00,60768,64646.81,72.68,True,3,100.0,70.24,High,ORANGE,#E67E22,Activate the local heat action plan; open cooling centres; shift strenuous outdoor work away from afternoon hours; alert hospitals for a possible heat-illness surge.,True,True,True,True,provisional-impact-risk-v2,Relative heat-health impact ranking; not a predicted death count,WorldPop exposure included; demographic and health-outcome calibration pending
246,ASHOK NAGAR,2026-08-31,35.2,27.9,31.19,66.04,89,1.64,817.0,41.15,31.03,28.09,43.17,73.97,9,1,27.9,2026-08-31T14:00,60768,64646.81,72.68,True,4,100.0,69.93,High,ORANGE,#E67E22,Activate the local heat action plan; open cooling centres; shift strenuous outdoor work away from afternoon hours; alert hospitals for a possible heat-illness surge.,True,True,True,True,provisional-impact-risk-v2,Relative heat-health impact ranking; not a predicted death count,WorldPop exposure included; demographic and health-outcome calibration pending
246,ASHOK NAGAR,2026-09-01,33.7,27.3,29.78,77.71,94,1.3,771.0,40.19,30.74,28.06,42.07,71.35,9,0,27.3,2026-09-01T13:00,60768,64646.81,72.68,True,5,100.0,67.45,High,ORANGE,#E67E22,Activate the local heat action plan; open cooling centres; shift strenuous outdoor work away from afternoon hours; alert hospitals for a possible heat-illness surge.,True,True,True,True,provisional-impact-risk-v2,Relative heat-health impact ranking; not a predicted death count,WorldPop exposure included; demographic and health-outcome calibration pending
247,RAM NAGAR,2026-08-28,34.6,26.5,30.68,73.17,93,1.96,767.0,40.16,30.58,28.35,41.98,70.55,13,0,26.5,2026-08-28T13:00,80031,48805.34,67.85,True,1,33.33,61.31,High,ORANGE,#E67E22,Activate the local heat action plan; open cooling centres; shift strenuous outdoor work away from afternoon hours; alert hospitals for a possible heat-illness surge.,True,True,True,True,provisional-impact-risk-v2,Relative heat-health impact ranking; not a predicted death count,WorldPop exposure included; demographic and health-outcome calibration pending
247,RAM NAGAR,2026-08-29,35.3,26.9,31.11,66.71,80,2.03,838.0,40.76,30.98,28.1,43.5,74.28,14,0,26.9,2026-08-29T13:00,80031,48805.34,67.85,True,2,66.67,67.03,High,ORANGE,#E67E22,Activate the local heat action plan; open cooling centres; shift strenuous outdoor work away from afternoon hours; alert hospitals for a possible heat-illness surge.,True,True,True,True,provisional-impact-risk-v2,Relative heat-health impact ranking; not a predicted death count,WorldPop exposure included; demographic and health-outcome calibration pending
247,RAM NAGAR,2026-08-30,35.8,27.7,31.6,63.42,81,1.7,776.0,40.56,30.87,28.17,43.01,73.25,15,0,27.7,2026-08-30T14:00,80031,48805.34,67.85,True,3,100.0,68.54,High,ORANGE,#E67E22,Activate the local heat action plan; open cooling centres; shift strenuous outdoor work away from afternoon hours; alert hospitals for a possible heat-illness surge.,True,True,True,True,provisional-impact-risk-v2,Relative heat-health impact ranking; not a predicted death count,WorldPop exposure included; demographic and health-outcome calibration pending
247,RAM NAGAR,2026-08-31,36.0,27.7,31.4,63.83,85,1.41,828.0,41.42,31.27,28.04,43.62,75.72,9,2,27.7,2026-08-31T14:00,80031,48805.34,67.85,True,4,100.0,70.86,High,ORANGE,#E67E22,Activate the local heat action plan; open cooling centres; shift strenuous outdoor work away from afternoon hours; alert hospitals for a possible heat-illness surge.,True,True,True,True,provisional-impact-risk-v2,Relative heat-health impact ranking; not a predicted death count,WorldPop exposure included; demographic and health-outcome calibration pending
247,RAM NAGAR,2026-09-01,34.2,27.3,30.01,76.12,95,1.03,767.0,40.29,30.7,28.1,42.27,71.31,9,0,27.3,2026-09-01T13:00,80031,48805.34,67.85,True,5,100.0,66.73,High,ORANGE,#E67E22,Activate the local heat action plan; open cooling centres; shift strenuous outdoor work away from afternoon hours; alert hospitals for a possible heat-illness surge.,True,True,True,True,provisional-impact-risk-v2,Relative heat-health impact ranking; not a predicted death count,WorldPop exposure included; demographic and health-outcome calibration pending
248,WELCOME COLONY,2026-08-28,34.6,26.5,30.68,73.17,93,1.96,767.0,40.16,30.58,28.35,41.98,70.55,13,0,26.5,2026-08-28T13:00,64216,53189.76,68.65,True,1,33.33,61.43,High,ORANGE,#E67E22,Activate the local heat action plan; open cooling centres; shift strenuous outdoor work away from afternoon hours; alert hospitals for a possible heat-illness surge.,True,True,True,True,provisional-impact-risk-v2,Relative heat-health impact ranking; not a predicted death count,WorldPop exposure included; demographic and health-outcome calibration pending
248,WELCOME COLONY,2026-08-29,35.3,26.9,31.11,66.71,80,2.03,838.0,40.76,30.98,28.1,43.5,74.28,14,0,26.9,2026-08-29T13:00,64216,53189.76,68.65,True,2,66.67,67.15,High,ORANGE,#E67E22,Activate the local heat action plan; open cooling centres; shift strenuous outdoor work away from afternoon hours; alert hospitals for a possible heat-illness surge.,True,True,True,True,provisional-impact-risk-v2,Relative heat-health impact ranking; not a predicted death count,WorldPop exposure included; demographic and health-outcome calibration pending
248,WELCOME COLONY,2026-08-30,35.8,27.7,31.6,63.42,81,1.7,776.0,40.56,30.87,28.17,43.01,73.25,15,0,27.7,2026-08-30T14:00,64216,53189.76,68.65,True,3,100.0,68.66,High,ORANGE,#E67E22,Activate the local heat action plan; open cooling centres; shift strenuous outdoor work away from afternoon hours; alert hospitals for a possible heat-illness surge.,True,True,True,True,provisional-impact-risk-v2,Relative heat-health impact ranking; not a predicted death count,WorldPop exposure included; demographic and health-outcome calibration pending
248,WELCOME COLONY,2026-08-31,36.0,27.7,31.4,63.83,85,1.41,828.0,41.42,31.27,28.04,43.62,75.72,9,2,27.7,2026-08-31T14:00,64216,53189.76,68.65,True,4,100.0,70.98,High,ORANGE,#E67E22,Activate the local heat action plan; open cooling centres; shift strenuous outdoor work away from afternoon hours; alert hospitals for a possible heat-illness surge.,True,True,True,True,provisional-impact-risk-v2,Relative heat-health impact ranking; not a predicted death count,WorldPop exposure included; demographic and health-outcome calibration pending
248,WELCOME COLONY,2026-09-01,34.2,27.3,30.01,76.12,95,1.03,767.0,40.29,30.7,28.1,42.27,71.31,9,0,27.3,2026-09-01T13:00,64216,53189.76,68.65,True,5,100.0,66.84,High,ORANGE,#E67E22,Activate the local heat action plan; open cooling centres; shift strenuous outdoor work away from afternoon hours; alert hospitals for a possible heat-illness surge.,True,True,True,True,provisional-impact-risk-v2,Relative heat-health impact ranking; not a predicted death count,WorldPop exposure included; demographic and health-outcome calibration pending
249,CHAUHAN BANGER,2026-08-28,34.6,26.5,30.68,73.17,93,1.96,767.0,40.16,30.58,28.35,41.98,70.55,13,0,26.5,2026-08-28T13:00,31858,54226.38,61.19,True,1,33.33,60.37,High,ORANGE,#E67E22,Activate the local heat action plan; open cooling centres; shift strenuous outdoor work away from afternoon hours; alert hospitals for a possible heat-illness surge.,True,True,True,True,provisional-impact-risk-v2,Relative heat-health impact ranking; not a predicted death count,WorldPop exposure included; demographic and health-outcome calibration pending
249,CHAUHAN BANGER,2026-08-29,35.3,26.9,31.11,66.71,80,2.03,838.0,40.76,30.98,28.1,43.5,74.28,14,0,26.9,2026-08-29T13:00,31858,54226.38,61.19,True,2,66.67,66.04,High,ORANGE,#E67E22,Activate the local heat action plan; open cooling centres; shift strenuous outdoor work away from afternoon hours; alert hospitals for a possible heat-illness surge.,True,True,True,True,provisional-impact-risk-v2,Relative heat-health impact ranking; not a predicted death count,WorldPop exposure included; demographic and health-outcome calibration pending
249,CHAUHAN BANGER,2026-08-30,35.8,27.7,31.6,63.42,81,1.7,776.0,40.56,30.87,28.17,43.01,73.25,15,0,27.7,2026-08-30T14:00,31858,54226.38,61.19,True,3,100.0,67.56,High,ORANGE,#E67E22,Activate the local heat action plan; open cooling centres; shift strenuous outdoor work away from afternoon hours; alert hospitals for a possible heat-illness surge.,True,True,True,True,provisional-impact-risk-v2,Relative heat-health impact ranking; not a predicted death count,WorldPop exposure included; demographic and health-outcome calibration pending
249,CHAUHAN BANGER,2026-08-31,36.0,27.7,31.4,63.83,85,1.41,828.0,41.42,31.27,28.04,43.62,75.72,9,2,27.7,2026-08-31T14:00,31858,54226.38,61.19,True,4,100.0,69.85,High,ORANGE,#E67E22,Activate the local heat action plan; open cooling centres; shift strenuous outdoor work away from afternoon hours; alert hospitals for a possible heat-illness surge.,True,True,True,True,provisional-impact-risk-v2,Relative heat-health impact ranking; not a predicted death count,WorldPop exposure included; demographic and health-outcome calibration pending
249,CHAUHAN BANGER,2026-09-01,34.2,27.3,30.01,76.12,95,1.03,767.0,40.29,30.7,28.1,42.27,71.31,9,0,27.3,2026-09-01T13:00,31858,54226.38,61.19,True,5,100.0,65.78,High,ORANGE,#E67E22,Activate the local heat action plan; open cooling centres; shift strenuous outdoor work away from afternoon hours; alert hospitals for a possible heat-illness surge.,True,True,True,True,provisional-impact-risk-v2,Relative heat-health impact ranking; not a predicted death count,WorldPop exposure included; demographic and health-outcome calibration pending
25,POOTH KALAN,2026-08-28,34.4,28.0,30.78,72.46,93,2.06,774.0,40.54,30.52,28.4,42.17,70.36,13,0,28.0,2026-08-28T13:00,179997,21255.39,58.37,True,1,33.33,59.81,High,ORANGE,#E67E22,Activate the local heat action plan; open cooling centres; shift strenuous outdoor work away from afternoon hours; alert hospitals for a possible heat-illness surge.,True,True,True,True,provisional-impact-risk-v2,Relative heat-health impact ranking; not a predicted death count,WorldPop exposure included; demographic and health-outcome calibration pending
25,POOTH KALAN,2026-08-29,34.3,26.6,30.5,70.75,80,2.1,849.0,41.33,31.17,28.02,43.28,75.03,13,2,26.6,2026-08-29T13:00,179997,21255.39,58.37,True,2,66.67,66.28,High,ORANGE,#E67E22,Activate the local heat action plan; open cooling centres; shift strenuous outdoor work away from afternoon hours; alert hospitals for a possible heat-illness surge.,True,True,True,True,provisional-impact-risk-v2,Relative heat-health impact ranking; not a predicted death count,WorldPop exposure included; demographic and health-outcome calibration pending
25,POOTH KALAN,2026-08-30,34.5,27.1,30.8,69.29,78,1.8,806.0,41.85,31.4,28.17,43.1,75.86,13,3,27.1,2026-08-30T13:00,179997,21255.39,58.37,True,3,100.0,69.54,High,ORANGE,#E67E22,Activate the local heat action plan; open cooling centres; shift strenuous outdoor work away from afternoon hours; alert hospitals for a possible heat-illness surge.,True,True,True,True,provisional-impact-risk-v2,Relative heat-health impact ranking; not a predicted death count,WorldPop exposure included; demographic and health-outcome calibration pending
25,POOTH KALAN,2026-08-31,34.2,26.9,30.6,67.88,79,1.57,810.0,40.31,31.01,27.8,42.79,73.48,12,1,26.9,2026-08-31T13:00,179997,21255.39,58.37,True,4,100.0,67.36,High,ORANGE,#E67E22,Activate the local heat action plan; open cooling centres; shift strenuous outdoor work away from afternoon hours; alert hospitals for a possible heat-illness surge.,True,True,True,True,provisional-impact-risk-v2,Relative heat-health impact ranking; not a predicted death count,WorldPop exposure included; demographic and health-outcome calibration pending
25,POOTH KALAN,2026-09-01,33.5,27.0,29.75,72.83,90,1.39,794.0,39.81,30.64,27.54,42.06,70.67,8,0,27.0,2026-09-01T13:00,179997,21255.39,58.37,True,5,100.0,64.79,High,ORANGE,#E67E22,Activate the local heat action plan; open cooling centres; shift strenuous outdoor work away from afternoon hours; alert hospitals for a possible heat-illness surge.,True,True,True,True,provisional-impact-risk-v2,Relative heat-health impact ranking; not a predicted death count,WorldPop exposure included; demographic and health-outcome calibration pending
250,ZAFFRABAD,2026-08-28,34.6,26.5,30.68,73.17,93,1.96,767.0,40.16,30.58,28.35,41.98,70.55,13,0,26.5,2026-08-28T13:00,26285,64965.4,63.46,True,1,33.33,60.69,High,ORANGE,#E67E22,Activate the local heat action plan; open cooling centres; shift strenuous outdoor work away from afternoon hours; alert hospitals for a possible heat-illness surge.,True,True,True,True,provisional-impact-risk-v2,Relative heat-health impact ranking; not a predicted death count,WorldPop exposure included; demographic and health-outcome calibration pending
250,ZAFFRABAD,2026-08-29,35.3,26.9,31.11,66.71,80,2.03,838.0,40.76,30.98,28.1,43.5,74.28,14,0,26.9,2026-08-29T13:00,26285,64965.4,63.46,True,2,66.67,66.38,High,ORANGE,#E67E22,Activate the local heat action plan; open cooling centres; shift strenuous outdoor work away from afternoon hours; alert hospitals for a possible heat-illness surge.,True,True,True,True,provisional-impact-risk-v2,Relative heat-health impact ranking; not a predicted death count,WorldPop exposure included; demographic and health-outcome calibration pending
250,ZAFFRABAD,2026-08-30,35.8,27.7,31.6,63.42,81,1.7,776.0,40.56,30.87,28.17,43.01,73.25,15,0,27.7,2026-08-30T14:00,26285,64965.4,63.46,True,3,100.0,67.9,High,ORANGE,#E67E22,Activate the local heat action plan; open cooling centres; shift strenuous outdoor work away from afternoon hours; alert hospitals for a possible heat-illness surge.,True,True,True,True,provisional-impact-risk-v2,Relative heat-health impact ranking; not a predicted death count,WorldPop exposure included; demographic and health-outcome calibration pending
250,ZAFFRABAD,2026-08-31,36.0,27.7,31.4,63.83,85,1.41,828.0,41.42,31.27,28.04,43.62,75.72,9,2,27.7,2026-08-31T14:00,26285,64965.4,63.46,True,4,100.0,70.19,High,ORANGE,#E67E22,Activate the local heat action plan; open cooling centres; shift strenuous outdoor work away from afternoon hours; alert hospitals for a possible heat-illness surge.,True,True,True,True,provisional-impact-risk-v2,Relative heat-health impact ranking; not a predicted death count,WorldPop exposure included; demographic and health-outcome calibration pending
250,ZAFFRABAD,2026-09-01,34.2,27.3,30.01,76.12,95,1.03,767.0,40.29,30.7,28.1,42.27,71.31,9,0,27.3,2026-09-01T13:00,26285,64965.4,63.46,True,5,100.0,66.1,High,ORANGE,#E67E22,Activate the local heat action plan; open cooling centres; shift strenuous outdoor work away from afternoon hours; alert hospitals for a possible heat-illness surge.,True,True,True,True,provisional-impact-risk-v2,Relative heat-health impact ranking; not a predicted death count,WorldPop exposure included; demographic and health-outcome calibration pending
251,NEW USMANPUR,2026-08-28,34.6,26.5,30.68,73.17,93,1.96,767.0,40.16,30.58,28.35,41.98,70.55,13,0,26.5,2026-08-28T13:00,96722,49542.59,73.16,True,1,33.33,62.06,High,ORANGE,#E67E22,Activate the local heat action plan; open cooling centres; shift strenuous outdoor work away from afternoon hours; alert hospitals for a possible heat-illness surge.,True,True,True,True,provisional-impact-risk-v2,Relative heat-health impact ranking; not a predicted death count,WorldPop exposure included; demographic and health-outcome calibration pending
251,NEW USMANPUR,2026-08-29,35.3,26.9,31.11,66.71,80,2.03,838.0,40.76,30.98,28.1,43.5,74.28,14,0,26.9,2026-08-29T13:00,96722,49542.59,73.16,True,2,66.67,67.82,High,ORANGE,#E67E22,Activate the local heat action plan; open cooling centres; shift strenuous outdoor work away from afternoon hours; alert hospitals for a possible heat-illness surge.,True,True,True,True,provisional-impact-risk-v2,Relative heat-health impact ranking; not a predicted death count,WorldPop exposure included; demographic and health-outcome calibration pending
251,NEW USMANPUR,2026-08-30,35.8,27.7,31.6,63.42,81,1.7,776.0,40.56,30.87,28.17,43.01,73.25,15,0,27.7,2026-08-30T14:00,96722,49542.59,73.16,True,3,100.0,69.32,High,ORANGE,#E67E22,Activate the local heat action plan; open cooling centres; shift strenuous outdoor work away from afternoon hours; alert hospitals for a possible heat-illness surge.,True,True,True,True,provisional-impact-risk-v2,Relative heat-health impact ranking; not a predicted death count,WorldPop exposure included; demographic and health-outcome calibration pending
251,NEW USMANPUR,2026-08-31,36.0,27.7,31.4,63.83,85,1.41,828.0,41.42,31.27,28.04,43.62,75.72,9,2,27.7,2026-08-31T14:00,96722,49542.59,73.16,True,4,100.0,71.66,High,ORANGE,#E67E22,Activate the local heat action plan; open cooling centres; shift strenuous outdoor work away from afternoon hours; alert hospitals for a possible heat-illness surge.,True,True,True,True,provisional-impact-risk-v2,Relative heat-health impact ranking; not a predicted death count,WorldPop exposure included; demographic and health-outcome calibration pending
251,NEW USMANPUR,2026-09-01,34.2,27.3,30.01,76.12,95,1.03,767.0,40.29,30.7,28.1,42.27,71.31,9,0,27.3,2026-09-01T13:00,96722,49542.59,73.16,True,5,100.0,67.49,High,ORANGE,#E67E22,Activate the local heat action plan; open cooling centres; shift strenuous outdoor work away from afternoon hours; alert hospitals for a possible heat-illness surge.,True,True,True,True,provisional-impact-risk-v2,Relative heat-health impact ranking; not a predicted death count,WorldPop exposure included; demographic and health-outcome calibration pending
252,MAUJPUR,2026-08-28,34.2,26.5,30.52,74.67,93,2.07,763.0,40.06,30.4,28.36,41.15,68.66,13,0,26.5,2026-08-28T13:00,38691,51382.47,59.74,True,1,33.33,58.56,High,ORANGE,#E67E22,Activate the local heat action plan; open cooling centres; shift strenuous outdoor work away from afternoon hours; alert hospitals for a possible heat-illness surge.,True,True,True,True,provisional-impact-risk-v2,Relative heat-health impact ranking; not a predicted death count,WorldPop exposure included; demographic and health-outcome calibration pending
252,MAUJPUR,2026-08-29,34.6,26.9,30.92,68.46,80,2.16,843.0,40.89,30.97,28.15,43.13,73.81,14,0,26.9,2026-08-29T13:00,38691,51382.47,59.74,True,2,66.67,65.4,High,ORANGE,#E67E22,Activate the local heat action plan; open cooling centres; shift strenuous outdoor work away from afternoon hours; alert hospitals for a possible heat-illness surge.,True,True,True,True,provisional-impact-risk-v2,Relative heat-health impact ranking; not a predicted death count,WorldPop exposure included; demographic and health-outcome calibration pending
252,MAUJPUR,2026-08-30,35.0,27.5,31.32,66.12,83,1.89,786.0,41.48,31.13,28.26,42.68,74.3,15,1,27.5,2026-08-30T14:00,38691,51382.47,59.74,True,3,100.0,68.31,High,ORANGE,#E67E22,Activate the local heat action plan; open cooling centres; shift strenuous outdoor work away from afternoon hours; alert hospitals for a possible heat-illness surge.,True,True,True,True,provisional-impact-risk-v2,Relative heat-health impact ranking; not a predicted death count,WorldPop exposure included; demographic and health-outcome calibration pending
252,MAUJPUR,2026-08-31,35.2,27.9,31.19,66.04,89,1.64,817.0,41.15,31.03,28.09,43.17,73.97,9,1,27.9,2026-08-31T14:00,38691,51382.47,59.74,True,4,100.0,68.02,High,ORANGE,#E67E22,Activate the local heat action plan; open cooling centres; shift strenuous outdoor work away from afternoon hours; alert hospitals for a possible heat-illness surge.,True,True,True,True,provisional-impact-risk-v2,Relative heat-health impact ranking; not a predicted death count,WorldPop exposure included; demographic and health-outcome calibration pending
252,MAUJPUR,2026-09-01,33.7,27.3,29.78,77.71,94,1.3,771.0,40.19,30.74,28.06,42.07,71.35,9,0,27.3,2026-09-01T13:00,38691,51382.47,59.74,True,5,100.0,65.61,High,ORANGE,#E67E22,Activate the local heat action plan; open cooling centres; shift strenuous outdoor work away from afternoon hours; alert hospitals for a possible heat-illness surge.,True,True,True,True,provisional-impact-risk-v2,Relative heat-health impact ranking; not a predicted death count,WorldPop exposure included; demographic and health-outcome calibration pending
253,BHAJANPURA,2026-08-28,34.2,26.5,30.52,74.67,93,2.07,763.0,40.06,30.4,28.36,41.15,68.66,13,0,26.5,2026-08-28T13:00,59706,50934.99,64.86,True,1,33.33,59.26,High,ORANGE,#E67E22,Activate the local heat action plan; open cooling centres; shift strenuous outdoor work away from afternoon hours; alert hospitals for a possible heat-illness surge.,True,True,True,True,provisional-impact-risk-v2,Relative heat-health impact ranking; not a predicted death count,WorldPop exposure included; demographic and health-outcome calibration pending
253,BHAJANPURA,2026-08-29,34.6,26.9,30.92,68.46,80,2.16,843.0,40.89,30.97,28.15,43.13,73.81,14,0,26.9,2026-08-29T13:00,59706,50934.99,64.86,True,2,66.67,66.16,High,ORANGE,#E67E22,Activate the local heat action plan; open cooling centres; shift strenuous outdoor work away from afternoon hours; alert hospitals for a possible heat-illness surge.,True,True,True,True,provisional-impact-risk-v2,Relative heat-health impact ranking; not a predicted death count,WorldPop exposure included; demographic and health-outcome calibration pending
253,BHAJANPURA,2026-08-30,35.0,27.5,31.32,66.12,83,1.89,786.0,41.48,31.13,28.26,42.68,74.3,15,1,27.5,2026-08-30T14:00,59706,50934.99,64.86,True,3,100.0,69.07,High,ORANGE,#E67E22,Activate the local heat action plan; open cooling centres; shift strenuous outdoor work away from afternoon hours; alert hospitals for a possible heat-illness surge.,True,True,True,True,provisional-impact-risk-v2,Relative heat-health impact ranking; not a predicted death count,WorldPop exposure included; demographic and health-outcome calibration pending
253,BHAJANPURA,2026-08-31,35.2,27.9,31.19,66.04,89,1.64,817.0,41.15,31.03,28.09,43.17,73.97,9,1,27.9,2026-08-31T14:00,59706,50934.99,64.86,True,4,100.0,68.77,High,ORANGE,#E67E22,Activate the local heat action plan; open cooling centres; shift strenuous outdoor work away from afternoon hours; alert hospitals for a possible heat-illness surge.,True,True,True,True,provisional-impact-risk-v2,Relative heat-health impact ranking; not a predicted death count,WorldPop exposure included; demographic and health-outcome calibration pending
253,BHAJANPURA,2026-09-01,33.7,27.3,29.78,77.71,94,1.3,771.0,40.19,30.74,28.06,42.07,71.35,9,0,27.3,2026-09-01T13:00,59706,50934.99,64.86,True,5,100.0,66.34,High,ORANGE,#E67E22,Activate the local heat action plan; open cooling centres; shift strenuous outdoor work away from afternoon hours; alert hospitals for a possible heat-illness surge.,True,True,True,True,provisional-impact-risk-v2,Relative heat-health impact ranking; not a predicted death count,WorldPop exposure included; demographic and health-outcome calibration pending
254,BRAHAM PURI,2026-08-28,34.2,26.5,30.52,74.67,93,2.07,763.0,40.06,30.4,28.36,41.15,68.66,13,0,26.5,2026-08-28T13:00,54813,51554.74,64.25,True,1,33.33,59.18,High,ORANGE,#E67E22,Activate the local heat action plan; open cooling centres; shift strenuous outdoor work away from afternoon hours; alert hospitals for a possible heat-illness surge.,True,True,True,True,provisional-impact-risk-v2,Relative heat-health impact ranking; not a predicted death count,WorldPop exposure included; demographic and health-outcome calibration pending
254,BRAHAM PURI,2026-08-29,34.6,26.9,30.92,68.46,80,2.16,843.0,40.89,30.97,28.15,43.13,73.81,14,0,26.9,2026-08-29T13:00,54813,51554.74,64.25,True,2,66.67,66.07,High,ORANGE,#E67E22,Activate the local heat action plan; open cooling centres; shift strenuous outdoor work away from afternoon hours; alert hospitals for a possible heat-illness surge.,True,True,True,True,provisional-impact-risk-v2,Relative heat-health impact ranking; not a predicted death count,WorldPop exposure included; demographic and health-outcome calibration pending
254,BRAHAM PURI,2026-08-30,35.0,27.5,31.32,66.12,83,1.89,786.0,41.48,31.13,28.26,42.68,74.3,15,1,27.5,2026-08-30T14:00,54813,51554.74,64.25,True,3,100.0,68.98,High,ORANGE,#E67E22,Activate the local heat action plan; open cooling centres; shift strenuous outdoor work away from afternoon hours; alert hospitals for a possible heat-illness surge.,True,True,True,True,provisional-impact-risk-v2,Relative heat-health impact ranking; not a predicted death count,WorldPop exposure included; demographic and health-outcome calibration pending
254,BRAHAM PURI,2026-08-31,35.2,27.9,31.19,66.04,89,1.64,817.0,41.15,31.03,28.09,43.17,73.97,9,1,27.9,2026-08-31T14:00,54813,51554.74,64.25,True,4,100.0,68.68,High,ORANGE,#E67E22,Activate the local heat action plan; open cooling centres; shift strenuous outdoor work away from afternoon hours; alert hospitals for a possible heat-illness surge.,True,True,True,True,provisional-impact-risk-v2,Relative heat-health impact ranking; not a predicted death count,WorldPop exposure included; demographic and health-outcome calibration pending
254,BRAHAM PURI,2026-09-01,33.7,27.3,29.78,77.71,94,1.3,771.0,40.19,30.74,28.06,42.07,71.35,9,0,27.3,2026-09-01T13:00,54813,51554.74,64.25,True,5,100.0,66.25,High,ORANGE,#E67E22,Activate the local heat action plan; open cooling centres; shift strenuous outdoor work away from afternoon hours; alert hospitals for a possible heat-illness surge.,True,True,True,True,provisional-impact-risk-v2,Relative heat-health impact ranking; not a predicted death count,WorldPop exposure included; demographic and health-outcome calibration pending
255,GHONDA,2026-08-28,34.2,26.5,30.52,74.67,93,2.07,763.0,40.06,30.4,28.36,41.15,68.66,13,0,26.5,2026-08-28T13:00,46069,59017.42,68.75,True,1,33.33,59.8,High,ORANGE,#E67E22,Activate the local heat action plan; open cooling centres; shift strenuous outdoor work away from afternoon hours; alert hospitals for a possible heat-illness surge.,True,True,True,True,provisional-impact-risk-v2,Relative heat-health impact ranking; not a predicted death count,WorldPop exposure included; demographic and health-outcome calibration pending
255,GHONDA,2026-08-29,34.6,26.9,30.92,68.46,80,2.16,843.0,40.89,30.97,28.15,43.13,73.81,14,0,26.9,2026-08-29T13:00,46069,59017.42,68.75,True,2,66.67,66.73,High,ORANGE,#E67E22,Activate the local heat action plan; open cooling centres; shift strenuous outdoor work away from afternoon hours; alert hospitals for a possible heat-illness surge.,True,True,True,True,provisional-impact-risk-v2,Relative heat-health impact ranking; not a predicted death count,WorldPop exposure included; demographic and health-outcome calibration pending
255,GHONDA,2026-08-30,35.0,27.5,31.32,66.12,83,1.89,786.0,41.48,31.13,28.26,42.68,74.3,15,1,27.5,2026-08-30T14:00,46069,59017.42,68.75,True,3,100.0,69.65,High,ORANGE,#E67E22,Activate the local heat action plan; open cooling centres; shift strenuous outdoor work away from afternoon hours; alert hospitals for a possible heat-illness surge.,True,True,True,True,provisional-impact-risk-v2,Relative heat-health impact ranking; not a predicted death count,WorldPop exposure included; demographic and health-outcome calibration pending
255,GHONDA,2026-08-31,35.2,27.9,31.19,66.04,89,1.64,817.0,41.15,31.03,28.09,43.17,73.97,9,1,27.9,2026-08-31T14:00,46069,59017.42,68.75,True,4,100.0,69.35,High,ORANGE,#E67E22,Activate the local heat action plan; open cooling centres; shift strenuous outdoor work away from afternoon hours; alert hospitals for a possible heat-illness surge.,True,True,True,True,provisional-impact-risk-v2,Relative heat-health impact ranking; not a predicted death count,WorldPop exposure included; demographic and health-outcome calibration pending
255,GHONDA,2026-09-01,33.7,27.3,29.78,77.71,94,1.3,771.0,40.19,30.74,28.06,42.07,71.35,9,0,27.3,2026-09-01T13:00,46069,59017.42,68.75,True,5,100.0,66.89,High,ORANGE,#E67E22,Activate the local heat action plan; open cooling centres; shift strenuous outdoor work away from afternoon hours; alert hospitals for a possible heat-illness surge.,True,True,True,True,provisional-impact-risk-v2,Relative heat-health impact ranking; not a predicted death count,WorldPop exposure included; demographic and health-outcome calibration pending
256,YAMUNA VIHAR,2026-08-28,34.2,26.5,30.52,74.67,93,2.07,763.0,40.06,30.4,28.36,41.15,68.66,13,0,26.5,2026-08-28T13:00,102218,76838.31,83.77,True,1,33.33,61.86,High,ORANGE,#E67E22,Activate the local heat action plan; open cooling centres; shift strenuous outdoor work away from afternoon hours; alert hospitals for a possible heat-illness surge.,True,True,True,True,provisional-impact-risk-v2,Relative heat-health impact ranking; not a predicted death count,WorldPop exposure included; demographic and health-outcome calibration pending
256,YAMUNA VIHAR,2026-08-29,34.6,26.9,30.92,68.46,80,2.16,843.0,40.89,30.97,28.15,43.13,73.81,14,0,26.9,2026-08-29T13:00,102218,76838.31,83.77,True,2,66.67,68.95,High,ORANGE,#E67E22,Activate the local heat action plan; open cooling centres; shift strenuous outdoor work away from afternoon hours; alert hospitals for a possible heat-illness surge.,True,True,True,True,provisional-impact-risk-v2,Relative heat-health impact ranking; not a predicted death count,WorldPop exposure included; demographic and health-outcome calibration pending
256,YAMUNA VIHAR,2026-08-30,35.0,27.5,31.32,66.12,83,1.89,786.0,41.48,31.13,28.26,42.68,74.3,15,1,27.5,2026-08-30T14:00,102218,76838.31,83.77,True,3,100.0,71.88,High,ORANGE,#E67E22,Activate the local heat action plan; open cooling centres; shift strenuous outdoor work away from afternoon hours; alert hospitals for a possible heat-illness surge.,True,True,True,True,provisional-impact-risk-v2,Relative heat-health impact ranking; not a predicted death count,WorldPop exposure included; demographic and health-outcome calibration pending
256,YAMUNA VIHAR,2026-08-31,35.2,27.9,31.19,66.04,89,1.64,817.0,41.15,31.03,28.09,43.17,73.97,9,1,27.9,2026-08-31T14:00,102218,76838.31,83.77,True,4,100.0,71.57,High,ORANGE,#E67E22,Activate the local heat action plan; open cooling centres; shift strenuous outdoor work away from afternoon hours; alert hospitals for a possible heat-illness surge.,True,True,True,True,provisional-impact-risk-v2,Relative heat-health impact ranking; not a predicted death count,WorldPop exposure included; demographic and health-outcome calibration pending
256,YAMUNA VIHAR,2026-09-01,33.7,27.3,29.78,77.71,94,1.3,771.0,40.19,30.74,28.06,42.07,71.35,9,0,27.3,2026-09-01T13:00,102218,76838.31,83.77,True,5,100.0,69.04,High,ORANGE,#E67E22,Activate the local heat action plan; open cooling centres; shift strenuous outdoor work away from afternoon hours; alert hospitals for a possible heat-illness surge.,True,True,True,True,provisional-impact-risk-v2,Relative heat-health impact ranking; not a predicted death count,WorldPop exposure included; demographic and health-outcome calibration pending
257,SUBHASH MOHALLA,2026-08-28,34.2,26.5,30.52,74.67,93,2.07,763.0,40.06,30.4,28.36,41.15,68.66,13,0,26.5,2026-08-28T13:00,38002,65918.47,66.59,True,1,33.33,59.5,High,ORANGE,#E67E22,Activate the local heat action plan; open cooling centres; shift strenuous outdoor work away from afternoon hours; alert hospitals for a possible heat-illness surge.,True,True,True,True,provisional-impact-risk-v2,Relative heat-health impact ranking; not a predicted death count,WorldPop exposure included; demographic and health-outcome calibration pending
257,SUBHASH MOHALLA,2026-08-29,34.6,26.9,30.92,68.46,80,2.16,843.0,40.89,30.97,28.15,43.13,73.81,14,0,26.9,2026-08-29T13:00,38002,65918.47,66.59,True,2,66.67,66.42,High,ORANGE,#E67E22,Activate the local heat action plan; open cooling centres; shift strenuous outdoor work away from afternoon hours; alert hospitals for a possible heat-illness surge.,True,True,True,True,provisional-impact-risk-v2,Relative heat-health impact ranking; not a predicted death count,WorldPop exposure included; demographic and health-outcome calibration pending
257,SUBHASH MOHALLA,2026-08-30,35.0,27.5,31.32,66.12,83,1.89,786.0,41.48,31.13,28.26,42.68,74.3,15,1,27.5,2026-08-30T14:00,38002,65918.47,66.59,True,3,100.0,69.33,High,ORANGE,#E67E22,Activate the local heat action plan; open cooling centres; shift strenuous outdoor work away from afternoon hours; alert hospitals for a possible heat-illness surge.,True,True,True,True,provisional-impact-risk-v2,Relative heat-health impact ranking; not a predicted death count,WorldPop exposure included; demographic and health-outcome calibration pending
257,SUBHASH MOHALLA,2026-08-31,35.2,27.9,31.19,66.04,89,1.64,817.0,41.15,31.03,28.09,43.17,73.97,9,1,27.9,2026-08-31T14:00,38002,65918.47,66.59,True,4,100.0,69.03,High,ORANGE,#E67E22,Activate the local heat action plan; open cooling centres; shift strenuous outdoor work away from afternoon hours; alert hospitals for a possible heat-illness surge.,True,True,True,True,provisional-impact-risk-v2,Relative heat-health impact ranking; not a predicted death count,WorldPop exposure included; demographic and health-outcome calibration pending
257,SUBHASH MOHALLA,2026-09-01,33.7,27.3,29.78,77.71,94,1.3,771.0,40.19,30.74,28.06,42.07,71.35,9,0,27.3,2026-09-01T13:00,38002,65918.47,66.59,True,5,100.0,66.59,High,ORANGE,#E67E22,Activate the local heat action plan; open cooling centres; shift strenuous outdoor work away from afternoon hours; alert hospitals for a possible heat-illness surge.,True,True,True,True,provisional-impact-risk-v2,Relative heat-health impact ranking; not a predicted death count,WorldPop exposure included; demographic and health-outcome calibration pending
258,KARDAM PURI,2026-08-28,34.2,26.5,30.52,74.67,93,2.07,763.0,40.06,30.4,28.36,41.15,68.66,13,0,26.5,2026-08-28T13:00,91038,61821.27,80.78,True,1,33.33,61.45,High,ORANGE,#E67E22,Activate the local heat action plan; open cooling centres; shift strenuous outdoor work away from afternoon hours; alert hospitals for a possible heat-illness surge.,True,True,True,True,provisional-impact-risk-v2,Relative heat-health impact ranking; not a predicted death count,WorldPop exposure included; demographic and health-outcome calibration pending
258,KARDAM PURI,2026-08-29,34.6,26.9,30.92,68.46,80,2.16,843.0,40.89,30.97,28.15,43.13,73.81,14,0,26.9,2026-08-29T13:00,91038,61821.27,80.78,True,2,66.67,68.51,High,ORANGE,#E67E22,Activate the local heat action plan; open cooling centres; shift strenuous outdoor work away from afternoon hours; alert hospitals for a possible heat-illness surge.,True,True,True,True,provisional-impact-risk-v2,Relative heat-health impact ranking; not a predicted death count,WorldPop exposure included; demographic and health-outcome calibration pending
258,KARDAM PURI,2026-08-30,35.0,27.5,31.32,66.12,83,1.89,786.0,41.48,31.13,28.26,42.68,74.3,15,1,27.5,2026-08-30T14:00,91038,61821.27,80.78,True,3,100.0,71.44,High,ORANGE,#E67E22,Activate the local heat action plan; open cooling centres; shift strenuous outdoor work away from afternoon hours; alert hospitals for a possible heat-illness surge.,True,True,True,True,provisional-impact-risk-v2,Relative heat-health impact ranking; not a predicted death count,WorldPop exposure included; demographic and health-outcome calibration pending
258,KARDAM PURI,2026-08-31,35.2,27.9,31.19,66.04,89,1.64,817.0,41.15,31.03,28.09,43.17,73.97,9,1,27.9,2026-08-31T14:00,91038,61821.27,80.78,True,4,100.0,71.13,High,ORANGE,#E67E22,Activate the local heat action plan; open cooling centres; shift strenuous outdoor work away from afternoon hours; alert hospitals for a possible heat-illness surge.,True,True,True,True,provisional-impact-risk-v2,Relative heat-health impact ranking; not a predicted death count,WorldPop exposure included; demographic and health-outcome calibration pending
258,KARDAM PURI,2026-09-01,33.7,27.3,29.78,77.71,94,1.3,771.0,40.19,30.74,28.06,42.07,71.35,9,0,27.3,2026-09-01T13:00,91038,61821.27,80.78,True,5,100.0,68.61,High,ORANGE,#E67E22,Activate the local heat action plan; open cooling centres; shift strenuous outdoor work away from afternoon hours; alert hospitals for a possible heat-illness surge.,True,True,True,True,provisional-impact-risk-v2,Relative heat-health impact ranking; not a predicted death count,WorldPop exposure included; demographic and health-outcome calibration pending
259,JANTA COLONY,2026-08-28,34.6,26.5,30.68,73.17,93,1.96,767.0,40.16,30.58,28.35,41.98,70.55,13,0,26.5,2026-08-28T13:00,27708,45017.06,49.5,True,1,33.33,58.72,High,ORANGE,#E67E22,Activate the local heat action plan; open cooling centres; shift strenuous outdoor work away from afternoon hours; alert hospitals for a possible heat-illness surge.,True,True,True,True,provisional-impact-risk-v2,Relative heat-health impact ranking; not a predicted death count,WorldPop exposure included; demographic and health-outcome calibration pending
259,JANTA COLONY,2026-08-29,35.3,26.9,31.11,66.71,80,2.03,838.0,40.76,30.98,28.1,43.5,74.28,14,0,26.9,2026-08-29T13:00,27708,45017.06,49.5,True,2,66.67,64.3,High,ORANGE,#E67E22,Activate the local heat action plan; open cooling centres; shift strenuous outdoor work away from afternoon hours; alert hospitals for a possible heat-illness surge.,True,True,True,True,provisional-impact-risk-v2,Relative heat-health impact ranking; not a predicted death count,WorldPop exposure included; demographic and health-outcome calibration pending
259,JANTA COLONY,2026-08-30,35.8,27.7,31.6,63.42,81,1.7,776.0,40.56,30.87,28.17,43.01,73.25,15,0,27.7,2026-08-30T14:00,27708,45017.06,49.5,True,3,100.0,65.85,High,ORANGE,#E67E22,Activate the local heat action plan; open cooling centres; shift strenuous outdoor work away from afternoon hours; alert hospitals for a possible heat-illness surge.,True,True,True,True,provisional-impact-risk-v2,Relative heat-health impact ranking; not a predicted death count,WorldPop exposure included; demographic and health-outcome calibration pending
259,JANTA COLONY,2026-08-31,36.0,27.7,31.4,63.83,85,1.41,828.0,41.42,31.27,28.04,43.62,75.72,9,2,27.7,2026-08-31T14:00,27708,45017.06,49.5,True,4,100.0,68.08,High,ORANGE,#E67E22,Activate the local heat action plan; open cooling centres; shift strenuous outdoor work away from afternoon hours; alert hospitals for a possible heat-illness surge.,True,True,True,True,provisional-impact-risk-v2,Relative heat-health impact ranking; not a predicted death count,WorldPop exposure included; demographic and health-outcome calibration pending
259,JANTA COLONY,2026-09-01,34.2,27.3,30.01,76.12,95,1.03,767.0,40.29,30.7,28.1,42.27,71.31,9,0,27.3,2026-09-01T13:00,27708,45017.06,49.5,True,5,100.0,64.11,High,ORANGE,#E67E22,Activate the local heat action plan; open cooling centres; shift strenuous outdoor work away from afternoon hours; alert hospitals for a possible heat-illness surge.,True,True,True,True,provisional-impact-risk-v2,Relative heat-health impact ranking; not a predicted death count,WorldPop exposure included; demographic and health-outcome calibration pending
26,SAHIBABAD DAULAT PUR,2026-08-28,34.4,28.0,30.78,72.46,93,2.06,774.0,40.54,30.52,28.4,42.17,70.36,13,0,28.0,2026-08-28T13:00,108476,8216.2,28.83,True,1,33.33,55.66,High,ORANGE,#E67E22,Activate the local heat action plan; open cooling centres; shift strenuous outdoor work away from afternoon hours; alert hospitals for a possible heat-illness surge.,True,True,True,True,provisional-impact-risk-v2,Relative heat-health impact ranking; not a predicted death count,WorldPop exposure included; demographic and health-outcome calibration pending
26,SAHIBABAD DAULAT PUR,2026-08-29,34.3,26.6,30.5,70.75,80,2.1,849.0,41.33,31.17,28.02,43.28,75.03,13,2,26.6,2026-08-29T13:00,108476,8216.2,28.83,True,2,66.67,61.85,High,ORANGE,#E67E22,Activate the local heat action plan; open cooling centres; shift strenuous outdoor work away from afternoon hours; alert hospitals for a possible heat-illness surge.,True,True,True,True,provisional-impact-risk-v2,Relative heat-health impact ranking; not a predicted death count,WorldPop exposure included; demographic and health-outcome calibration pending
26,SAHIBABAD DAULAT PUR,2026-08-30,34.5,27.1,30.8,69.29,78,1.8,806.0,41.85,31.4,28.17,43.1,75.86,13,3,27.1,2026-08-30T13:00,108476,8216.2,28.83,True,3,100.0,65.06,High,ORANGE,#E67E22,Activate the local heat action plan; open cooling centres; shift strenuous outdoor work away from afternoon hours; alert hospitals for a possible heat-illness surge.,True,True,True,True,provisional-impact-risk-v2,Relative heat-health impact ranking; not a predicted death count,WorldPop exposure included; demographic and health-outcome calibration pending
26,SAHIBABAD DAULAT PUR,2026-08-31,34.2,26.9,30.6,67.88,79,1.57,810.0,40.31,31.01,27.8,42.79,73.48,12,1,26.9,2026-08-31T13:00,108476,8216.2,28.83,True,4,100.0,63.02,High,ORANGE,#E67E22,Activate the local heat action plan; open cooling centres; shift strenuous outdoor work away from afternoon hours; alert hospitals for a possible heat-illness surge.,True,True,True,True,provisional-impact-risk-v2,Relative heat-health impact ranking; not a predicted death count,WorldPop exposure included; demographic and health-outcome calibration pending
26,SAHIBABAD DAULAT PUR,2026-09-01,33.5,27.0,29.75,72.83,90,1.39,794.0,39.81,30.64,27.54,42.06,70.67,8,0,27.0,2026-09-01T13:00,108476,8216.2,28.83,True,5,100.0,60.61,High,ORANGE,#E67E22,Activate the local heat action plan; open cooling centres; shift strenuous outdoor work away from afternoon hours; alert hospitals for a possible heat-illness surge.,True,True,True,True,provisional-impact-risk-v2,Relative heat-health impact ranking; not a predicted death count,WorldPop exposure included; demographic and health-outcome calibration pending
260,BABAR PUR,2026-08-28,34.2,26.5,30.52,74.67,93,2.07,763.0,40.06,30.4,28.36,41.15,68.66,13,0,26.5,2026-08-28T13:00,32583,45839.9,51.74,True,1,33.33,57.46,High,ORANGE,#E67E22,Activate the local heat action plan; open cooling centres; shift strenuous outdoor work away from afternoon hours; alert hospitals for a possible heat-illness surge.,True,True,True,True,provisional-impact-risk-v2,Relative heat-health impact ranking; not a predicted death count,WorldPop exposure included; demographic and health-outcome calibration pending
260,BABAR PUR,2026-08-29,34.6,26.9,30.92,68.46,80,2.16,843.0,40.89,30.97,28.15,43.13,73.81,14,0,26.9,2026-08-29T13:00,32583,45839.9,51.74,True,2,66.67,64.22,High,ORANGE,#E67E22,Activate the local heat action plan; open cooling centres; shift strenuous outdoor work away from afternoon hours; alert hospitals for a possible heat-illness surge.,True,True,True,True,provisional-impact-risk-v2,Relative heat-health impact ranking; not a predicted death count,WorldPop exposure included; demographic and health-outcome calibration pending
260,BABAR PUR,2026-08-30,35.0,27.5,31.32,66.12,83,1.89,786.0,41.48,31.13,28.26,42.68,74.3,15,1,27.5,2026-08-30T14:00,32583,45839.9,51.74,True,3,100.0,67.13,High,ORANGE,#E67E22,Activate the local heat action plan; open cooling centres; shift strenuous outdoor work away from afternoon hours; alert hospitals for a possible heat-illness surge.,True,True,True,True,provisional-impact-risk-v2,Relative heat-health impact ranking; not a predicted death count,WorldPop exposure included; demographic and health-outcome calibration pending
260,BABAR PUR,2026-08-31,35.2,27.9,31.19,66.04,89,1.64,817.0,41.15,31.03,28.09,43.17,73.97,9,1,27.9,2026-08-31T14:00,32583,45839.9,51.74,True,4,100.0,66.83,High,ORANGE,#E67E22,Activate the local heat action plan; open cooling centres; shift strenuous outdoor work away from afternoon hours; alert hospitals for a possible heat-illness surge.,True,True,True,True,provisional-impact-risk-v2,Relative heat-health impact ranking; not a predicted death count,WorldPop exposure included; demographic and health-outcome calibration pending
260,BABAR PUR,2026-09-01,33.7,27.3,29.78,77.71,94,1.3,771.0,40.19,30.74,28.06,42.07,71.35,9,0,27.3,2026-09-01T13:00,32583,45839.9,51.74,True,5,100.0,64.47,High,ORANGE,#E67E22,Activate the local heat action plan; open cooling centres; shift strenuous outdoor work away from afternoon hours; alert hospitals for a possible heat-illness surge.,True,True,True,True,provisional-impact-risk-v2,Relative heat-health impact ranking; not a predicted death count,WorldPop exposure included; demographic and health-outcome calibration pending
261,JIWANPUR,2026-08-28,34.2,26.5,30.52,74.67,93,2.07,763.0,40.06,30.4,28.36,41.15,68.66,13,0,26.5,2026-08-28T13:00,126083,76400.05,90.16,True,1,33.33,62.74,High,ORANGE,#E67E22,Activate the local heat action plan; open cooling centres; shift strenuous outdoor work away from afternoon hours; alert hospitals for a possible heat-illness surge.,True,True,True,True,provisional-impact-risk-v2,Relative heat-health impact ranking; not a predicted death count,WorldPop exposure included; demographic and health-outcome calibration pending
261,JIWANPUR,2026-08-29,34.6,26.9,30.92,68.46,80,2.16,843.0,40.89,30.97,28.15,43.13,73.81,14,0,26.9,2026-08-29T13:00,126083,76400.05,90.16,True,2,66.67,69.9,High,ORANGE,#E67E22,Activate the local heat action plan; open cooling centres; shift strenuous outdoor work away from afternoon hours; alert hospitals for a possible heat-illness surge.,True,True,True,True,provisional-impact-risk-v2,Relative heat-health impact ranking; not a predicted death count,WorldPop exposure included; demographic and health-outcome calibration pending
261,JIWANPUR,2026-08-30,35.0,27.5,31.32,66.12,83,1.89,786.0,41.48,31.13,28.26,42.68,74.3,15,1,27.5,2026-08-30T14:00,126083,76400.05,90.16,True,3,100.0,72.83,High,ORANGE,#E67E22,Activate the local heat action plan; open cooling centres; shift strenuous outdoor work away from afternoon hours; alert hospitals for a possible heat-illness surge.,True,True,True,True,provisional-impact-risk-v2,Relative heat-health impact ranking; not a predicted death count,WorldPop exposure included; demographic and health-outcome calibration pending
261,JIWANPUR,2026-08-31,35.2,27.9,31.19,66.04,89,1.64,817.0,41.15,31.03,28.09,43.17,73.97,9,1,27.9,2026-08-31T14:00,126083,76400.05,90.16,True,4,100.0,72.52,High,ORANGE,#E67E22,Activate the local heat action plan; open cooling centres; shift strenuous outdoor work away from afternoon hours; alert hospitals for a possible heat-illness surge.,True,True,True,True,provisional-impact-risk-v2,Relative heat-health impact ranking; not a predicted death count,WorldPop exposure included; demographic and health-outcome calibration pending
261,JIWANPUR,2026-09-01,33.7,27.3,29.78,77.71,94,1.3,771.0,40.19,30.74,28.06,42.07,71.35,9,0,27.3,2026-09-01T13:00,126083,76400.05,90.16,True,5,100.0,69.95,High,ORANGE,#E67E22,Activate the local heat action plan; open cooling centres; shift strenuous outdoor work away from afternoon hours; alert hospitals for a possible heat-illness surge.,True,True,True,True,provisional-impact-risk-v2,Relative heat-health impact ranking; not a predicted death count,WorldPop exposure included; demographic and health-outcome calibration pending
262,GOKALPUR,2026-08-28,34.2,26.5,30.52,74.67,93,2.07,763.0,40.06,30.4,28.36,41.15,68.66,13,0,26.5,2026-08-28T13:00,90241,76242.82,80.57,True,1,33.33,61.42,High,ORANGE,#E67E22,Activate the local heat action plan; open cooling centres; shift strenuous outdoor work away from afternoon hours; alert hospitals for a possible heat-illness surge.,True,True,True,True,provisional-impact-risk-v2,Relative heat-health impact ranking; not a predicted death count,WorldPop exposure included; demographic and health-outcome calibration pending
262,GOKALPUR,2026-08-29,34.6,26.9,30.92,68.46,80,2.16,843.0,40.89,30.97,28.15,43.13,73.81,14,0,26.9,2026-08-29T13:00,90241,76242.82,80.57,True,2,66.67,68.48,High,ORANGE,#E67E22,Activate the local heat action plan; open cooling centres; shift strenuous outdoor work away from afternoon hours; alert hospitals for a possible heat-illness surge.,True,True,True,True,provisional-impact-risk-v2,Relative heat-health impact ranking; not a predicted death count,WorldPop exposure included; demographic and health-outcome calibration pending
262,GOKALPUR,2026-08-30,35.0,27.5,31.32,66.12,83,1.89,786.0,41.48,31.13,28.26,42.68,74.3,15,1,27.5,2026-08-30T14:00,90241,76242.82,80.57,True,3,100.0,71.41,High,ORANGE,#E67E22,Activate the local heat action plan; open cooling centres; shift strenuous outdoor work away from afternoon hours; alert hospitals for a possible heat-illness surge.,True,True,True,True,provisional-impact-risk-v2,Relative heat-health impact ranking; not a predicted death count,WorldPop exposure included; demographic and health-outcome calibration pending
262,GOKALPUR,2026-08-31,35.2,27.9,31.19,66.04,89,1.64,817.0,41.15,31.03,28.09,43.17,73.97,9,1,27.9,2026-08-31T14:00,90241,76242.82,80.57,True,4,100.0,71.1,High,ORANGE,#E67E22,Activate the local heat action plan; open cooling centres; shift strenuous outdoor work away from afternoon hours; alert hospitals for a possible heat-illness surge.,True,True,True,True,provisional-impact-risk-v2,Relative heat-health impact ranking; not a predicted death count,WorldPop exposure included; demographic and health-outcome calibration pending
262,GOKALPUR,2026-09-01,33.7,27.3,29.78,77.71,94,1.3,771.0,40.19,30.74,28.06,42.07,71.35,9,0,27.3,2026-09-01T13:00,90241,76242.82,80.57,True,5,100.0,68.58,High,ORANGE,#E67E22,Activate the local heat action plan; open cooling centres; shift strenuous outdoor work away from afternoon hours; alert hospitals for a possible heat-illness surge.,True,True,True,True,provisional-impact-risk-v2,Relative heat-health impact ranking; not a predicted death count,WorldPop exposure included; demographic and health-outcome calibration pending
263,SABOLI,2026-08-28,34.2,26.5,30.52,74.67,93,2.07,763.0,40.06,30.4,28.36,41.15,68.66,13,0,26.5,2026-08-28T13:00,77424,41993.82,59.33,True,1,33.33,58.5,High,ORANGE,#E67E22,Activate the local heat action plan; open cooling centres; shift strenuous outdoor work away from afternoon hours; alert hospitals for a possible heat-illness surge.,True,True,True,True,provisional-impact-risk-v2,Relative heat-health impact ranking; not a predicted death count,WorldPop exposure included; demographic and health-outcome calibration pending
263,SABOLI,2026-08-29,34.6,26.9,30.92,68.46,80,2.16,843.0,40.89,30.97,28.15,43.13,73.81,14,0,26.9,2026-08-29T13:00,77424,41993.82,59.33,True,2,66.67,65.34,High,ORANGE,#E67E22,Activate the local heat action plan; open cooling centres; shift strenuous outdoor work away from afternoon hours; alert hospitals for a possible heat-illness surge.,True,True,True,True,provisional-impact-risk-v2,Relative heat-health impact ranking; not a predicted death count,WorldPop exposure included; demographic and health-outcome calibration pending
263,SABOLI,2026-08-30,35.0,27.5,31.32,66.12,83,1.89,786.0,41.48,31.13,28.26,42.68,74.3,15,1,27.5,2026-08-30T14:00,77424,41993.82,59.33,True,3,100.0,68.25,High,ORANGE,#E67E22,Activate the local heat action plan; open cooling centres; shift strenuous outdoor work away from afternoon hours; alert hospitals for a possible heat-illness surge.,True,True,True,True,provisional-impact-risk-v2,Relative heat-health impact ranking; not a predicted death count,WorldPop exposure included; demographic and health-outcome calibration pending
263,SABOLI,2026-08-31,35.2,27.9,31.19,66.04,89,1.64,817.0,41.15,31.03,28.09,43.17,73.97,9,1,27.9,2026-08-31T14:00,77424,41993.82,59.33,True,4,100.0,67.96,High,ORANGE,#E67E22,Activate the local heat action plan; open cooling centres; shift strenuous outdoor work away from afternoon hours; alert hospitals for a possible heat-illness surge.,True,True,True,True,provisional-impact-risk-v2,Relative heat-health impact ranking; not a predicted death count,WorldPop exposure included; demographic and health-outcome calibration pending
263,SABOLI,2026-09-01,33.7,27.3,29.78,77.71,94,1.3,771.0,40.19,30.74,28.06,42.07,71.35,9,0,27.3,2026-09-01T13:00,77424,41993.82,59.33,True,5,100.0,65.55,High,ORANGE,#E67E22,Activate the local heat action plan; open cooling centres; shift strenuous outdoor work away from afternoon hours; alert hospitals for a possible heat-illness surge.,True,True,True,True,provisional-impact-risk-v2,Relative heat-health impact ranking; not a predicted death count,WorldPop exposure included; demographic and health-outcome calibration pending
264,HARSH VIHAR,2026-08-28,33.8,25.8,30.16,76.38,95,1.92,765.0,40.31,30.44,28.2,40.94,68.68,11,0,25.8,2026-08-28T13:00,88252,34798.31,53.95,True,1,33.33,57.78,High,ORANGE,#E67E22,Activate the local heat action plan; open cooling centres; shift strenuous outdoor work away from afternoon hours; alert hospitals for a possible heat-illness surge.,True,True,True,True,provisional-impact-risk-v2,Relative heat-health impact ranking; not a predicted death count,WorldPop exposure included; demographic and health-outcome calibration pending
264,HARSH VIHAR,2026-08-29,34.2,27.0,30.51,71.33,85,1.98,837.0,41.21,31.04,28.09,42.83,73.83,12,1,27.0,2026-08-29T12:00,88252,34798.31,53.95,True,2,66.67,64.57,High,ORANGE,#E67E22,Activate the local heat action plan; open cooling centres; shift strenuous outdoor work away from afternoon hours; alert hospitals for a possible heat-illness surge.,True,True,True,True,provisional-impact-risk-v2,Relative heat-health impact ranking; not a predicted death count,WorldPop exposure included; demographic and health-outcome calibration pending
264,HARSH VIHAR,2026-08-30,34.1,27.5,30.41,73.88,91,1.72,782.0,43.07,31.0,28.28,42.34,72.98,13,1,27.5,2026-08-30T12:00,88252,34798.31,53.95,True,3,100.0,66.26,High,ORANGE,#E67E22,Activate the local heat action plan; open cooling centres; shift strenuous outdoor work away from afternoon hours; alert hospitals for a possible heat-illness surge.,True,True,True,True,provisional-impact-risk-v2,Relative heat-health impact ranking; not a predicted death count,WorldPop exposure included; demographic and health-outcome calibration pending
264,HARSH VIHAR,2026-08-31,33.7,26.9,29.79,77.62,97,1.5,828.0,40.31,30.82,28.06,42.31,71.81,10,0,26.9,2026-08-31T13:00,88252,34798.31,53.95,True,4,100.0,65.2,High,ORANGE,#E67E22,Activate the local heat action plan; open cooling centres; shift strenuous outdoor work away from afternoon hours; alert hospitals for a possible heat-illness surge.,True,True,True,True,provisional-impact-risk-v2,Relative heat-health impact ranking; not a predicted death count,WorldPop exposure included; demographic and health-outcome calibration pending
264,HARSH VIHAR,2026-09-01,31.9,26.0,28.57,85.17,97,1.34,731.0,39.14,30.31,27.66,40.72,67.26,9,0,26.0,2026-09-01T12:00,88252,34798.31,53.95,True,5,100.0,61.07,High,ORANGE,#E67E22,Activate the local heat action plan; open cooling centres; shift strenuous outdoor work away from afternoon hours; alert hospitals for a possible heat-illness surge.,True,True,True,True,provisional-impact-risk-v2,Relative heat-health impact ranking; not a predicted death count,WorldPop exposure included; demographic and health-outcome calibration pending
265,SHIV VIHAR,2026-08-28,34.2,26.5,30.52,74.67,93,2.07,763.0,40.06,30.4,28.36,41.15,68.66,13,0,26.5,2026-08-28T13:00,109480,62901.47,85.72,True,1,33.33,62.13,High,ORANGE,#E67E22,Activate the local heat action plan; open cooling centres; shift strenuous outdoor work away from afternoon hours; alert hospitals for a possible heat-illness surge.,True,True,True,True,provisional-impact-risk-v2,Relative heat-health impact ranking; not a predicted death count,WorldPop exposure included; demographic and health-outcome calibration pending
265,SHIV VIHAR,2026-08-29,34.6,26.9,30.92,68.46,80,2.16,843.0,40.89,30.97,28.15,43.13,73.81,14,0,26.9,2026-08-29T13:00,109480,62901.47,85.72,True,2,66.67,69.24,High,ORANGE,#E67E22,Activate the local heat action plan; open cooling centres; shift strenuous outdoor work away from afternoon hours; alert hospitals for a possible heat-illness surge.,True,True,True,True,provisional-impact-risk-v2,Relative heat-health impact ranking; not a predicted death count,WorldPop exposure included; demographic and health-outcome calibration pending
265,SHIV VIHAR,2026-08-30,35.0,27.5,31.32,66.12,83,1.89,786.0,41.48,31.13,28.26,42.68,74.3,15,1,27.5,2026-08-30T14:00,109480,62901.47,85.72,True,3,100.0,72.17,High,ORANGE,#E67E22,Activate the local heat action plan; open cooling centres; shift strenuous outdoor work away from afternoon hours; alert hospitals for a possible heat-illness surge.,True,True,True,True,provisional-impact-risk-v2,Relative heat-health impact ranking; not a predicted death count,WorldPop exposure included; demographic and health-outcome calibration pending
265,SHIV VIHAR,2026-08-31,35.2,27.9,31.19,66.04,89,1.64,817.0,41.15,31.03,28.09,43.17,73.97,9,1,27.9,2026-08-31T14:00,109480,62901.47,85.72,True,4,100.0,71.86,High,ORANGE,#E67E22,Activate the local heat action plan; open cooling centres; shift strenuous outdoor work away from afternoon hours; alert hospitals for a possible heat-illness surge.,True,True,True,True,provisional-impact-risk-v2,Relative heat-health impact ranking; not a predicted death count,WorldPop exposure included; demographic and health-outcome calibration pending
265,SHIV VIHAR,2026-09-01,33.7,27.3,29.78,77.71,94,1.3,771.0,40.19,30.74,28.06,42.07,71.35,9,0,27.3,2026-09-01T13:00,109480,62901.47,85.72,True,5,100.0,69.32,High,ORANGE,#E67E22,Activate the local heat action plan; open cooling centres; shift strenuous outdoor work away from afternoon hours; alert hospitals for a possible heat-illness surge.,True,True,True,True,provisional-impact-risk-v2,Relative heat-health impact ranking; not a predicted death count,WorldPop exposure included; demographic and health-outcome calibration pending
266,KARAWAL NAGAR EAST,2026-08-28,34.2,26.5,30.52,74.67,93,2.07,763.0,40.06,30.4,28.36,41.15,68.66,13,0,26.5,2026-08-28T13:00,76497,61012.12,76.89,True,1,33.33,60.91,High,ORANGE,#E67E22,Activate the local heat action plan; open cooling centres; shift strenuous outdoor work away from afternoon hours; alert hospitals for a possible heat-illness surge.,True,True,True,True,provisional-impact-risk-v2,Relative heat-health impact ranking; not a predicted death count,WorldPop exposure included; demographic and health-outcome calibration pending
266,KARAWAL NAGAR EAST,2026-08-29,34.6,26.9,30.92,68.46,80,2.16,843.0,40.89,30.97,28.15,43.13,73.81,14,0,26.9,2026-08-29T13:00,76497,61012.12,76.89,True,2,66.67,67.94,High,ORANGE,#E67E22,Activate the local heat action plan; open cooling centres; shift strenuous outdoor work away from afternoon hours; alert hospitals for a possible heat-illness surge.,True,True,True,True,provisional-impact-risk-v2,Relative heat-health impact ranking; not a predicted death count,WorldPop exposure included; demographic and health-outcome calibration pending
266,KARAWAL NAGAR EAST,2026-08-30,35.0,27.5,31.32,66.12,83,1.89,786.0,41.48,31.13,28.26,42.68,74.3,15,1,27.5,2026-08-30T14:00,76497,61012.12,76.89,True,3,100.0,70.86,High,ORANGE,#E67E22,Activate the local heat action plan; open cooling centres; shift strenuous outdoor work away from afternoon hours; alert hospitals for a possible heat-illness surge.,True,True,True,True,provisional-impact-risk-v2,Relative heat-health impact ranking; not a predicted death count,WorldPop exposure included; demographic and health-outcome calibration pending
266,KARAWAL NAGAR EAST,2026-08-31,35.2,27.9,31.19,66.04,89,1.64,817.0,41.15,31.03,28.09,43.17,73.97,9,1,27.9,2026-08-31T14:00,76497,61012.12,76.89,True,4,100.0,70.55,High,ORANGE,#E67E22,Activate the local heat action plan; open cooling centres; shift strenuous outdoor work away from afternoon hours; alert hospitals for a possible heat-illness surge.,True,True,True,True,provisional-impact-risk-v2,Relative heat-health impact ranking; not a predicted death count,WorldPop exposure included; demographic and health-outcome calibration pending
266,KARAWAL NAGAR EAST,2026-09-01,33.7,27.3,29.78,77.71,94,1.3,771.0,40.19,30.74,28.06,42.07,71.35,9,0,27.3,2026-09-01T13:00,76497,61012.12,76.89,True,5,100.0,68.06,High,ORANGE,#E67E22,Activate the local heat action plan; open cooling centres; shift strenuous outdoor work away from afternoon hours; alert hospitals for a possible heat-illness surge.,True,True,True,True,provisional-impact-risk-v2,Relative heat-health impact ranking; not a predicted death count,WorldPop exposure included; demographic and health-outcome calibration pending
267,NEHRU VIHAR,2026-08-28,34.2,26.5,30.52,74.67,93,2.07,763.0,40.06,30.4,28.36,41.15,68.66,13,0,26.5,2026-08-28T13:00,11931,84199.01,60.0,True,1,33.33,58.59,High,ORANGE,#E67E22,Activate the local heat action plan; open cooling centres; shift strenuous outdoor work away from afternoon hours; alert hospitals for a possible heat-illness surge.,True,True,True,True,provisional-impact-risk-v2,Relative heat-health impact ranking; not a predicted death count,WorldPop exposure included; demographic and health-outcome calibration pending
267,NEHRU VIHAR,2026-08-29,34.6,26.9,30.92,68.46,80,2.16,843.0,40.89,30.97,28.15,43.13,73.81,14,0,26.9,2026-08-29T13:00,11931,84199.01,60.0,True,2,66.67,65.44,High,ORANGE,#E67E22,Activate the local heat action plan; open cooling centres; shift strenuous outdoor work away from afternoon hours; alert hospitals for a possible heat-illness surge.,True,True,True,True,provisional-impact-risk-v2,Relative heat-health impact ranking; not a predicted death count,WorldPop exposure included; demographic and health-outcome calibration pending
267,NEHRU VIHAR,2026-08-30,35.0,27.5,31.32,66.12,83,1.89,786.0,41.48,31.13,28.26,42.68,74.3,15,1,27.5,2026-08-30T14:00,11931,84199.01,60.0,True,3,100.0,68.35,High,ORANGE,#E67E22,Activate the local heat action plan; open cooling centres; shift strenuous outdoor work away from afternoon hours; alert hospitals for a possible heat-illness surge.,True,True,True,True,provisional-impact-risk-v2,Relative heat-health impact ranking; not a predicted death count,WorldPop exposure included; demographic and health-outcome calibration pending
267,NEHRU VIHAR,2026-08-31,35.2,27.9,31.19,66.04,89,1.64,817.0,41.15,31.03,28.09,43.17,73.97,9,1,27.9,2026-08-31T14:00,11931,84199.01,60.0,True,4,100.0,68.05,High,ORANGE,#E67E22,Activate the local heat action plan; open cooling centres; shift strenuous outdoor work away from afternoon hours; alert hospitals for a possible heat-illness surge.,True,True,True,True,provisional-impact-risk-v2,Relative heat-health impact ranking; not a predicted death count,WorldPop exposure included; demographic and health-outcome calibration pending
267,NEHRU VIHAR,2026-09-01,33.7,27.3,29.78,77.71,94,1.3,771.0,40.19,30.74,28.06,42.07,71.35,9,0,27.3,2026-09-01T13:00,11931,84199.01,60.0,True,5,100.0,65.65,High,ORANGE,#E67E22,Activate the local heat action plan; open cooling centres; shift strenuous outdoor work away from afternoon hours; alert hospitals for a possible heat-illness surge.,True,True,True,True,provisional-impact-risk-v2,Relative heat-health impact ranking; not a predicted death count,WorldPop exposure included; demographic and health-outcome calibration pending
268,MUSTAFABAD,2026-08-28,34.2,26.5,30.52,74.67,93,2.07,763.0,40.06,30.4,28.36,41.15,68.66,13,0,26.5,2026-08-28T13:00,96023,74534.66,82.12,True,1,33.33,61.63,High,ORANGE,#E67E22,Activate the local heat action plan; open cooling centres; shift strenuous outdoor work away from afternoon hours; alert hospitals for a possible heat-illness surge.,True,True,True,True,provisional-impact-risk-v2,Relative heat-health impact ranking; not a predicted death count,WorldPop exposure included; demographic and health-outcome calibration pending
268,MUSTAFABAD,2026-08-29,34.6,26.9,30.92,68.46,80,2.16,843.0,40.89,30.97,28.15,43.13,73.81,14,0,26.9,2026-08-29T13:00,96023,74534.66,82.12,True,2,66.67,68.71,High,ORANGE,#E67E22,Activate the local heat action plan; open cooling centres; shift strenuous outdoor work away from afternoon hours; alert hospitals for a possible heat-illness surge.,True,True,True,True,provisional-impact-risk-v2,Relative heat-health impact ranking; not a predicted death count,WorldPop exposure included; demographic and health-outcome calibration pending
268,MUSTAFABAD,2026-08-30,35.0,27.5,31.32,66.12,83,1.89,786.0,41.48,31.13,28.26,42.68,74.3,15,1,27.5,2026-08-30T14:00,96023,74534.66,82.12,True,3,100.0,71.64,High,ORANGE,#E67E22,Activate the local heat action plan; open cooling centres; shift strenuous outdoor work away from afternoon hours; alert hospitals for a possible heat-illness surge.,True,True,True,True,provisional-impact-risk-v2,Relative heat-health impact ranking; not a predicted death count,WorldPop exposure included; demographic and health-outcome calibration pending
268,MUSTAFABAD,2026-08-31,35.2,27.9,31.19,66.04,89,1.64,817.0,41.15,31.03,28.09,43.17,73.97,9,1,27.9,2026-08-31T14:00,96023,74534.66,82.12,True,4,100.0,71.33,High,ORANGE,#E67E22,Activate the local heat action plan; open cooling centres; shift strenuous outdoor work away from afternoon hours; alert hospitals for a possible heat-illness surge.,True,True,True,True,provisional-impact-risk-v2,Relative heat-health impact ranking; not a predicted death count,WorldPop exposure included; demographic and health-outcome calibration pending
268,MUSTAFABAD,2026-09-01,33.7,27.3,29.78,77.71,94,1.3,771.0,40.19,30.74,28.06,42.07,71.35,9,0,27.3,2026-09-01T13:00,96023,74534.66,82.12,True,5,100.0,68.8,High,ORANGE,#E67E22,Activate the local heat action plan; open cooling centres; shift strenuous outdoor work away from afternoon hours; alert hospitals for a possible heat-illness surge.,True,True,True,True,provisional-impact-risk-v2,Relative heat-health impact ranking; not a predicted death count,WorldPop exposure included; demographic and health-outcome calibration pending
269,KHAJOORI KHAS,2026-08-28,34.2,26.5,30.52,74.67,93,2.07,763.0,40.06,30.4,28.36,41.15,68.66,13,0,26.5,2026-08-28T13:00,73513,65275.26,76.09,True,1,33.33,60.8,High,ORANGE,#E67E22,Activate the local heat action plan; open cooling centres; shift strenuous outdoor work away from afternoon hours; alert hospitals for a possible heat-illness surge.,True,True,True,True,provisional-impact-risk-v2,Relative heat-health impact ranking; not a predicted death count,WorldPop exposure included; demographic and health-outcome calibration pending
269,KHAJOORI KHAS,2026-08-29,34.6,26.9,30.92,68.46,80,2.16,843.0,40.89,30.97,28.15,43.13,73.81,14,0,26.9,2026-08-29T13:00,73513,65275.26,76.09,True,2,66.67,67.82,High,ORANGE,#E67E22,Activate the local heat action plan; open cooling centres; shift strenuous outdoor work away from afternoon hours; alert hospitals for a possible heat-illness surge.,True,True,True,True,provisional-impact-risk-v2,Relative heat-health impact ranking; not a predicted death count,WorldPop exposure included; demographic and health-outcome calibration pending
269,KHAJOORI KHAS,2026-08-30,35.0,27.5,31.32,66.12,83,1.89,786.0,41.48,31.13,28.26,42.68,74.3,15,1,27.5,2026-08-30T14:00,73513,65275.26,76.09,True,3,100.0,70.74,High,ORANGE,#E67E22,Activate the local heat action plan; open cooling centres; shift strenuous outdoor work away from afternoon hours; alert hospitals for a possible heat-illness surge.,True,True,True,True,provisional-impact-risk-v2,Relative heat-health impact ranking; not a predicted death count,WorldPop exposure included; demographic and health-outcome calibration pending
269,KHAJOORI KHAS,2026-08-31,35.2,27.9,31.19,66.04,89,1.64,817.0,41.15,31.03,28.09,43.17,73.97,9,1,27.9,2026-08-31T14:00,73513,65275.26,76.09,True,4,100.0,70.44,High,ORANGE,#E67E22,Activate the local heat action plan; open cooling centres; shift strenuous outdoor work away from afternoon hours; alert hospitals for a possible heat-illness surge.,True,True,True,True,provisional-impact-risk-v2,Relative heat-health impact ranking; not a predicted death count,WorldPop exposure included; demographic and health-outcome calibration pending
269,KHAJOORI KHAS,2026-09-01,33.7,27.3,29.78,77.71,94,1.3,771.0,40.19,30.74,28.06,42.07,71.35,9,0,27.3,2026-09-01T13:00,73513,65275.26,76.09,True,5,100.0,67.94,High,ORANGE,#E67E22,Activate the local heat action plan; open cooling centres; shift strenuous outdoor work away from afternoon hours; alert hospitals for a possible heat-illness surge.,True,True,True,True,provisional-impact-risk-v2,Relative heat-health impact ranking; not a predicted death count,WorldPop exposure included; demographic and health-outcome calibration pending
27,BEGUMPUR,2026-08-28,34.1,27.9,30.49,74.21,90,2.16,770.0,40.18,30.55,28.32,41.71,70.08,11,0,27.9,2026-08-28T13:00,218725,4697.42,40.0,True,1,33.33,57.0,High,ORANGE,#E67E22,Activate the local heat action plan; open cooling centres; shift strenuous outdoor work away from afternoon hours; alert hospitals for a possible heat-illness surge.,True,True,True,True,provisional-impact-risk-v2,Relative heat-health impact ranking; not a predicted death count,WorldPop exposure included; demographic and health-outcome calibration pending
27,BEGUMPUR,2026-08-29,33.9,26.6,30.18,73.08,81,2.26,849.0,41.63,31.34,27.97,43.15,75.75,12,3,26.6,2026-08-29T13:00,218725,4697.42,40.0,True,2,66.67,64.14,High,ORANGE,#E67E22,Activate the local heat action plan; open cooling centres; shift strenuous outdoor work away from afternoon hours; alert hospitals for a possible heat-illness surge.,True,True,True,True,provisional-impact-risk-v2,Relative heat-health impact ranking; not a predicted death count,WorldPop exposure included; demographic and health-outcome calibration pending
27,BEGUMPUR,2026-08-30,34.0,26.8,30.4,72.21,81,1.83,817.0,42.02,31.45,28.13,42.96,75.96,13,3,26.8,2026-08-30T13:00,218725,4697.42,40.0,True,3,100.0,66.85,High,ORANGE,#E67E22,Activate the local heat action plan; open cooling centres; shift strenuous outdoor work away from afternoon hours; alert hospitals for a possible heat-illness surge.,True,True,True,True,provisional-impact-risk-v2,Relative heat-health impact ranking; not a predicted death count,WorldPop exposure included; demographic and health-outcome calibration pending
27,BEGUMPUR,2026-08-31,33.4,26.6,30.01,72.33,87,1.48,788.0,40.52,30.99,27.73,42.21,72.74,9,0,26.6,2026-08-31T13:00,218725,4697.42,40.0,True,4,100.0,64.01,High,ORANGE,#E67E22,Activate the local heat action plan; open cooling centres; shift strenuous outdoor work away from afternoon hours; alert hospitals for a possible heat-illness surge.,True,True,True,True,provisional-impact-risk-v2,Relative heat-health impact ranking; not a predicted death count,WorldPop exposure included; demographic and health-outcome calibration pending
27,BEGUMPUR,2026-09-01,32.6,26.5,28.78,77.25,94,1.4,793.0,40.28,30.83,27.1,41.7,71.29,7,0,26.5,2026-09-01T13:00,218725,4697.42,40.0,True,5,100.0,62.73,High,ORANGE,#E67E22,Activate the local heat action plan; open cooling centres; shift strenuous outdoor work away from afternoon hours; alert hospitals for a possible heat-illness surge.,True,True,True,True,provisional-impact-risk-v2,Relative heat-health impact ranking; not a predicted death count,WorldPop exposure included; demographic and health-outcome calibration pending
270,TUKHMIR PUR,2026-08-28,34.2,26.5,30.52,74.67,93,2.07,763.0,40.06,30.4,28.36,41.15,68.66,13,0,26.5,2026-08-28T13:00,33834,70355.58,65.48,True,1,33.33,59.35,High,ORANGE,#E67E22,Activate the local heat action plan; open cooling centres; shift strenuous outdoor work away from afternoon hours; alert hospitals for a possible heat-illness surge.,True,True,True,True,provisional-impact-risk-v2,Relative heat-health impact ranking; not a predicted death count,WorldPop exposure included; demographic and health-outcome calibration pending
270,TUKHMIR PUR,2026-08-29,34.6,26.9,30.92,68.46,80,2.16,843.0,40.89,30.97,28.15,43.13,73.81,14,0,26.9,2026-08-29T13:00,33834,70355.58,65.48,True,2,66.67,66.25,High,ORANGE,#E67E22,Activate the local heat action plan; open cooling centres; shift strenuous outdoor work away from afternoon hours; alert hospitals for a possible heat-illness surge.,True,True,True,True,provisional-impact-risk-v2,Relative heat-health impact ranking; not a predicted death count,WorldPop exposure included; demographic and health-outcome calibration pending
270,TUKHMIR PUR,2026-08-30,35.0,27.5,31.32,66.12,83,1.89,786.0,41.48,31.13,28.26,42.68,74.3,15,1,27.5,2026-08-30T14:00,33834,70355.58,65.48,True,3,100.0,69.17,High,ORANGE,#E67E22,Activate the local heat action plan; open cooling centres; shift strenuous outdoor work away from afternoon hours; alert hospitals for a possible heat-illness surge.,True,True,True,True,provisional-impact-risk-v2,Relative heat-health impact ranking; not a predicted death count,WorldPop exposure included; demographic and health-outcome calibration pending
270,TUKHMIR PUR,2026-08-31,35.2,27.9,31.19,66.04,89,1.64,817.0,41.15,31.03,28.09,43.17,73.97,9,1,27.9,2026-08-31T14:00,33834,70355.58,65.48,True,4,100.0,68.87,High,ORANGE,#E67E22,Activate the local heat action plan; open cooling centres; shift strenuous outdoor work away from afternoon hours; alert hospitals for a possible heat-illness surge.,True,True,True,True,provisional-impact-risk-v2,Relative heat-health impact ranking; not a predicted death count,WorldPop exposure included; demographic and health-outcome calibration pending
270,TUKHMIR PUR,2026-09-01,33.7,27.3,29.78,77.71,94,1.3,771.0,40.19,30.74,28.06,42.07,71.35,9,0,27.3,2026-09-01T13:00,33834,70355.58,65.48,True,5,100.0,66.43,High,ORANGE,#E67E22,Activate the local heat action plan; open cooling centres; shift strenuous outdoor work away from afternoon hours; alert hospitals for a possible heat-illness surge.,True,True,True,True,provisional-impact-risk-v2,Relative heat-health impact ranking; not a predicted death count,WorldPop exposure included; demographic and health-outcome calibration pending
271,KARAWAL NAGAR WEST,2026-08-28,34.2,26.5,30.52,74.67,93,2.07,763.0,40.06,30.4,28.36,41.15,68.66,13,0,26.5,2026-08-28T13:00,108660,52147.62,79.35,True,1,33.33,61.25,High,ORANGE,#E67E22,Activate the local heat action plan; open cooling centres; shift strenuous outdoor work away from afternoon hours; alert hospitals for a possible heat-illness surge.,True,True,True,True,provisional-impact-risk-v2,Relative heat-health impact ranking; not a predicted death count,WorldPop exposure included; demographic and health-outcome calibration pending
271,KARAWAL NAGAR WEST,2026-08-29,34.6,26.9,30.92,68.46,80,2.16,843.0,40.89,30.97,28.15,43.13,73.81,14,0,26.9,2026-08-29T13:00,108660,52147.62,79.35,True,2,66.67,68.3,High,ORANGE,#E67E22,Activate the local heat action plan; open cooling centres; shift strenuous outdoor work away from afternoon hours; alert hospitals for a possible heat-illness surge.,True,True,True,True,provisional-impact-risk-v2,Relative heat-health impact ranking; not a predicted death count,WorldPop exposure included; demographic and health-outcome calibration pending
271,KARAWAL NAGAR WEST,2026-08-30,35.0,27.5,31.32,66.12,83,1.89,786.0,41.48,31.13,28.26,42.68,74.3,15,1,27.5,2026-08-30T14:00,108660,52147.62,79.35,True,3,100.0,71.23,High,ORANGE,#E67E22,Activate the local heat action plan; open cooling centres; shift strenuous outdoor work away from afternoon hours; alert hospitals for a possible heat-illness surge.,True,True,True,True,provisional-impact-risk-v2,Relative heat-health impact ranking; not a predicted death count,WorldPop exposure included; demographic and health-outcome calibration pending
271,KARAWAL NAGAR WEST,2026-08-31,35.2,27.9,31.19,66.04,89,1.64,817.0,41.15,31.03,28.09,43.17,73.97,9,1,27.9,2026-08-31T14:00,108660,52147.62,79.35,True,4,100.0,70.92,High,ORANGE,#E67E22,Activate the local heat action plan; open cooling centres; shift strenuous outdoor work away from afternoon hours; alert hospitals for a possible heat-illness surge.,True,True,True,True,provisional-impact-risk-v2,Relative heat-health impact ranking; not a predicted death count,WorldPop exposure included; demographic and health-outcome calibration pending
271,KARAWAL NAGAR WEST,2026-09-01,33.7,27.3,29.78,77.71,94,1.3,771.0,40.19,30.74,28.06,42.07,71.35,9,0,27.3,2026-09-01T13:00,108660,52147.62,79.35,True,5,100.0,68.41,High,ORANGE,#E67E22,Activate the local heat action plan; open cooling centres; shift strenuous outdoor work away from afternoon hours; alert hospitals for a possible heat-illness surge.,True,True,True,True,provisional-impact-risk-v2,Relative heat-health impact ranking; not a predicted death count,WorldPop exposure included; demographic and health-outcome calibration pending
272,SONIA VIHAR,2026-08-28,34.2,26.5,30.52,74.67,93,2.07,763.0,40.06,30.4,28.36,41.15,68.66,13,0,26.5,2026-08-28T13:00,161026,23756.45,60.74,True,1,33.33,58.7,High,ORANGE,#E67E22,Activate the local heat action plan; open cooling centres; shift strenuous outdoor work away from afternoon hours; alert hospitals for a possible heat-illness surge.,True,True,True,True,provisional-impact-risk-v2,Relative heat-health impact ranking; not a predicted death count,WorldPop exposure included; demographic and health-outcome calibration pending
272,SONIA VIHAR,2026-08-29,34.6,26.9,30.92,68.46,80,2.16,843.0,40.89,30.97,28.15,43.13,73.81,14,0,26.9,2026-08-29T13:00,161026,23756.45,60.74,True,2,66.67,65.55,High,ORANGE,#E67E22,Activate the local heat action plan; open cooling centres; shift strenuous outdoor work away from afternoon hours; alert hospitals for a possible heat-illness surge.,True,True,True,True,provisional-impact-risk-v2,Relative heat-health impact ranking; not a predicted death count,WorldPop exposure included; demographic and health-outcome calibration pending
272,SONIA VIHAR,2026-08-30,35.0,27.5,31.32,66.12,83,1.89,786.0,41.48,31.13,28.26,42.68,74.3,15,1,27.5,2026-08-30T14:00,161026,23756.45,60.74,True,3,100.0,68.46,High,ORANGE,#E67E22,Activate the local heat action plan; open cooling centres; shift strenuous outdoor work away from afternoon hours; alert hospitals for a possible heat-illness surge.,True,True,True,True,provisional-impact-risk-v2,Relative heat-health impact ranking; not a predicted death count,WorldPop exposure included; demographic and health-outcome calibration pending
272,SONIA VIHAR,2026-08-31,35.2,27.9,31.19,66.04,89,1.64,817.0,41.15,31.03,28.09,43.17,73.97,9,1,27.9,2026-08-31T14:00,161026,23756.45,60.74,True,4,100.0,68.16,High,ORANGE,#E67E22,Activate the local heat action plan; open cooling centres; shift strenuous outdoor work away from afternoon hours; alert hospitals for a possible heat-illness surge.,True,True,True,True,provisional-impact-risk-v2,Relative heat-health impact ranking; not a predicted death count,WorldPop exposure included; demographic and health-outcome calibration pending
272,SONIA VIHAR,2026-09-01,33.7,27.3,29.78,77.71,94,1.3,771.0,40.19,30.74,28.06,42.07,71.35,9,0,27.3,2026-09-01T13:00,161026,23756.45,60.74,True,5,100.0,65.75,High,ORANGE,#E67E22,Activate the local heat action plan; open cooling centres; shift strenuous outdoor work away from afternoon hours; alert hospitals for a possible heat-illness surge.,True,True,True,True,provisional-impact-risk-v2,Relative heat-health impact ranking; not a predicted death count,WorldPop exposure included; demographic and health-outcome calibration pending
28,BAWANA,2026-08-28,34.1,27.9,30.49,74.21,90,2.16,770.0,40.18,30.55,28.32,41.71,70.08,11,0,27.9,2026-08-28T13:00,203777,3601.67,40.0,True,1,33.33,57.0,High,ORANGE,#E67E22,Activate the local heat action plan; open cooling centres; shift strenuous outdoor work away from afternoon hours; alert hospitals for a possible heat-illness surge.,True,True,True,True,provisional-impact-risk-v2,Relative heat-health impact ranking; not a predicted death count,WorldPop exposure included; demographic and health-outcome calibration pending
28,BAWANA,2026-08-29,33.9,26.6,30.18,73.08,81,2.26,849.0,41.63,31.34,27.97,43.15,75.75,12,3,26.6,2026-08-29T13:00,203777,3601.67,40.0,True,2,66.67,64.14,High,ORANGE,#E67E22,Activate the local heat action plan; open cooling centres; shift strenuous outdoor work away from afternoon hours; alert hospitals for a possible heat-illness surge.,True,True,True,True,provisional-impact-risk-v2,Relative heat-health impact ranking; not a predicted death count,WorldPop exposure included; demographic and health-outcome calibration pending
28,BAWANA,2026-08-30,34.0,26.8,30.4,72.21,81,1.83,817.0,42.02,31.45,28.13,42.96,75.96,13,3,26.8,2026-08-30T13:00,203777,3601.67,40.0,True,3,100.0,66.85,High,ORANGE,#E67E22,Activate the local heat action plan; open cooling centres; shift strenuous outdoor work away from afternoon hours; alert hospitals for a possible heat-illness surge.,True,True,True,True,provisional-impact-risk-v2,Relative heat-health impact ranking; not a predicted death count,WorldPop exposure included; demographic and health-outcome calibration pending
28,BAWANA,2026-08-31,33.4,26.6,30.01,72.33,87,1.48,788.0,40.52,30.99,27.73,42.21,72.74,9,0,26.6,2026-08-31T13:00,203777,3601.67,40.0,True,4,100.0,64.01,High,ORANGE,#E67E22,Activate the local heat action plan; open cooling centres; shift strenuous outdoor work away from afternoon hours; alert hospitals for a possible heat-illness surge.,True,True,True,True,provisional-impact-risk-v2,Relative heat-health impact ranking; not a predicted death count,WorldPop exposure included; demographic and health-outcome calibration pending
28,BAWANA,2026-09-01,32.6,26.5,28.78,77.25,94,1.4,793.0,40.28,30.83,27.1,41.7,71.29,7,0,26.5,2026-09-01T13:00,203777,3601.67,40.0,True,5,100.0,62.73,High,ORANGE,#E67E22,Activate the local heat action plan; open cooling centres; shift strenuous outdoor work away from afternoon hours; alert hospitals for a possible heat-illness surge.,True,True,True,True,provisional-impact-risk-v2,Relative heat-health impact ranking; not a predicted death count,WorldPop exposure included; demographic and health-outcome calibration pending
29,KARALA,2026-08-28,34.4,28.2,30.77,71.21,89,2.54,807.0,41.07,30.64,28.25,42.43,71.32,11,0,28.2,2026-08-28T13:00,256007,6783.31,41.74,True,1,33.33,58.26,High,ORANGE,#E67E22,Activate the local heat action plan; open cooling centres; shift strenuous outdoor work away from afternoon hours; alert hospitals for a possible heat-illness surge.,True,True,True,True,provisional-impact-risk-v2,Relative heat-health impact ranking; not a predicted death count,WorldPop exposure included; demographic and health-outcome calibration pending
29,KARALA,2026-08-29,34.2,26.6,30.32,71.25,80,2.34,852.0,41.48,31.2,27.9,43.15,75.08,12,3,26.6,2026-08-29T13:00,256007,6783.31,41.74,True,2,66.67,63.83,High,ORANGE,#E67E22,Activate the local heat action plan; open cooling centres; shift strenuous outdoor work away from afternoon hours; alert hospitals for a possible heat-illness surge.,True,True,True,True,provisional-impact-risk-v2,Relative heat-health impact ranking; not a predicted death count,WorldPop exposure included; demographic and health-outcome calibration pending
29,KARALA,2026-08-30,34.4,26.9,30.47,70.58,79,2.07,818.0,42.16,31.46,28.0,43.3,76.4,12,3,26.9,2026-08-30T13:00,256007,6783.31,41.74,True,3,100.0,67.49,High,ORANGE,#E67E22,Activate the local heat action plan; open cooling centres; shift strenuous outdoor work away from afternoon hours; alert hospitals for a possible heat-illness surge.,True,True,True,True,provisional-impact-risk-v2,Relative heat-health impact ranking; not a predicted death count,WorldPop exposure included; demographic and health-outcome calibration pending
29,KARALA,2026-08-31,33.8,26.7,30.15,70.0,84,1.67,807.0,40.31,30.99,27.61,42.59,73.14,9,0,26.7,2026-08-31T13:00,256007,6783.31,41.74,True,4,100.0,64.62,High,ORANGE,#E67E22,Activate the local heat action plan; open cooling centres; shift strenuous outdoor work away from afternoon hours; alert hospitals for a possible heat-illness surge.,True,True,True,True,provisional-impact-risk-v2,Relative heat-health impact ranking; not a predicted death count,WorldPop exposure included; demographic and health-outcome calibration pending
29,KARALA,2026-09-01,33.3,26.2,29.15,74.12,91,1.61,804.0,39.55,30.52,27.11,41.92,69.74,7,0,26.2,2026-09-01T13:00,256007,6783.31,41.74,True,5,100.0,61.62,High,ORANGE,#E67E22,Activate the local heat action plan; open cooling centres; shift strenuous outdoor work away from afternoon hours; alert hospitals for a possible heat-illness surge.,True,True,True,True,provisional-impact-risk-v2,Relative heat-health impact ranking; not a predicted death count,WorldPop exposure included; demographic and health-outcome calibration pending
3,ALIPUR,2026-08-28,33.9,27.5,30.45,75.0,91,1.99,765.0,39.94,30.31,28.35,40.97,67.89,11,0,27.5,2026-08-28T13:00,211386,4311.88,40.0,True,1,33.33,55.22,High,ORANGE,#E67E22,Activate the local heat action plan; open cooling centres; shift strenuous outdoor work away from afternoon hours; alert hospitals for a possible heat-illness surge.,True,True,True,True,provisional-impact-risk-v2,Relative heat-health impact ranking; not a predicted death count,WorldPop exposure included; demographic and health-outcome calibration pending
3,ALIPUR,2026-08-29,33.8,26.7,30.35,72.33,81,2.13,848.0,41.63,31.27,28.07,43.05,75.27,14,2,26.7,2026-08-29T13:00,211386,4311.88,40.0,True,2,66.67,63.72,High,ORANGE,#E67E22,Activate the local heat action plan; open cooling centres; shift strenuous outdoor work away from afternoon hours; alert hospitals for a possible heat-illness surge.,True,True,True,True,provisional-impact-risk-v2,Relative heat-health impact ranking; not a predicted death count,WorldPop exposure included; demographic and health-outcome calibration pending
3,ALIPUR,2026-08-30,33.9,27.0,30.62,71.25,81,1.73,810.0,41.9,31.32,28.23,42.63,74.95,14,3,27.0,2026-08-30T13:00,211386,4311.88,40.0,True,3,100.0,65.95,High,ORANGE,#E67E22,Activate the local heat action plan; open cooling centres; shift strenuous outdoor work away from afternoon hours; alert hospitals for a possible heat-illness surge.,True,True,True,True,provisional-impact-risk-v2,Relative heat-health impact ranking; not a predicted death count,WorldPop exposure included; demographic and health-outcome calibration pending
3,ALIPUR,2026-08-31,33.6,26.9,30.21,73.33,87,1.41,795.0,40.7,30.97,28.04,42.29,72.71,11,0,26.9,2026-08-31T13:00,211386,4311.88,40.0,True,4,100.0,63.99,High,ORANGE,#E67E22,Activate the local heat action plan; open cooling centres; shift strenuous outdoor work away from afternoon hours; alert hospitals for a possible heat-illness surge.,True,True,True,True,provisional-impact-risk-v2,Relative heat-health impact ranking; not a predicted death count,WorldPop exposure included; demographic and health-outcome calibration pending
3,ALIPUR,2026-09-01,32.4,27.1,29.16,80.92,93,1.22,784.0,40.46,30.7,27.85,41.46,70.34,9,0,27.1,2026-09-01T13:00,211386,4311.88,40.0,True,5,100.0,61.9,High,ORANGE,#E67E22,Activate the local heat action plan; open cooling centres; shift strenuous outdoor work away from afternoon hours; alert hospitals for a possible heat-illness surge.,True,True,True,True,provisional-impact-risk-v2,Relative heat-health impact ranking; not a predicted death count,WorldPop exposure included; demographic and health-outcome calibration pending
30,MUNDAKA,2026-08-28,34.4,28.1,30.87,70.29,88,2.48,811.0,41.22,30.67,28.26,42.56,71.62,11,0,28.1,2026-08-28T13:00,427596,8064.29,43.21,True,1,33.33,58.71,High,ORANGE,#E67E22,Activate the local heat action plan; open cooling centres; shift strenuous outdoor work away from afternoon hours; alert hospitals for a possible heat-illness surge.,True,True,True,True,provisional-impact-risk-v2,Relative heat-health impact ranking; not a predicted death count,WorldPop exposure included; demographic and health-outcome calibration pending
30,MUNDAKA,2026-08-29,34.2,26.7,30.4,70.46,79,2.17,850.0,41.69,31.31,27.89,43.32,75.81,12,3,26.7,2026-08-29T13:00,427596,8064.29,43.21,True,2,66.67,64.67,High,ORANGE,#E67E22,Activate the local heat action plan; open cooling centres; shift strenuous outdoor work away from afternoon hours; alert hospitals for a possible heat-illness surge.,True,True,True,True,provisional-impact-risk-v2,Relative heat-health impact ranking; not a predicted death count,WorldPop exposure included; demographic and health-outcome calibration pending
30,MUNDAKA,2026-08-30,34.5,27.1,30.62,69.58,79,1.99,819.0,42.01,31.55,28.03,43.46,77.04,12,3,27.1,2026-08-30T13:00,427596,8064.29,43.21,True,3,100.0,68.29,High,ORANGE,#E67E22,Activate the local heat action plan; open cooling centres; shift strenuous outdoor work away from afternoon hours; alert hospitals for a possible heat-illness surge.,True,True,True,True,provisional-impact-risk-v2,Relative heat-health impact ranking; not a predicted death count,WorldPop exposure included; demographic and health-outcome calibration pending
30,MUNDAKA,2026-08-31,33.9,26.8,30.34,69.33,84,1.64,825.0,40.44,31.08,27.72,42.89,73.94,10,1,26.8,2026-08-31T13:00,427596,8064.29,43.21,True,4,100.0,65.54,High,ORANGE,#E67E22,Activate the local heat action plan; open cooling centres; shift strenuous outdoor work away from afternoon hours; alert hospitals for a possible heat-illness surge.,True,True,True,True,provisional-impact-risk-v2,Relative heat-health impact ranking; not a predicted death count,WorldPop exposure included; demographic and health-outcome calibration pending
30,MUNDAKA,2026-09-01,33.5,26.3,29.63,72.42,88,1.4,807.0,39.41,30.51,27.4,42.0,69.75,8,0,26.3,2026-09-01T13:00,427596,8064.29,43.21,True,5,100.0,61.83,High,ORANGE,#E67E22,Activate the local heat action plan; open cooling centres; shift strenuous outdoor work away from afternoon hours; alert hospitals for a possible heat-illness surge.,True,True,True,True,provisional-impact-risk-v2,Relative heat-health impact ranking; not a predicted death count,WorldPop exposure included; demographic and health-outcome calibration pending
31,NANGLOI JAT WEST,2026-08-28,34.4,28.0,30.78,72.46,93,2.06,774.0,40.54,30.52,28.4,42.17,70.36,13,0,28.0,2026-08-28T13:00,37101,19249.25,22.41,True,1,33.33,54.75,High,ORANGE,#E67E22,Activate the local heat action plan; open cooling centres; shift strenuous outdoor work away from afternoon hours; alert hospitals for a possible heat-illness surge.,True,True,True,True,provisional-impact-risk-v2,Relative heat-health impact ranking; not a predicted death count,WorldPop exposure included; demographic and health-outcome calibration pending
31,NANGLOI JAT WEST,2026-08-29,34.3,26.6,30.5,70.75,80,2.1,849.0,41.33,31.17,28.02,43.28,75.03,13,2,26.6,2026-08-29T13:00,37101,19249.25,22.41,True,2,66.67,60.89,High,ORANGE,#E67E22,Activate the local heat action plan; open cooling centres; shift strenuous outdoor work away from afternoon hours; alert hospitals for a possible heat-illness surge.,True,True,True,True,provisional-impact-risk-v2,Relative heat-health impact ranking; not a predicted death count,WorldPop exposure included; demographic and health-outcome calibration pending
31,NANGLOI JAT WEST,2026-08-30,34.5,27.1,30.8,69.29,78,1.8,806.0,41.85,31.4,28.17,43.1,75.86,13,3,27.1,2026-08-30T13:00,37101,19249.25,22.41,True,3,100.0,64.09,High,ORANGE,#E67E22,Activate the local heat action plan; open cooling centres; shift strenuous outdoor work away from afternoon hours; alert hospitals for a possible heat-illness surge.,True,True,True,True,provisional-impact-risk-v2,Relative heat-health impact ranking; not a predicted death count,WorldPop exposure included; demographic and health-outcome calibration pending
31,NANGLOI JAT WEST,2026-08-31,34.2,26.9,30.6,67.88,79,1.57,810.0,40.31,31.01,27.8,42.79,73.48,12,1,26.9,2026-08-31T13:00,37101,19249.25,22.41,True,4,100.0,62.08,High,ORANGE,#E67E22,Activate the local heat action plan; open cooling centres; shift strenuous outdoor work away from afternoon hours; alert hospitals for a possible heat-illness surge.,True,True,True,True,provisional-impact-risk-v2,Relative heat-health impact ranking; not a predicted death count,WorldPop exposure included; demographic and health-outcome calibration pending
31,NANGLOI JAT WEST,2026-09-01,33.5,27.0,29.75,72.83,90,1.39,794.0,39.81,30.64,27.54,42.06,70.67,8,0,27.0,2026-09-01T13:00,37101,19249.25,22.41,True,5,100.0,59.71,High,ORANGE,#E67E22,Activate the local heat action plan; open cooling centres; shift strenuous outdoor work away from afternoon hours; alert hospitals for a possible heat-illness surge.,True,True,True,True,provisional-impact-risk-v2,Relative heat-health impact ranking; not a predicted death count,WorldPop exposure included; demographic and health-outcome calibration pending
32,NILOTHI,2026-08-28,34.6,27.0,30.94,70.71,95,2.25,789.0,40.55,30.53,28.35,42.43,70.68,12,0,27.0,2026-08-28T13:00,86141,21378.12,37.98,True,1,33.33,57.2,High,ORANGE,#E67E22,Activate the local heat action plan; open cooling centres; shift strenuous outdoor work away from afternoon hours; alert hospitals for a possible heat-illness surge.,True,True,True,True,provisional-impact-risk-v2,Relative heat-health impact ranking; not a predicted death count,WorldPop exposure included; demographic and health-outcome calibration pending
32,NILOTHI,2026-08-29,34.9,26.7,30.94,67.21,79,2.22,848.0,40.83,31.18,28.01,43.64,75.49,13,2,26.7,2026-08-29T13:00,86141,21378.12,37.98,True,2,66.67,63.61,High,ORANGE,#E67E22,Activate the local heat action plan; open cooling centres; shift strenuous outdoor work away from afternoon hours; alert hospitals for a possible heat-illness surge.,True,True,True,True,provisional-impact-risk-v2,Relative heat-health impact ranking; not a predicted death count,WorldPop exposure included; demographic and health-outcome calibration pending
32,NILOTHI,2026-08-30,35.5,27.4,31.5,63.46,76,2.09,803.0,41.64,31.28,28.12,43.48,75.76,14,2,27.4,2026-08-30T14:00,86141,21378.12,37.98,True,3,100.0,66.36,High,ORANGE,#E67E22,Activate the local heat action plan; open cooling centres; shift strenuous outdoor work away from afternoon hours; alert hospitals for a possible heat-illness surge.,True,True,True,True,provisional-impact-risk-v2,Relative heat-health impact ranking; not a predicted death count,WorldPop exposure included; demographic and health-outcome calibration pending
32,NILOTHI,2026-08-31,35.3,27.5,31.49,60.79,74,1.85,824.0,40.6,31.11,27.8,43.59,74.89,11,1,27.5,2026-08-31T13:00,86141,21378.12,37.98,True,4,100.0,65.6,High,ORANGE,#E67E22,Activate the local heat action plan; open cooling centres; shift strenuous outdoor work away from afternoon hours; alert hospitals for a possible heat-illness surge.,True,True,True,True,provisional-impact-risk-v2,Relative heat-health impact ranking; not a predicted death count,WorldPop exposure included; demographic and health-outcome calibration pending
32,NILOTHI,2026-09-01,34.7,27.7,30.73,66.17,84,1.51,798.0,39.6,30.58,27.72,42.75,71.1,8,0,27.7,2026-09-01T13:00,86141,21378.12,37.98,True,5,100.0,62.28,High,ORANGE,#E67E22,Activate the local heat action plan; open cooling centres; shift strenuous outdoor work away from afternoon hours; alert hospitals for a possible heat-illness surge.,True,True,True,True,provisional-impact-risk-v2,Relative heat-health impact ranking; not a predicted death count,WorldPop exposure included; demographic and health-outcome calibration pending
33,PREM NAGAR,2026-08-28,34.4,28.0,30.78,72.46,93,2.06,774.0,40.54,30.52,28.4,42.17,70.36,13,0,28.0,2026-08-28T13:00,19595,24838.38,24.15,True,1,33.33,55.0,High,ORANGE,#E67E22,Activate the local heat action plan; open cooling centres; shift strenuous outdoor work away from afternoon hours; alert hospitals for a possible heat-illness surge.,True,True,True,True,provisional-impact-risk-v2,Relative heat-health impact ranking; not a predicted death count,WorldPop exposure included; demographic and health-outcome calibration pending
33,PREM NAGAR,2026-08-29,34.3,26.6,30.5,70.75,80,2.1,849.0,41.33,31.17,28.02,43.28,75.03,13,2,26.6,2026-08-29T13:00,19595,24838.38,24.15,True,2,66.67,61.15,High,ORANGE,#E67E22,Activate the local heat action plan; open cooling centres; shift strenuous outdoor work away from afternoon hours; alert hospitals for a possible heat-illness surge.,True,True,True,True,provisional-impact-risk-v2,Relative heat-health impact ranking; not a predicted death count,WorldPop exposure included; demographic and health-outcome calibration pending
33,PREM NAGAR,2026-08-30,34.5,27.1,30.8,69.29,78,1.8,806.0,41.85,31.4,28.17,43.1,75.86,13,3,27.1,2026-08-30T13:00,19595,24838.38,24.15,True,3,100.0,64.35,High,ORANGE,#E67E22,Activate the local heat action plan; open cooling centres; shift strenuous outdoor work away from afternoon hours; alert hospitals for a possible heat-illness surge.,True,True,True,True,provisional-impact-risk-v2,Relative heat-health impact ranking; not a predicted death count,WorldPop exposure included; demographic and health-outcome calibration pending
33,PREM NAGAR,2026-08-31,34.2,26.9,30.6,67.88,79,1.57,810.0,40.31,31.01,27.8,42.79,73.48,12,1,26.9,2026-08-31T13:00,19595,24838.38,24.15,True,4,100.0,62.33,High,ORANGE,#E67E22,Activate the local heat action plan; open cooling centres; shift strenuous outdoor work away from afternoon hours; alert hospitals for a possible heat-illness surge.,True,True,True,True,provisional-impact-risk-v2,Relative heat-health impact ranking; not a predicted death count,WorldPop exposure included; demographic and health-outcome calibration pending
33,PREM NAGAR,2026-09-01,33.5,27.0,29.75,72.83,90,1.39,794.0,39.81,30.64,27.54,42.06,70.67,8,0,27.0,2026-09-01T13:00,19595,24838.38,24.15,True,5,100.0,59.95,High,ORANGE,#E67E22,Activate the local heat action plan; open cooling centres; shift strenuous outdoor work away from afternoon hours; alert hospitals for a possible heat-illness surge.,True,True,True,True,provisional-impact-risk-v2,Relative heat-health impact ranking; not a predicted death count,WorldPop exposure included; demographic and health-outcome calibration pending
34,NITHARI,2026-08-28,34.4,28.0,30.78,72.46,93,2.06,774.0,40.54,30.52,28.4,42.17,70.36,13,0,28.0,2026-08-28T13:00,98257,17432.89,36.69,True,1,33.33,56.76,High,ORANGE,#E67E22,Activate the local heat action plan; open cooling centres; shift strenuous outdoor work away from afternoon hours; alert hospitals for a possible heat-illness surge.,True,True,True,True,provisional-impact-risk-v2,Relative heat-health impact ranking; not a predicted death count,WorldPop exposure included; demographic and health-outcome calibration pending
34,NITHARI,2026-08-29,34.3,26.6,30.5,70.75,80,2.1,849.0,41.33,31.17,28.02,43.28,75.03,13,2,26.6,2026-08-29T13:00,98257,17432.89,36.69,True,2,66.67,63.03,High,ORANGE,#E67E22,Activate the local heat action plan; open cooling centres; shift strenuous outdoor work away from afternoon hours; alert hospitals for a possible heat-illness surge.,True,True,True,True,provisional-impact-risk-v2,Relative heat-health impact ranking; not a predicted death count,WorldPop exposure included; demographic and health-outcome calibration pending
34,NITHARI,2026-08-30,34.5,27.1,30.8,69.29,78,1.8,806.0,41.85,31.4,28.17,43.1,75.86,13,3,27.1,2026-08-30T13:00,98257,17432.89,36.69,True,3,100.0,66.25,High,ORANGE,#E67E22,Activate the local heat action plan; open cooling centres; shift strenuous outdoor work away from afternoon hours; alert hospitals for a possible heat-illness surge.,True,True,True,True,provisional-impact-risk-v2,Relative heat-health impact ranking; not a predicted death count,WorldPop exposure included; demographic and health-outcome calibration pending
34,NITHARI,2026-08-31,34.2,26.9,30.6,67.88,79,1.57,810.0,40.31,31.01,27.8,42.79,73.48,12,1,26.9,2026-08-31T13:00,98257,17432.89,36.69,True,4,100.0,64.18,High,ORANGE,#E67E22,Activate the local heat action plan; open cooling centres; shift strenuous outdoor work away from afternoon hours; alert hospitals for a possible heat-illness surge.,True,True,True,True,provisional-impact-risk-v2,Relative heat-health impact ranking; not a predicted death count,WorldPop exposure included; demographic and health-outcome calibration pending
34,NITHARI,2026-09-01,33.5,27.0,29.75,72.83,90,1.39,794.0,39.81,30.64,27.54,42.06,70.67,8,0,27.0,2026-09-01T13:00,98257,17432.89,36.69,True,5,100.0,61.73,High,ORANGE,#E67E22,Activate the local heat action plan; open cooling centres; shift strenuous outdoor work away from afternoon hours; alert hospitals for a possible heat-illness surge.,True,True,True,True,provisional-impact-risk-v2,Relative heat-health impact ranking; not a predicted death count,WorldPop exposure included; demographic and health-outcome calibration pending
35,KIRARI SULEMAN NAGAR,2026-08-28,34.4,28.0,30.78,72.46,93,2.06,774.0,40.54,30.52,28.4,42.17,70.36,13,0,28.0,2026-08-28T13:00,70620,23710.72,36.51,True,1,33.33,56.74,High,ORANGE,#E67E22,Activate the local heat action plan; open cooling centres; shift strenuous outdoor work away from afternoon hours; alert hospitals for a possible heat-illness surge.,True,True,True,True,provisional-impact-risk-v2,Relative heat-health impact ranking; not a predicted death count,WorldPop exposure included; demographic and health-outcome calibration pending
35,KIRARI SULEMAN NAGAR,2026-08-29,34.3,26.6,30.5,70.75,80,2.1,849.0,41.33,31.17,28.02,43.28,75.03,13,2,26.6,2026-08-29T13:00,70620,23710.72,36.51,True,2,66.67,63.0,High,ORANGE,#E67E22,Activate the local heat action plan; open cooling centres; shift strenuous outdoor work away from afternoon hours; alert hospitals for a possible heat-illness surge.,True,True,True,True,provisional-impact-risk-v2,Relative heat-health impact ranking; not a predicted death count,WorldPop exposure included; demographic and health-outcome calibration pending
35,KIRARI SULEMAN NAGAR,2026-08-30,34.5,27.1,30.8,69.29,78,1.8,806.0,41.85,31.4,28.17,43.1,75.86,13,3,27.1,2026-08-30T13:00,70620,23710.72,36.51,True,3,100.0,66.23,High,ORANGE,#E67E22,Activate the local heat action plan; open cooling centres; shift strenuous outdoor work away from afternoon hours; alert hospitals for a possible heat-illness surge.,True,True,True,True,provisional-impact-risk-v2,Relative heat-health impact ranking; not a predicted death count,WorldPop exposure included; demographic and health-outcome calibration pending
35,KIRARI SULEMAN NAGAR,2026-08-31,34.2,26.9,30.6,67.88,79,1.57,810.0,40.31,31.01,27.8,42.79,73.48,12,1,26.9,2026-08-31T13:00,70620,23710.72,36.51,True,4,100.0,64.15,High,ORANGE,#E67E22,Activate the local heat action plan; open cooling centres; shift strenuous outdoor work away from afternoon hours; alert hospitals for a possible heat-illness surge.,True,True,True,True,provisional-impact-risk-v2,Relative heat-health impact ranking; not a predicted death count,WorldPop exposure included; demographic and health-outcome calibration pending
35,KIRARI SULEMAN NAGAR,2026-09-01,33.5,27.0,29.75,72.83,90,1.39,794.0,39.81,30.64,27.54,42.06,70.67,8,0,27.0,2026-09-01T13:00,70620,23710.72,36.51,True,5,100.0,61.7,High,ORANGE,#E67E22,Activate the local heat action plan; open cooling centres; shift strenuous outdoor work away from afternoon hours; alert hospitals for a possible heat-illness surge.,True,True,True,True,provisional-impact-risk-v2,Relative heat-health impact ranking; not a predicted death count,WorldPop exposure included; demographic and health-outcome calibration pending
36,PRATAP VIHAR,2026-08-28,34.4,28.0,30.78,72.46,93,2.06,774.0,40.54,30.52,28.4,42.17,70.36,13,0,28.0,2026-08-28T13:00,22293,20147.31,19.48,True,1,33.33,54.34,High,ORANGE,#E67E22,Activate the local heat action plan; open cooling centres; shift strenuous outdoor work away from afternoon hours; alert hospitals for a possible heat-illness surge.,True,True,True,True,provisional-impact-risk-v2,Relative heat-health impact ranking; not a predicted death count,WorldPop exposure included; demographic and health-outcome calibration pending
36,PRATAP VIHAR,2026-08-29,34.3,26.6,30.5,70.75,80,2.1,849.0,41.33,31.17,28.02,43.28,75.03,13,2,26.6,2026-08-29T13:00,22293,20147.31,19.48,True,2,66.67,60.45,High,ORANGE,#E67E22,Activate the local heat action plan; open cooling centres; shift strenuous outdoor work away from afternoon hours; alert hospitals for a possible heat-illness surge.,True,True,True,True,provisional-impact-risk-v2,Relative heat-health impact ranking; not a predicted death count,WorldPop exposure included; demographic and health-outcome calibration pending
36,PRATAP VIHAR,2026-08-30,34.5,27.1,30.8,69.29,78,1.8,806.0,41.85,31.4,28.17,43.1,75.86,13,3,27.1,2026-08-30T13:00,22293,20147.31,19.48,True,3,100.0,63.64,High,ORANGE,#E67E22,Activate the local heat action plan; open cooling centres; shift strenuous outdoor work away from afternoon hours; alert hospitals for a possible heat-illness surge.,True,True,True,True,provisional-impact-risk-v2,Relative heat-health impact ranking; not a predicted death count,WorldPop exposure included; demographic and health-outcome calibration pending
36,PRATAP VIHAR,2026-08-31,34.2,26.9,30.6,67.88,79,1.57,810.0,40.31,31.01,27.8,42.79,73.48,12,1,26.9,2026-08-31T13:00,22293,20147.31,19.48,True,4,100.0,61.65,High,ORANGE,#E67E22,Activate the local heat action plan; open cooling centres; shift strenuous outdoor work away from afternoon hours; alert hospitals for a possible heat-illness surge.,True,True,True,True,provisional-impact-risk-v2,Relative heat-health impact ranking; not a predicted death count,WorldPop exposure included; demographic and health-outcome calibration pending
36,PRATAP VIHAR,2026-09-01,33.5,27.0,29.75,72.83,90,1.39,794.0,39.81,30.64,27.54,42.06,70.67,8,0,27.0,2026-09-01T13:00,22293,20147.31,19.48,True,5,100.0,59.29,High,ORANGE,#E67E22,Activate the local heat action plan; open cooling centres; shift strenuous outdoor work away from afternoon hours; alert hospitals for a possible heat-illness surge.,True,True,True,True,provisional-impact-risk-v2,Relative heat-health impact ranking; not a predicted death count,WorldPop exposure included; demographic and health-outcome calibration pending
37,SULTANPURI  EAST,2026-08-28,34.4,28.0,30.78,72.46,93,2.06,774.0,40.54,30.52,28.4,42.17,70.36,13,0,28.0,2026-08-28T13:00,24767,30411.35,31.93,True,1,33.33,56.09,High,ORANGE,#E67E22,Activate the local heat action plan; open cooling centres; shift strenuous outdoor work away from afternoon hours; alert hospitals for a possible heat-illness surge.,True,True,True,True,provisional-impact-risk-v2,Relative heat-health impact ranking; not a predicted death count,WorldPop exposure included; demographic and health-outcome calibration pending
37,SULTANPURI  EAST,2026-08-29,34.3,26.6,30.5,70.75,80,2.1,849.0,41.33,31.17,28.02,43.28,75.03,13,2,26.6,2026-08-29T13:00,24767,30411.35,31.93,True,2,66.67,62.32,High,ORANGE,#E67E22,Activate the local heat action plan; open cooling centres; shift strenuous outdoor work away from afternoon hours; alert hospitals for a possible heat-illness surge.,True,True,True,True,provisional-impact-risk-v2,Relative heat-health impact ranking; not a predicted death count,WorldPop exposure included; demographic and health-outcome calibration pending
37,SULTANPURI  EAST,2026-08-30,34.5,27.1,30.8,69.29,78,1.8,806.0,41.85,31.4,28.17,43.1,75.86,13,3,27.1,2026-08-30T13:00,24767,30411.35,31.93,True,3,100.0,65.53,High,ORANGE,#E67E22,Activate the local heat action plan; open cooling centres; shift strenuous outdoor work away from afternoon hours; alert hospitals for a possible heat-illness surge.,True,True,True,True,provisional-impact-risk-v2,Relative heat-health impact ranking; not a predicted death count,WorldPop exposure included; demographic and health-outcome calibration pending
37,SULTANPURI  EAST,2026-08-31,34.2,26.9,30.6,67.88,79,1.57,810.0,40.31,31.01,27.8,42.79,73.48,12,1,26.9,2026-08-31T13:00,24767,30411.35,31.93,True,4,100.0,63.48,High,ORANGE,#E67E22,Activate the local heat action plan; open cooling centres; shift strenuous outdoor work away from afternoon hours; alert hospitals for a possible heat-illness surge.,True,True,True,True,provisional-impact-risk-v2,Relative heat-health impact ranking; not a predicted death count,WorldPop exposure included; demographic and health-outcome calibration pending
37,SULTANPURI  EAST,2026-09-01,33.5,27.0,29.75,72.83,90,1.39,794.0,39.81,30.64,27.54,42.06,70.67,8,0,27.0,2026-09-01T13:00,24767,30411.35,31.93,True,5,100.0,61.05,High,ORANGE,#E67E22,Activate the local heat action plan; open cooling centres; shift strenuous outdoor work away from afternoon hours; alert hospitals for a possible heat-illness surge.,True,True,True,True,provisional-impact-risk-v2,Relative heat-health impact ranking; not a predicted death count,WorldPop exposure included; demographic and health-outcome calibration pending
38,MANGOL PURI  NORTH,2026-08-28,34.4,28.0,30.78,72.46,93,2.06,774.0,40.54,30.52,28.4,42.17,70.36,13,0,28.0,2026-08-28T13:00,16478,28283.56,27.27,True,1,33.33,55.44,High,ORANGE,#E67E22,Activate the local heat action plan; open cooling centres; shift strenuous outdoor work away from afternoon hours; alert hospitals for a possible heat-illness surge.,True,True,True,True,provisional-impact-risk-v2,Relative heat-health impact ranking; not a predicted death count,WorldPop exposure included; demographic and health-outcome calibration pending
38,MANGOL PURI  NORTH,2026-08-29,34.3,26.6,30.5,70.75,80,2.1,849.0,41.33,31.17,28.02,43.28,75.03,13,2,26.6,2026-08-29T13:00,16478,28283.56,27.27,True,2,66.67,61.62,High,ORANGE,#E67E22,Activate the local heat action plan; open cooling centres; shift strenuous outdoor work away from afternoon hours; alert hospitals for a possible heat-illness surge.,True,True,True,True,provisional-impact-risk-v2,Relative heat-health impact ranking; not a predicted death count,WorldPop exposure included; demographic and health-outcome calibration pending
38,MANGOL PURI  NORTH,2026-08-30,34.5,27.1,30.8,69.29,78,1.8,806.0,41.85,31.4,28.17,43.1,75.86,13,3,27.1,2026-08-30T13:00,16478,28283.56,27.27,True,3,100.0,64.83,High,ORANGE,#E67E22,Activate the local heat action plan; open cooling centres; shift strenuous outdoor work away from afternoon hours; alert hospitals for a possible heat-illness surge.,True,True,True,True,provisional-impact-risk-v2,Relative heat-health impact ranking; not a predicted death count,WorldPop exposure included; demographic and health-outcome calibration pending
38,MANGOL PURI  NORTH,2026-08-31,34.2,26.9,30.6,67.88,79,1.57,810.0,40.31,31.01,27.8,42.79,73.48,12,1,26.9,2026-08-31T13:00,16478,28283.56,27.27,True,4,100.0,62.79,High,ORANGE,#E67E22,Activate the local heat action plan; open cooling centres; shift strenuous outdoor work away from afternoon hours; alert hospitals for a possible heat-illness surge.,True,True,True,True,provisional-impact-risk-v2,Relative heat-health impact ranking; not a predicted death count,WorldPop exposure included; demographic and health-outcome calibration pending
38,MANGOL PURI  NORTH,2026-09-01,33.5,27.0,29.75,72.83,90,1.39,794.0,39.81,30.64,27.54,42.06,70.67,8,0,27.0,2026-09-01T13:00,16478,28283.56,27.27,True,5,100.0,60.39,High,ORANGE,#E67E22,Activate the local heat action plan; open cooling centres; shift strenuous outdoor work away from afternoon hours; alert hospitals for a possible heat-illness surge.,True,True,True,True,provisional-impact-risk-v2,Relative heat-health impact ranking; not a predicted death count,WorldPop exposure included; demographic and health-outcome calibration pending
39,SULTANPUR MAJRA,2026-08-28,34.4,28.0,30.78,72.46,93,2.06,774.0,40.54,30.52,28.4,42.17,70.36,13,0,28.0,2026-08-28T13:00,22268,33285.5,34.56,True,1,33.33,56.46,High,ORANGE,#E67E22,Activate the local heat action plan; open cooling centres; shift strenuous outdoor work away from afternoon hours; alert hospitals for a possible heat-illness surge.,True,True,True,True,provisional-impact-risk-v2,Relative heat-health impact ranking; not a predicted death count,WorldPop exposure included; demographic and health-outcome calibration pending
39,SULTANPUR MAJRA,2026-08-29,34.3,26.6,30.5,70.75,80,2.1,849.0,41.33,31.17,28.02,43.28,75.03,13,2,26.6,2026-08-29T13:00,22268,33285.5,34.56,True,2,66.67,62.71,High,ORANGE,#E67E22,Activate the local heat action plan; open cooling centres; shift strenuous outdoor work away from afternoon hours; alert hospitals for a possible heat-illness surge.,True,True,True,True,provisional-impact-risk-v2,Relative heat-health impact ranking; not a predicted death count,WorldPop exposure included; demographic and health-outcome calibration pending
39,SULTANPUR MAJRA,2026-08-30,34.5,27.1,30.8,69.29,78,1.8,806.0,41.85,31.4,28.17,43.1,75.86,13,3,27.1,2026-08-30T13:00,22268,33285.5,34.56,True,3,100.0,65.93,High,ORANGE,#E67E22,Activate the local heat action plan; open cooling centres; shift strenuous outdoor work away from afternoon hours; alert hospitals for a possible heat-illness surge.,True,True,True,True,provisional-impact-risk-v2,Relative heat-health impact ranking; not a predicted death count,WorldPop exposure included; demographic and health-outcome calibration pending
39,SULTANPUR MAJRA,2026-08-31,34.2,26.9,30.6,67.88,79,1.57,810.0,40.31,31.01,27.8,42.79,73.48,12,1,26.9,2026-08-31T13:00,22268,33285.5,34.56,True,4,100.0,63.86,High,ORANGE,#E67E22,Activate the local heat action plan; open cooling centres; shift strenuous outdoor work away from afternoon hours; alert hospitals for a possible heat-illness surge.,True,True,True,True,provisional-impact-risk-v2,Relative heat-health impact ranking; not a predicted death count,WorldPop exposure included; demographic and health-outcome calibration pending
39,SULTANPUR MAJRA,2026-09-01,33.5,27.0,29.75,72.83,90,1.39,794.0,39.81,30.64,27.54,42.06,70.67,8,0,27.0,2026-09-01T13:00,22268,33285.5,34.56,True,5,100.0,61.42,High,ORANGE,#E67E22,Activate the local heat action plan; open cooling centres; shift strenuous outdoor work away from afternoon hours; alert hospitals for a possible heat-illness surge.,True,True,True,True,provisional-impact-risk-v2,Relative heat-health impact ranking; not a predicted death count,WorldPop exposure included; demographic and health-outcome calibration pending
4,BAKHTAWAR PUR,2026-08-28,33.9,27.5,30.45,75.0,91,1.99,765.0,39.94,30.31,28.35,40.97,67.89,11,0,27.5,2026-08-28T13:00,125152,2319.7,29.91,True,1,33.33,53.85,High,ORANGE,#E67E22,Activate the local heat action plan; open cooling centres; shift strenuous outdoor work away from afternoon hours; alert hospitals for a possible heat-illness surge.,True,True,True,True,provisional-impact-risk-v2,Relative heat-health impact ranking; not a predicted death count,WorldPop exposure included; demographic and health-outcome calibration pending
4,BAKHTAWAR PUR,2026-08-29,33.8,26.7,30.35,72.33,81,2.13,848.0,41.63,31.27,28.07,43.05,75.27,14,2,26.7,2026-08-29T13:00,125152,2319.7,29.91,True,2,66.67,62.21,High,ORANGE,#E67E22,Activate the local heat action plan; open cooling centres; shift strenuous outdoor work away from afternoon hours; alert hospitals for a possible heat-illness surge.,True,True,True,True,provisional-impact-risk-v2,Relative heat-health impact ranking; not a predicted death count,WorldPop exposure included; demographic and health-outcome calibration pending
4,BAKHTAWAR PUR,2026-08-30,33.9,27.0,30.62,71.25,81,1.73,810.0,41.9,31.32,28.23,42.63,74.95,14,3,27.0,2026-08-30T13:00,125152,2319.7,29.91,True,3,100.0,64.44,High,ORANGE,#E67E22,Activate the local heat action plan; open cooling centres; shift strenuous outdoor work away from afternoon hours; alert hospitals for a possible heat-illness surge.,True,True,True,True,provisional-impact-risk-v2,Relative heat-health impact ranking; not a predicted death count,WorldPop exposure included; demographic and health-outcome calibration pending
4,BAKHTAWAR PUR,2026-08-31,33.6,26.9,30.21,73.33,87,1.41,795.0,40.7,30.97,28.04,42.29,72.71,11,0,26.9,2026-08-31T13:00,125152,2319.7,29.91,True,4,100.0,62.52,High,ORANGE,#E67E22,Activate the local heat action plan; open cooling centres; shift strenuous outdoor work away from afternoon hours; alert hospitals for a possible heat-illness surge.,True,True,True,True,provisional-impact-risk-v2,Relative heat-health impact ranking; not a predicted death count,WorldPop exposure included; demographic and health-outcome calibration pending
4,BAKHTAWAR PUR,2026-09-01,32.4,27.1,29.16,80.92,93,1.22,784.0,40.46,30.7,27.85,41.46,70.34,9,0,27.1,2026-09-01T13:00,125152,2319.7,29.91,True,5,100.0,60.48,High,ORANGE,#E67E22,Activate the local heat action plan; open cooling centres; shift strenuous outdoor work away from afternoon hours; alert hospitals for a possible heat-illness surge.,True,True,True,True,provisional-impact-risk-v2,Relative heat-health impact ranking; not a predicted death count,WorldPop exposure included; demographic and health-outcome calibration pending
40,SULTANPURI  SOUTH,2026-08-28,34.4,28.0,30.78,72.46,93,2.06,774.0,40.54,30.52,28.4,42.17,70.36,13,0,28.0,2026-08-28T13:00,24749,28932.66,30.22,True,1,33.33,55.85,High,ORANGE,#E67E22,Activate the local heat action plan; open cooling centres; shift strenuous outdoor work away from afternoon hours; alert hospitals for a possible heat-illness surge.,True,True,True,True,provisional-impact-risk-v2,Relative heat-health impact ranking; not a predicted death count,WorldPop exposure included; demographic and health-outcome calibration pending
40,SULTANPURI  SOUTH,2026-08-29,34.3,26.6,30.5,70.75,80,2.1,849.0,41.33,31.17,28.02,43.28,75.03,13,2,26.6,2026-08-29T13:00,24749,28932.66,30.22,True,2,66.67,62.06,High,ORANGE,#E67E22,Activate the local heat action plan; open cooling centres; shift strenuous outdoor work away from afternoon hours; alert hospitals for a possible heat-illness surge.,True,True,True,True,provisional-impact-risk-v2,Relative heat-health impact ranking; not a predicted death count,WorldPop exposure included; demographic and health-outcome calibration pending
40,SULTANPURI  SOUTH,2026-08-30,34.5,27.1,30.8,69.29,78,1.8,806.0,41.85,31.4,28.17,43.1,75.86,13,3,27.1,2026-08-30T13:00,24749,28932.66,30.22,True,3,100.0,65.27,High,ORANGE,#E67E22,Activate the local heat action plan; open cooling centres; shift strenuous outdoor work away from afternoon hours; alert hospitals for a possible heat-illness surge.,True,True,True,True,provisional-impact-risk-v2,Relative heat-health impact ranking; not a predicted death count,WorldPop exposure included; demographic and health-outcome calibration pending
40,SULTANPURI  SOUTH,2026-08-31,34.2,26.9,30.6,67.88,79,1.57,810.0,40.31,31.01,27.8,42.79,73.48,12,1,26.9,2026-08-31T13:00,24749,28932.66,30.22,True,4,100.0,63.22,High,ORANGE,#E67E22,Activate the local heat action plan; open cooling centres; shift strenuous outdoor work away from afternoon hours; alert hospitals for a possible heat-illness surge.,True,True,True,True,provisional-impact-risk-v2,Relative heat-health impact ranking; not a predicted death count,WorldPop exposure included; demographic and health-outcome calibration pending
40,SULTANPURI  SOUTH,2026-09-01,33.5,27.0,29.75,72.83,90,1.39,794.0,39.81,30.64,27.54,42.06,70.67,8,0,27.0,2026-09-01T13:00,24749,28932.66,30.22,True,5,100.0,60.81,High,ORANGE,#E67E22,Activate the local heat action plan; open cooling centres; shift strenuous outdoor work away from afternoon hours; alert hospitals for a possible heat-illness surge.,True,True,True,True,provisional-impact-risk-v2,Relative heat-health impact ranking; not a predicted death count,WorldPop exposure included; demographic and health-outcome calibration pending
41,GURU HARKISHAN NAGAR,2026-08-28,34.6,27.0,30.94,70.71,95,2.25,789.0,40.55,30.53,28.35,42.43,70.68,12,0,27.0,2026-08-28T13:00,62861,22650.16,33.21,True,1,33.33,56.53,High,ORANGE,#E67E22,Activate the local heat action plan; open cooling centres; shift strenuous outdoor work away from afternoon hours; alert hospitals for a possible heat-illness surge.,True,True,True,True,provisional-impact-risk-v2,Relative heat-health impact ranking; not a predicted death count,WorldPop exposure included; demographic and health-outcome calibration pending
41,GURU HARKISHAN NAGAR,2026-08-29,34.9,26.7,30.94,67.21,79,2.22,848.0,40.83,31.18,28.01,43.64,75.49,13,2,26.7,2026-08-29T13:00,62861,22650.16,33.21,True,2,66.67,62.89,High,ORANGE,#E67E22,Activate the local heat action plan; open cooling centres; shift strenuous outdoor work away from afternoon hours; alert hospitals for a possible heat-illness surge.,True,True,True,True,provisional-impact-risk-v2,Relative heat-health impact ranking; not a predicted death count,WorldPop exposure included; demographic and health-outcome calibration pending
41,GURU HARKISHAN NAGAR,2026-08-30,35.5,27.4,31.5,63.46,76,2.09,803.0,41.64,31.28,28.12,43.48,75.76,14,2,27.4,2026-08-30T14:00,62861,22650.16,33.21,True,3,100.0,65.64,High,ORANGE,#E67E22,Activate the local heat action plan; open cooling centres; shift strenuous outdoor work away from afternoon hours; alert hospitals for a possible heat-illness surge.,True,True,True,True,provisional-impact-risk-v2,Relative heat-health impact ranking; not a predicted death count,WorldPop exposure included; demographic and health-outcome calibration pending
41,GURU HARKISHAN NAGAR,2026-08-31,35.3,27.5,31.49,60.79,74,1.85,824.0,40.6,31.11,27.8,43.59,74.89,11,1,27.5,2026-08-31T13:00,62861,22650.16,33.21,True,4,100.0,64.89,High,ORANGE,#E67E22,Activate the local heat action plan; open cooling centres; shift strenuous outdoor work away from afternoon hours; alert hospitals for a possible heat-illness surge.,True,True,True,True,provisional-impact-risk-v2,Relative heat-health impact ranking; not a predicted death count,WorldPop exposure included; demographic and health-outcome calibration pending
41,GURU HARKISHAN NAGAR,2026-09-01,34.7,27.7,30.73,66.17,84,1.51,798.0,39.6,30.58,27.72,42.75,71.1,8,0,27.7,2026-09-01T13:00,62861,22650.16,33.21,True,5,100.0,61.61,High,ORANGE,#E67E22,Activate the local heat action plan; open cooling centres; shift strenuous outdoor work away from afternoon hours; alert hospitals for a possible heat-illness surge.,True,True,True,True,provisional-impact-risk-v2,Relative heat-health impact ranking; not a predicted death count,WorldPop exposure included; demographic and health-outcome calibration pending
42,PERAGHARHI,2026-08-28,34.6,27.0,30.94,70.71,95,2.25,789.0,40.55,30.53,28.35,42.43,70.68,12,0,27.0,2026-08-28T13:00,47249,25229.07,31.99,True,1,33.33,56.35,High,ORANGE,#E67E22,Activate the local heat action plan; open cooling centres; shift strenuous outdoor work away from afternoon hours; alert hospitals for a possible heat-illness surge.,True,True,True,True,provisional-impact-risk-v2,Relative heat-health impact ranking; not a predicted death count,WorldPop exposure included; demographic and health-outcome calibration pending
42,PERAGHARHI,2026-08-29,34.9,26.7,30.94,67.21,79,2.22,848.0,40.83,31.18,28.01,43.64,75.49,13,2,26.7,2026-08-29T13:00,47249,25229.07,31.99,True,2,66.67,62.71,High,ORANGE,#E67E22,Activate the local heat action plan; open cooling centres; shift strenuous outdoor work away from afternoon hours; alert hospitals for a possible heat-illness surge.,True,True,True,True,provisional-impact-risk-v2,Relative heat-health impact ranking; not a predicted death count,WorldPop exposure included; demographic and health-outcome calibration pending
42,PERAGHARHI,2026-08-30,35.5,27.4,31.5,63.46,76,2.09,803.0,41.64,31.28,28.12,43.48,75.76,14,2,27.4,2026-08-30T14:00,47249,25229.07,31.99,True,3,100.0,65.46,High,ORANGE,#E67E22,Activate the local heat action plan; open cooling centres; shift strenuous outdoor work away from afternoon hours; alert hospitals for a possible heat-illness surge.,True,True,True,True,provisional-impact-risk-v2,Relative heat-health impact ranking; not a predicted death count,WorldPop exposure included; demographic and health-outcome calibration pending
42,PERAGHARHI,2026-08-31,35.3,27.5,31.49,60.79,74,1.85,824.0,40.6,31.11,27.8,43.59,74.89,11,1,27.5,2026-08-31T13:00,47249,25229.07,31.99,True,4,100.0,64.71,High,ORANGE,#E67E22,Activate the local heat action plan; open cooling centres; shift strenuous outdoor work away from afternoon hours; alert hospitals for a possible heat-illness surge.,True,True,True,True,provisional-impact-risk-v2,Relative heat-health impact ranking; not a predicted death count,WorldPop exposure included; demographic and health-outcome calibration pending
42,PERAGHARHI,2026-09-01,34.7,27.7,30.73,66.17,84,1.51,798.0,39.6,30.58,27.72,42.75,71.1,8,0,27.7,2026-09-01T13:00,47249,25229.07,31.99,True,5,100.0,61.43,High,ORANGE,#E67E22,Activate the local heat action plan; open cooling centres; shift strenuous outdoor work away from afternoon hours; alert hospitals for a possible heat-illness surge.,True,True,True,True,provisional-impact-risk-v2,Relative heat-health impact ranking; not a predicted death count,WorldPop exposure included; demographic and health-outcome calibration pending
43,NANGLOI EAST,2026-08-28,34.6,27.0,30.94,70.71,95,2.25,789.0,40.55,30.53,28.35,42.43,70.68,12,0,27.0,2026-08-28T13:00,59392,24328.02,34.21,True,1,33.33,56.67,High,ORANGE,#E67E22,Activate the local heat action plan; open cooling centres; shift strenuous outdoor work away from afternoon hours; alert hospitals for a possible heat-illness surge.,True,True,True,True,provisional-impact-risk-v2,Relative heat-health impact ranking; not a predicted death count,WorldPop exposure included; demographic and health-outcome calibration pending
43,NANGLOI EAST,2026-08-29,34.9,26.7,30.94,67.21,79,2.22,848.0,40.83,31.18,28.01,43.64,75.49,13,2,26.7,2026-08-29T13:00,59392,24328.02,34.21,True,2,66.67,63.04,High,ORANGE,#E67E22,Activate the local heat action plan; open cooling centres; shift strenuous outdoor work away from afternoon hours; alert hospitals for a possible heat-illness surge.,True,True,True,True,provisional-impact-risk-v2,Relative heat-health impact ranking; not a predicted death count,WorldPop exposure included; demographic and health-outcome calibration pending
43,NANGLOI EAST,2026-08-30,35.5,27.4,31.5,63.46,76,2.09,803.0,41.64,31.28,28.12,43.48,75.76,14,2,27.4,2026-08-30T14:00,59392,24328.02,34.21,True,3,100.0,65.79,High,ORANGE,#E67E22,Activate the local heat action plan; open cooling centres; shift strenuous outdoor work away from afternoon hours; alert hospitals for a possible heat-illness surge.,True,True,True,True,provisional-impact-risk-v2,Relative heat-health impact ranking; not a predicted death count,WorldPop exposure included; demographic and health-outcome calibration pending
43,NANGLOI EAST,2026-08-31,35.3,27.5,31.49,60.79,74,1.85,824.0,40.6,31.11,27.8,43.59,74.89,11,1,27.5,2026-08-31T13:00,59392,24328.02,34.21,True,4,100.0,65.04,High,ORANGE,#E67E22,Activate the local heat action plan; open cooling centres; shift strenuous outdoor work away from afternoon hours; alert hospitals for a possible heat-illness surge.,True,True,True,True,provisional-impact-risk-v2,Relative heat-health impact ranking; not a predicted death count,WorldPop exposure included; demographic and health-outcome calibration pending
43,NANGLOI EAST,2026-09-01,34.7,27.7,30.73,66.17,84,1.51,798.0,39.6,30.58,27.72,42.75,71.1,8,0,27.7,2026-09-01T13:00,59392,24328.02,34.21,True,5,100.0,61.75,High,ORANGE,#E67E22,Activate the local heat action plan; open cooling centres; shift strenuous outdoor work away from afternoon hours; alert hospitals for a possible heat-illness surge.,True,True,True,True,provisional-impact-risk-v2,Relative heat-health impact ranking; not a predicted death count,WorldPop exposure included; demographic and health-outcome calibration pending
44,QUAMMRUDDIN NAGAR,2026-08-28,34.6,27.0,30.94,70.71,95,2.25,789.0,40.55,30.53,28.35,42.43,70.68,12,0,27.0,2026-08-28T13:00,116151,20612.42,45.12,True,1,33.33,58.21,High,ORANGE,#E67E22,Activate the local heat action plan; open cooling centres; shift strenuous outdoor work away from afternoon hours; alert hospitals for a possible heat-illness surge.,True,True,True,True,provisional-impact-risk-v2,Relative heat-health impact ranking; not a predicted death count,WorldPop exposure included; demographic and health-outcome calibration pending
44,QUAMMRUDDIN NAGAR,2026-08-29,34.9,26.7,30.94,67.21,79,2.22,848.0,40.83,31.18,28.01,43.64,75.49,13,2,26.7,2026-08-29T13:00,116151,20612.42,45.12,True,2,66.67,64.69,High,ORANGE,#E67E22,Activate the local heat action plan; open cooling centres; shift strenuous outdoor work away from afternoon hours; alert hospitals for a possible heat-illness surge.,True,True,True,True,provisional-impact-risk-v2,Relative heat-health impact ranking; not a predicted death count,WorldPop exposure included; demographic and health-outcome calibration pending
44,QUAMMRUDDIN NAGAR,2026-08-30,35.5,27.4,31.5,63.46,76,2.09,803.0,41.64,31.28,28.12,43.48,75.76,14,2,27.4,2026-08-30T14:00,116151,20612.42,45.12,True,3,100.0,67.45,High,ORANGE,#E67E22,Activate the local heat action plan; open cooling centres; shift strenuous outdoor work away from afternoon hours; alert hospitals for a possible heat-illness surge.,True,True,True,True,provisional-impact-risk-v2,Relative heat-health impact ranking; not a predicted death count,WorldPop exposure included; demographic and health-outcome calibration pending
44,QUAMMRUDDIN NAGAR,2026-08-31,35.3,27.5,31.49,60.79,74,1.85,824.0,40.6,31.11,27.8,43.59,74.89,11,1,27.5,2026-08-31T13:00,116151,20612.42,45.12,True,4,100.0,66.67,High,ORANGE,#E67E22,Activate the local heat action plan; open cooling centres; shift strenuous outdoor work away from afternoon hours; alert hospitals for a possible heat-illness surge.,True,True,True,True,provisional-impact-risk-v2,Relative heat-health impact ranking; not a predicted death count,WorldPop exposure included; demographic and health-outcome calibration pending
44,QUAMMRUDDIN NAGAR,2026-09-01,34.7,27.7,30.73,66.17,84,1.51,798.0,39.6,30.58,27.72,42.75,71.1,8,0,27.7,2026-09-01T13:00,116151,20612.42,45.12,True,5,100.0,63.3,High,ORANGE,#E67E22,Activate the local heat action plan; open cooling centres; shift strenuous outdoor work away from afternoon hours; alert hospitals for a possible heat-illness surge.,True,True,True,True,provisional-impact-risk-v2,Relative heat-health impact ranking; not a predicted death count,WorldPop exposure included; demographic and health-outcome calibration pending
45,ROHINI SOUTH,2026-08-28,34.4,27.3,30.79,72.83,91,1.92,767.0,40.05,30.37,28.43,41.63,68.98,13,0,27.3,2026-08-28T13:00,72363,33271.87,47.95,True,1,33.33,57.2,High,ORANGE,#E67E22,Activate the local heat action plan; open cooling centres; shift strenuous outdoor work away from afternoon hours; alert hospitals for a possible heat-illness surge.,True,True,True,True,provisional-impact-risk-v2,Relative heat-health impact ranking; not a predicted death count,WorldPop exposure included; demographic and health-outcome calibration pending
45,ROHINI SOUTH,2026-08-29,34.7,26.8,30.92,68.12,79,2.03,846.0,41.14,31.17,28.12,43.44,75.22,14,1,26.8,2026-08-29T13:00,72363,33271.87,47.95,True,2,66.67,64.88,High,ORANGE,#E67E22,Activate the local heat action plan; open cooling centres; shift strenuous outdoor work away from afternoon hours; alert hospitals for a possible heat-illness surge.,True,True,True,True,provisional-impact-risk-v2,Relative heat-health impact ranking; not a predicted death count,WorldPop exposure included; demographic and health-outcome calibration pending
45,ROHINI SOUTH,2026-08-30,35.2,27.4,31.52,64.38,76,1.74,795.0,41.73,31.29,28.25,42.99,75.39,15,2,27.4,2026-08-30T14:00,72363,33271.87,47.95,True,3,100.0,67.54,High,ORANGE,#E67E22,Activate the local heat action plan; open cooling centres; shift strenuous outdoor work away from afternoon hours; alert hospitals for a possible heat-illness surge.,True,True,True,True,provisional-impact-risk-v2,Relative heat-health impact ranking; not a predicted death count,WorldPop exposure included; demographic and health-outcome calibration pending
45,ROHINI SOUTH,2026-08-31,35.3,27.5,31.55,61.67,75,1.63,809.0,40.99,31.07,27.96,43.32,74.39,11,2,27.5,2026-08-31T14:00,72363,33271.87,47.95,True,4,100.0,66.64,High,ORANGE,#E67E22,Activate the local heat action plan; open cooling centres; shift strenuous outdoor work away from afternoon hours; alert hospitals for a possible heat-illness surge.,True,True,True,True,provisional-impact-risk-v2,Relative heat-health impact ranking; not a predicted death count,WorldPop exposure included; demographic and health-outcome calibration pending
45,ROHINI SOUTH,2026-09-01,34.0,28.2,30.43,70.71,87,1.24,787.0,40.31,30.81,27.95,42.4,72.07,8,0,28.2,2026-09-01T13:00,72363,33271.87,47.95,True,5,100.0,64.57,High,ORANGE,#E67E22,Activate the local heat action plan; open cooling centres; shift strenuous outdoor work away from afternoon hours; alert hospitals for a possible heat-illness surge.,True,True,True,True,provisional-impact-risk-v2,Relative heat-health impact ranking; not a predicted death count,WorldPop exposure included; demographic and health-outcome calibration pending
46,MANGOLPURI  EAST,2026-08-28,34.4,28.0,30.78,72.46,93,2.06,774.0,40.54,30.52,28.4,42.17,70.36,13,0,28.0,2026-08-28T13:00,28830,32360.53,35.26,True,1,33.33,56.56,High,ORANGE,#E67E22,Activate the local heat action plan; open cooling centres; shift strenuous outdoor work away from afternoon hours; alert hospitals for a possible heat-illness surge.,True,True,True,True,provisional-impact-risk-v2,Relative heat-health impact ranking; not a predicted death count,WorldPop exposure included; demographic and health-outcome calibration pending
46,MANGOLPURI  EAST,2026-08-29,34.3,26.6,30.5,70.75,80,2.1,849.0,41.33,31.17,28.02,43.28,75.03,13,2,26.6,2026-08-29T13:00,28830,32360.53,35.26,True,2,66.67,62.82,High,ORANGE,#E67E22,Activate the local heat action plan; open cooling centres; shift strenuous outdoor work away from afternoon hours; alert hospitals for a possible heat-illness surge.,True,True,True,True,provisional-impact-risk-v2,Relative heat-health impact ranking; not a predicted death count,WorldPop exposure included; demographic and health-outcome calibration pending
46,MANGOLPURI  EAST,2026-08-30,34.5,27.1,30.8,69.29,78,1.8,806.0,41.85,31.4,28.17,43.1,75.86,13,3,27.1,2026-08-30T13:00,28830,32360.53,35.26,True,3,100.0,66.04,High,ORANGE,#E67E22,Activate the local heat action plan; open cooling centres; shift strenuous outdoor work away from afternoon hours; alert hospitals for a possible heat-illness surge.,True,True,True,True,provisional-impact-risk-v2,Relative heat-health impact ranking; not a predicted death count,WorldPop exposure included; demographic and health-outcome calibration pending
46,MANGOLPURI  EAST,2026-08-31,34.2,26.9,30.6,67.88,79,1.57,810.0,40.31,31.01,27.8,42.79,73.48,12,1,26.9,2026-08-31T13:00,28830,32360.53,35.26,True,4,100.0,63.97,High,ORANGE,#E67E22,Activate the local heat action plan; open cooling centres; shift strenuous outdoor work away from afternoon hours; alert hospitals for a possible heat-illness surge.,True,True,True,True,provisional-impact-risk-v2,Relative heat-health impact ranking; not a predicted death count,WorldPop exposure included; demographic and health-outcome calibration pending
46,MANGOLPURI  EAST,2026-09-01,33.5,27.0,29.75,72.83,90,1.39,794.0,39.81,30.64,27.54,42.06,70.67,8,0,27.0,2026-09-01T13:00,28830,32360.53,35.26,True,5,100.0,61.52,High,ORANGE,#E67E22,Activate the local heat action plan; open cooling centres; shift strenuous outdoor work away from afternoon hours; alert hospitals for a possible heat-illness surge.,True,True,True,True,provisional-impact-risk-v2,Relative heat-health impact ranking; not a predicted death count,WorldPop exposure included; demographic and health-outcome calibration pending
47,MANGOLPURI,2026-08-28,34.4,28.0,30.78,72.46,93,2.06,774.0,40.54,30.52,28.4,42.17,70.36,13,0,28.0,2026-08-28T13:00,28179,32337.62,35.06,True,1,33.33,56.53,High,ORANGE,#E67E22,Activate the local heat action plan; open cooling centres; shift strenuous outdoor work away from afternoon hours; alert hospitals for a possible heat-illness surge.,True,True,True,True,provisional-impact-risk-v2,Relative heat-health impact ranking; not a predicted death count,WorldPop exposure included; demographic and health-outcome calibration pending
47,MANGOLPURI,2026-08-29,34.3,26.6,30.5,70.75,80,2.1,849.0,41.33,31.17,28.02,43.28,75.03,13,2,26.6,2026-08-29T13:00,28179,32337.62,35.06,True,2,66.67,62.79,High,ORANGE,#E67E22,Activate the local heat action plan; open cooling centres; shift strenuous outdoor work away from afternoon hours; alert hospitals for a possible heat-illness surge.,True,True,True,True,provisional-impact-risk-v2,Relative heat-health impact ranking; not a predicted death count,WorldPop exposure included; demographic and health-outcome calibration pending
47,MANGOLPURI,2026-08-30,34.5,27.1,30.8,69.29,78,1.8,806.0,41.85,31.4,28.17,43.1,75.86,13,3,27.1,2026-08-30T13:00,28179,32337.62,35.06,True,3,100.0,66.01,High,ORANGE,#E67E22,Activate the local heat action plan; open cooling centres; shift strenuous outdoor work away from afternoon hours; alert hospitals for a possible heat-illness surge.,True,True,True,True,provisional-impact-risk-v2,Relative heat-health impact ranking; not a predicted death count,WorldPop exposure included; demographic and health-outcome calibration pending
47,MANGOLPURI,2026-08-31,34.2,26.9,30.6,67.88,79,1.57,810.0,40.31,31.01,27.8,42.79,73.48,12,1,26.9,2026-08-31T13:00,28179,32337.62,35.06,True,4,100.0,63.94,High,ORANGE,#E67E22,Activate the local heat action plan; open cooling centres; shift strenuous outdoor work away from afternoon hours; alert hospitals for a possible heat-illness surge.,True,True,True,True,provisional-impact-risk-v2,Relative heat-health impact ranking; not a predicted death count,WorldPop exposure included; demographic and health-outcome calibration pending
47,MANGOLPURI,2026-09-01,33.5,27.0,29.75,72.83,90,1.39,794.0,39.81,30.64,27.54,42.06,70.67,8,0,27.0,2026-09-01T13:00,28179,32337.62,35.06,True,5,100.0,61.49,High,ORANGE,#E67E22,Activate the local heat action plan; open cooling centres; shift strenuous outdoor work away from afternoon hours; alert hospitals for a possible heat-illness surge.,True,True,True,True,provisional-impact-risk-v2,Relative heat-health impact ranking; not a predicted death count,WorldPop exposure included; demographic and health-outcome calibration pending
48,MANGOLPURI  WEST,2026-08-28,34.4,28.0,30.78,72.46,93,2.06,774.0,40.54,30.52,28.4,42.17,70.36,13,0,28.0,2026-08-28T13:00,41840,28669.32,34.5,True,1,33.33,56.45,High,ORANGE,#E67E22,Activate the local heat action plan; open cooling centres; shift strenuous outdoor work away from afternoon hours; alert hospitals for a possible heat-illness surge.,True,True,True,True,provisional-impact-risk-v2,Relative heat-health impact ranking; not a predicted death count,WorldPop exposure included; demographic and health-outcome calibration pending
48,MANGOLPURI  WEST,2026-08-29,34.3,26.6,30.5,70.75,80,2.1,849.0,41.33,31.17,28.02,43.28,75.03,13,2,26.6,2026-08-29T13:00,41840,28669.32,34.5,True,2,66.67,62.7,High,ORANGE,#E67E22,Activate the local heat action plan; open cooling centres; shift strenuous outdoor work away from afternoon hours; alert hospitals for a possible heat-illness surge.,True,True,True,True,provisional-impact-risk-v2,Relative heat-health impact ranking; not a predicted death count,WorldPop exposure included; demographic and health-outcome calibration pending
48,MANGOLPURI  WEST,2026-08-30,34.5,27.1,30.8,69.29,78,1.8,806.0,41.85,31.4,28.17,43.1,75.86,13,3,27.1,2026-08-30T13:00,41840,28669.32,34.5,True,3,100.0,65.92,High,ORANGE,#E67E22,Activate the local heat action plan; open cooling centres; shift strenuous outdoor work away from afternoon hours; alert hospitals for a possible heat-illness surge.,True,True,True,True,provisional-impact-risk-v2,Relative heat-health impact ranking; not a predicted death count,WorldPop exposure included; demographic and health-outcome calibration pending
48,MANGOLPURI  WEST,2026-08-31,34.2,26.9,30.6,67.88,79,1.57,810.0,40.31,31.01,27.8,42.79,73.48,12,1,26.9,2026-08-31T13:00,41840,28669.32,34.5,True,4,100.0,63.85,High,ORANGE,#E67E22,Activate the local heat action plan; open cooling centres; shift strenuous outdoor work away from afternoon hours; alert hospitals for a possible heat-illness surge.,True,True,True,True,provisional-impact-risk-v2,Relative heat-health impact ranking; not a predicted death count,WorldPop exposure included; demographic and health-outcome calibration pending
48,MANGOLPURI  WEST,2026-09-01,33.5,27.0,29.75,72.83,90,1.39,794.0,39.81,30.64,27.54,42.06,70.67,8,0,27.0,2026-09-01T13:00,41840,28669.32,34.5,True,5,100.0,61.42,High,ORANGE,#E67E22,Activate the local heat action plan; open cooling centres; shift strenuous outdoor work away from afternoon hours; alert hospitals for a possible heat-illness surge.,True,True,True,True,provisional-impact-risk-v2,Relative heat-health impact ranking; not a predicted death count,WorldPop exposure included; demographic and health-outcome calibration pending
49,ROHINI NORTH,2026-08-28,34.4,27.3,30.79,72.83,91,1.92,767.0,40.05,30.37,28.43,41.63,68.98,13,0,27.3,2026-08-28T13:00,77483,23015.21,37.54,True,1,33.33,55.76,High,ORANGE,#E67E22,Activate the local heat action plan; open cooling centres; shift strenuous outdoor work away from afternoon hours; alert hospitals for a possible heat-illness surge.,True,True,True,True,provisional-impact-risk-v2,Relative heat-health impact ranking; not a predicted death count,WorldPop exposure included; demographic and health-outcome calibration pending
49,ROHINI NORTH,2026-08-29,34.7,26.8,30.92,68.12,79,2.03,846.0,41.14,31.17,28.12,43.44,75.22,14,1,26.8,2026-08-29T13:00,77483,23015.21,37.54,True,2,66.67,63.32,High,ORANGE,#E67E22,Activate the local heat action plan; open cooling centres; shift strenuous outdoor work away from afternoon hours; alert hospitals for a possible heat-illness surge.,True,True,True,True,provisional-impact-risk-v2,Relative heat-health impact ranking; not a predicted death count,WorldPop exposure included; demographic and health-outcome calibration pending
49,ROHINI NORTH,2026-08-30,35.2,27.4,31.52,64.38,76,1.74,795.0,41.73,31.29,28.25,42.99,75.39,15,2,27.4,2026-08-30T14:00,77483,23015.21,37.54,True,3,100.0,65.97,High,ORANGE,#E67E22,Activate the local heat action plan; open cooling centres; shift strenuous outdoor work away from afternoon hours; alert hospitals for a possible heat-illness surge.,True,True,True,True,provisional-impact-risk-v2,Relative heat-health impact ranking; not a predicted death count,WorldPop exposure included; demographic and health-outcome calibration pending
49,ROHINI NORTH,2026-08-31,35.3,27.5,31.55,61.67,75,1.63,809.0,40.99,31.07,27.96,43.32,74.39,11,2,27.5,2026-08-31T14:00,77483,23015.21,37.54,True,4,100.0,65.09,High,ORANGE,#E67E22,Activate the local heat action plan; open cooling centres; shift strenuous outdoor work away from afternoon hours; alert hospitals for a possible heat-illness surge.,True,True,True,True,provisional-impact-risk-v2,Relative heat-health impact ranking; not a predicted death count,WorldPop exposure included; demographic and health-outcome calibration pending
49,ROHINI NORTH,2026-09-01,34.0,28.2,30.43,70.71,87,1.24,787.0,40.31,30.81,27.95,42.4,72.07,8,0,28.2,2026-09-01T13:00,77483,23015.21,37.54,True,5,100.0,63.07,High,ORANGE,#E67E22,Activate the local heat action plan; open cooling centres; shift strenuous outdoor work away from afternoon hours; alert hospitals for a possible heat-illness surge.,True,True,True,True,provisional-impact-risk-v2,Relative heat-health impact ranking; not a predicted death count,WorldPop exposure included; demographic and health-outcome calibration pending
5,BHALASWA JAHAGIR PUR,2026-08-28,33.9,27.5,30.45,75.0,91,1.99,765.0,39.94,30.31,28.35,40.97,67.89,11,0,27.5,2026-08-28T13:00,137313,10475.27,39.15,True,1,33.33,55.1,High,ORANGE,#E67E22,Activate the local heat action plan; open cooling centres; shift strenuous outdoor work away from afternoon hours; alert hospitals for a possible heat-illness surge.,True,True,True,True,provisional-impact-risk-v2,Relative heat-health impact ranking; not a predicted death count,WorldPop exposure included; demographic and health-outcome calibration pending
5,BHALASWA JAHAGIR PUR,2026-08-29,33.8,26.7,30.35,72.33,81,2.13,848.0,41.63,31.27,28.07,43.05,75.27,14,2,26.7,2026-08-29T13:00,137313,10475.27,39.15,True,2,66.67,63.6,High,ORANGE,#E67E22,Activate the local heat action plan; open cooling centres; shift strenuous outdoor work away from afternoon hours; alert hospitals for a possible heat-illness surge.,True,True,True,True,provisional-impact-risk-v2,Relative heat-health impact ranking; not a predicted death count,WorldPop exposure included; demographic and health-outcome calibration pending
5,BHALASWA JAHAGIR PUR,2026-08-30,33.9,27.0,30.62,71.25,81,1.73,810.0,41.9,31.32,28.23,42.63,74.95,14,3,27.0,2026-08-30T13:00,137313,10475.27,39.15,True,3,100.0,65.83,High,ORANGE,#E67E22,Activate the local heat action plan; open cooling centres; shift strenuous outdoor work away from afternoon hours; alert hospitals for a possible heat-illness surge.,True,True,True,True,provisional-impact-risk-v2,Relative heat-health impact ranking; not a predicted death count,WorldPop exposure included; demographic and health-outcome calibration pending
5,BHALASWA JAHAGIR PUR,2026-08-31,33.6,26.9,30.21,73.33,87,1.41,795.0,40.7,30.97,28.04,42.29,72.71,11,0,26.9,2026-08-31T13:00,137313,10475.27,39.15,True,4,100.0,63.86,High,ORANGE,#E67E22,Activate the local heat action plan; open cooling centres; shift strenuous outdoor work away from afternoon hours; alert hospitals for a possible heat-illness surge.,True,True,True,True,provisional-impact-risk-v2,Relative heat-health impact ranking; not a predicted death count,WorldPop exposure included; demographic and health-outcome calibration pending
5,BHALASWA JAHAGIR PUR,2026-09-01,32.4,27.1,29.16,80.92,93,1.22,784.0,40.46,30.7,27.85,41.46,70.34,9,0,27.1,2026-09-01T13:00,137313,10475.27,39.15,True,5,100.0,61.78,High,ORANGE,#E67E22,Activate the local heat action plan; open cooling centres; shift strenuous outdoor work away from afternoon hours; alert hospitals for a possible heat-illness surge.,True,True,True,True,provisional-impact-risk-v2,Relative heat-health impact ranking; not a predicted death count,WorldPop exposure included; demographic and health-outcome calibration pending
50,ROHINI CENTRAL,2026-08-28,34.4,27.3,30.79,72.83,91,1.92,767.0,40.05,30.37,28.43,41.63,68.98,13,0,27.3,2026-08-28T13:00,67543,22314.25,34.07,True,1,33.33,55.29,High,ORANGE,#E67E22,Activate the local heat action plan; open cooling centres; shift strenuous outdoor work away from afternoon hours; alert hospitals for a possible heat-illness surge.,True,True,True,True,provisional-impact-risk-v2,Relative heat-health impact ranking; not a predicted death count,WorldPop exposure included; demographic and health-outcome calibration pending
50,ROHINI CENTRAL,2026-08-29,34.7,26.8,30.92,68.12,79,2.03,846.0,41.14,31.17,28.12,43.44,75.22,14,1,26.8,2026-08-29T13:00,67543,22314.25,34.07,True,2,66.67,62.8,High,ORANGE,#E67E22,Activate the local heat action plan; open cooling centres; shift strenuous outdoor work away from afternoon hours; alert hospitals for a possible heat-illness surge.,True,True,True,True,provisional-impact-risk-v2,Relative heat-health impact ranking; not a predicted death count,WorldPop exposure included; demographic and health-outcome calibration pending
50,ROHINI CENTRAL,2026-08-30,35.2,27.4,31.52,64.38,76,1.74,795.0,41.73,31.29,28.25,42.99,75.39,15,2,27.4,2026-08-30T14:00,67543,22314.25,34.07,True,3,100.0,65.45,High,ORANGE,#E67E22,Activate the local heat action plan; open cooling centres; shift strenuous outdoor work away from afternoon hours; alert hospitals for a possible heat-illness surge.,True,True,True,True,provisional-impact-risk-v2,Relative heat-health impact ranking; not a predicted death count,WorldPop exposure included; demographic and health-outcome calibration pending
50,ROHINI CENTRAL,2026-08-31,35.3,27.5,31.55,61.67,75,1.63,809.0,40.99,31.07,27.96,43.32,74.39,11,2,27.5,2026-08-31T14:00,67543,22314.25,34.07,True,4,100.0,64.58,High,ORANGE,#E67E22,Activate the local heat action plan; open cooling centres; shift strenuous outdoor work away from afternoon hours; alert hospitals for a possible heat-illness surge.,True,True,True,True,provisional-impact-risk-v2,Relative heat-health impact ranking; not a predicted death count,WorldPop exposure included; demographic and health-outcome calibration pending
50,ROHINI CENTRAL,2026-09-01,34.0,28.2,30.43,70.71,87,1.24,787.0,40.31,30.81,27.95,42.4,72.07,8,0,28.2,2026-09-01T13:00,67543,22314.25,34.07,True,5,100.0,62.57,High,ORANGE,#E67E22,Activate the local heat action plan; open cooling centres; shift strenuous outdoor work away from afternoon hours; alert hospitals for a possible heat-illness surge.,True,True,True,True,provisional-impact-risk-v2,Relative heat-health impact ranking; not a predicted death count,WorldPop exposure included; demographic and health-outcome calibration pending
51,ROHINI EAST,2026-08-28,34.4,27.3,30.79,72.83,91,1.92,767.0,40.05,30.37,28.43,41.63,68.98,13,0,27.3,2026-08-28T13:00,69220,30585.01,44.03,True,1,33.33,56.66,High,ORANGE,#E67E22,Activate the local heat action plan; open cooling centres; shift strenuous outdoor work away from afternoon hours; alert hospitals for a possible heat-illness surge.,True,True,True,True,provisional-impact-risk-v2,Relative heat-health impact ranking; not a predicted death count,WorldPop exposure included; demographic and health-outcome calibration pending
51,ROHINI EAST,2026-08-29,34.7,26.8,30.92,68.12,79,2.03,846.0,41.14,31.17,28.12,43.44,75.22,14,1,26.8,2026-08-29T13:00,69220,30585.01,44.03,True,2,66.67,64.29,High,ORANGE,#E67E22,Activate the local heat action plan; open cooling centres; shift strenuous outdoor work away from afternoon hours; alert hospitals for a possible heat-illness surge.,True,True,True,True,provisional-impact-risk-v2,Relative heat-health impact ranking; not a predicted death count,WorldPop exposure included; demographic and health-outcome calibration pending
51,ROHINI EAST,2026-08-30,35.2,27.4,31.52,64.38,76,1.74,795.0,41.73,31.29,28.25,42.99,75.39,15,2,27.4,2026-08-30T14:00,69220,30585.01,44.03,True,3,100.0,66.95,High,ORANGE,#E67E22,Activate the local heat action plan; open cooling centres; shift strenuous outdoor work away from afternoon hours; alert hospitals for a possible heat-illness surge.,True,True,True,True,provisional-impact-risk-v2,Relative heat-health impact ranking; not a predicted death count,WorldPop exposure included; demographic and health-outcome calibration pending
51,ROHINI EAST,2026-08-31,35.3,27.5,31.55,61.67,75,1.63,809.0,40.99,31.07,27.96,43.32,74.39,11,2,27.5,2026-08-31T14:00,69220,30585.01,44.03,True,4,100.0,66.06,High,ORANGE,#E67E22,Activate the local heat action plan; open cooling centres; shift strenuous outdoor work away from afternoon hours; alert hospitals for a possible heat-illness surge.,True,True,True,True,provisional-impact-risk-v2,Relative heat-health impact ranking; not a predicted death count,WorldPop exposure included; demographic and health-outcome calibration pending
51,ROHINI EAST,2026-09-01,34.0,28.2,30.43,70.71,87,1.24,787.0,40.31,30.81,27.95,42.4,72.07,8,0,28.2,2026-09-01T13:00,69220,30585.01,44.03,True,5,100.0,64.01,High,ORANGE,#E67E22,Activate the local heat action plan; open cooling centres; shift strenuous outdoor work away from afternoon hours; alert hospitals for a possible heat-illness surge.,True,True,True,True,provisional-impact-risk-v2,Relative heat-health impact ranking; not a predicted death count,WorldPop exposure included; demographic and health-outcome calibration pending
52,NAHARPUR,2026-08-28,34.4,27.3,30.79,72.83,91,1.92,767.0,40.05,30.37,28.43,41.63,68.98,13,0,27.3,2026-08-28T13:00,36819,30438.99,35.19,True,1,33.33,55.44,High,ORANGE,#E67E22,Activate the local heat action plan; open cooling centres; shift strenuous outdoor work away from afternoon hours; alert hospitals for a possible heat-illness surge.,True,True,True,True,provisional-impact-risk-v2,Relative heat-health impact ranking; not a predicted death count,WorldPop exposure included; demographic and health-outcome calibration pending
52,NAHARPUR,2026-08-29,34.7,26.8,30.92,68.12,79,2.03,846.0,41.14,31.17,28.12,43.44,75.22,14,1,26.8,2026-08-29T13:00,36819,30438.99,35.19,True,2,66.67,62.96,High,ORANGE,#E67E22,Activate the local heat action plan; open cooling centres; shift strenuous outdoor work away from afternoon hours; alert hospitals for a possible heat-illness surge.,True,True,True,True,provisional-impact-risk-v2,Relative heat-health impact ranking; not a predicted death count,WorldPop exposure included; demographic and health-outcome calibration pending
52,NAHARPUR,2026-08-30,35.2,27.4,31.52,64.38,76,1.74,795.0,41.73,31.29,28.25,42.99,75.39,15,2,27.4,2026-08-30T14:00,36819,30438.99,35.19,True,3,100.0,65.62,High,ORANGE,#E67E22,Activate the local heat action plan; open cooling centres; shift strenuous outdoor work away from afternoon hours; alert hospitals for a possible heat-illness surge.,True,True,True,True,provisional-impact-risk-v2,Relative heat-health impact ranking; not a predicted death count,WorldPop exposure included; demographic and health-outcome calibration pending
52,NAHARPUR,2026-08-31,35.3,27.5,31.55,61.67,75,1.63,809.0,40.99,31.07,27.96,43.32,74.39,11,2,27.5,2026-08-31T14:00,36819,30438.99,35.19,True,4,100.0,64.74,High,ORANGE,#E67E22,Activate the local heat action plan; open cooling centres; shift strenuous outdoor work away from afternoon hours; alert hospitals for a possible heat-illness surge.,True,True,True,True,provisional-impact-risk-v2,Relative heat-health impact ranking; not a predicted death count,WorldPop exposure included; demographic and health-outcome calibration pending
52,NAHARPUR,2026-09-01,34.0,28.2,30.43,70.71,87,1.24,787.0,40.31,30.81,27.95,42.4,72.07,8,0,28.2,2026-09-01T13:00,36819,30438.99,35.19,True,5,100.0,62.73,High,ORANGE,#E67E22,Activate the local heat action plan; open cooling centres; shift strenuous outdoor work away from afternoon hours; alert hospitals for a possible heat-illness surge.,True,True,True,True,provisional-impact-risk-v2,Relative heat-health impact ranking; not a predicted death count,WorldPop exposure included; demographic and health-outcome calibration pending
53,PITAMPURA SOUTH,2026-08-28,34.4,27.3,30.79,72.83,91,1.92,767.0,40.05,30.37,28.43,41.63,68.98,13,0,27.3,2026-08-28T13:00,71058,29821.22,43.64,True,1,33.33,56.61,High,ORANGE,#E67E22,Activate the local heat action plan; open cooling centres; shift strenuous outdoor work away from afternoon hours; alert hospitals for a possible heat-illness surge.,True,True,True,True,provisional-impact-risk-v2,Relative heat-health impact ranking; not a predicted death count,WorldPop exposure included; demographic and health-outcome calibration pending
53,PITAMPURA SOUTH,2026-08-29,34.7,26.8,30.92,68.12,79,2.03,846.0,41.14,31.17,28.12,43.44,75.22,14,1,26.8,2026-08-29T13:00,71058,29821.22,43.64,True,2,66.67,64.24,High,ORANGE,#E67E22,Activate the local heat action plan; open cooling centres; shift strenuous outdoor work away from afternoon hours; alert hospitals for a possible heat-illness surge.,True,True,True,True,provisional-impact-risk-v2,Relative heat-health impact ranking; not a predicted death count,WorldPop exposure included; demographic and health-outcome calibration pending
53,PITAMPURA SOUTH,2026-08-30,35.2,27.4,31.52,64.38,76,1.74,795.0,41.73,31.29,28.25,42.99,75.39,15,2,27.4,2026-08-30T14:00,71058,29821.22,43.64,True,3,100.0,66.89,High,ORANGE,#E67E22,Activate the local heat action plan; open cooling centres; shift strenuous outdoor work away from afternoon hours; alert hospitals for a possible heat-illness surge.,True,True,True,True,provisional-impact-risk-v2,Relative heat-health impact ranking; not a predicted death count,WorldPop exposure included; demographic and health-outcome calibration pending
53,PITAMPURA SOUTH,2026-08-31,35.3,27.5,31.55,61.67,75,1.63,809.0,40.99,31.07,27.96,43.32,74.39,11,2,27.5,2026-08-31T14:00,71058,29821.22,43.64,True,4,100.0,66.0,High,ORANGE,#E67E22,Activate the local heat action plan; open cooling centres; shift strenuous outdoor work away from afternoon hours; alert hospitals for a possible heat-illness surge.,True,True,True,True,provisional-impact-risk-v2,Relative heat-health impact ranking; not a predicted death count,WorldPop exposure included; demographic and health-outcome calibration pending
53,PITAMPURA SOUTH,2026-09-01,34.0,28.2,30.43,70.71,87,1.24,787.0,40.31,30.81,27.95,42.4,72.07,8,0,28.2,2026-09-01T13:00,71058,29821.22,43.64,True,5,100.0,63.95,High,ORANGE,#E67E22,Activate the local heat action plan; open cooling centres; shift strenuous outdoor work away from afternoon hours; alert hospitals for a possible heat-illness surge.,True,True,True,True,provisional-impact-risk-v2,Relative heat-health impact ranking; not a predicted death count,WorldPop exposure included; demographic and health-outcome calibration pending
54,PITAMPUR NORTH,2026-08-28,34.4,27.3,30.79,72.83,91,1.92,767.0,40.05,30.37,28.43,41.63,68.98,13,0,27.3,2026-08-28T13:00,61194,24745.84,35.17,True,1,33.33,55.44,High,ORANGE,#E67E22,Activate the local heat action plan; open cooling centres; shift strenuous outdoor work away from afternoon hours; alert hospitals for a possible heat-illness surge.,True,True,True,True,provisional-impact-risk-v2,Relative heat-health impact ranking; not a predicted death count,WorldPop exposure included; demographic and health-outcome calibration pending
54,PITAMPUR NORTH,2026-08-29,34.7,26.8,30.92,68.12,79,2.03,846.0,41.14,31.17,28.12,43.44,75.22,14,1,26.8,2026-08-29T13:00,61194,24745.84,35.17,True,2,66.67,62.96,High,ORANGE,#E67E22,Activate the local heat action plan; open cooling centres; shift strenuous outdoor work away from afternoon hours; alert hospitals for a possible heat-illness surge.,True,True,True,True,provisional-impact-risk-v2,Relative heat-health impact ranking; not a predicted death count,WorldPop exposure included; demographic and health-outcome calibration pending
54,PITAMPUR NORTH,2026-08-30,35.2,27.4,31.52,64.38,76,1.74,795.0,41.73,31.29,28.25,42.99,75.39,15,2,27.4,2026-08-30T14:00,61194,24745.84,35.17,True,3,100.0,65.61,High,ORANGE,#E67E22,Activate the local heat action plan; open cooling centres; shift strenuous outdoor work away from afternoon hours; alert hospitals for a possible heat-illness surge.,True,True,True,True,provisional-impact-risk-v2,Relative heat-health impact ranking; not a predicted death count,WorldPop exposure included; demographic and health-outcome calibration pending
54,PITAMPUR NORTH,2026-08-31,35.3,27.5,31.55,61.67,75,1.63,809.0,40.99,31.07,27.96,43.32,74.39,11,2,27.5,2026-08-31T14:00,61194,24745.84,35.17,True,4,100.0,64.74,High,ORANGE,#E67E22,Activate the local heat action plan; open cooling centres; shift strenuous outdoor work away from afternoon hours; alert hospitals for a possible heat-illness surge.,True,True,True,True,provisional-impact-risk-v2,Relative heat-health impact ranking; not a predicted death count,WorldPop exposure included; demographic and health-outcome calibration pending
54,PITAMPUR NORTH,2026-09-01,34.0,28.2,30.43,70.71,87,1.24,787.0,40.31,30.81,27.95,42.4,72.07,8,0,28.2,2026-09-01T13:00,61194,24745.84,35.17,True,5,100.0,62.73,High,ORANGE,#E67E22,Activate the local heat action plan; open cooling centres; shift strenuous outdoor work away from afternoon hours; alert hospitals for a possible heat-illness surge.,True,True,True,True,provisional-impact-risk-v2,Relative heat-health impact ranking; not a predicted death count,WorldPop exposure included; demographic and health-outcome calibration pending
55,SHALIMAR BAGH NORTH,2026-08-28,34.4,27.3,30.79,72.83,91,1.92,767.0,40.05,30.37,28.43,41.63,68.98,13,0,27.3,2026-08-28T13:00,55925,25117.9,34.19,True,1,33.33,55.3,High,ORANGE,#E67E22,Activate the local heat action plan; open cooling centres; shift strenuous outdoor work away from afternoon hours; alert hospitals for a possible heat-illness surge.,True,True,True,True,provisional-impact-risk-v2,Relative heat-health impact ranking; not a predicted death count,WorldPop exposure included; demographic and health-outcome calibration pending
55,SHALIMAR BAGH NORTH,2026-08-29,34.7,26.8,30.92,68.12,79,2.03,846.0,41.14,31.17,28.12,43.44,75.22,14,1,26.8,2026-08-29T13:00,55925,25117.9,34.19,True,2,66.67,62.81,High,ORANGE,#E67E22,Activate the local heat action plan; open cooling centres; shift strenuous outdoor work away from afternoon hours; alert hospitals for a possible heat-illness surge.,True,True,True,True,provisional-impact-risk-v2,Relative heat-health impact ranking; not a predicted death count,WorldPop exposure included; demographic and health-outcome calibration pending
55,SHALIMAR BAGH NORTH,2026-08-30,35.2,27.4,31.52,64.38,76,1.74,795.0,41.73,31.29,28.25,42.99,75.39,15,2,27.4,2026-08-30T14:00,55925,25117.9,34.19,True,3,100.0,65.47,High,ORANGE,#E67E22,Activate the local heat action plan; open cooling centres; shift strenuous outdoor work away from afternoon hours; alert hospitals for a possible heat-illness surge.,True,True,True,True,provisional-impact-risk-v2,Relative heat-health impact ranking; not a predicted death count,WorldPop exposure included; demographic and health-outcome calibration pending
55,SHALIMAR BAGH NORTH,2026-08-31,35.3,27.5,31.55,61.67,75,1.63,809.0,40.99,31.07,27.96,43.32,74.39,11,2,27.5,2026-08-31T14:00,55925,25117.9,34.19,True,4,100.0,64.59,High,ORANGE,#E67E22,Activate the local heat action plan; open cooling centres; shift strenuous outdoor work away from afternoon hours; alert hospitals for a possible heat-illness surge.,True,True,True,True,provisional-impact-risk-v2,Relative heat-health impact ranking; not a predicted death count,WorldPop exposure included; demographic and health-outcome calibration pending
55,SHALIMAR BAGH NORTH,2026-09-01,34.0,28.2,30.43,70.71,87,1.24,787.0,40.31,30.81,27.95,42.4,72.07,8,0,28.2,2026-09-01T13:00,55925,25117.9,34.19,True,5,100.0,62.59,High,ORANGE,#E67E22,Activate the local heat action plan; open cooling centres; shift strenuous outdoor work away from afternoon hours; alert hospitals for a possible heat-illness surge.,True,True,True,True,provisional-impact-risk-v2,Relative heat-health impact ranking; not a predicted death count,WorldPop exposure included; demographic and health-outcome calibration pending
56,SHALIMAR BAGH SOUTH,2026-08-28,34.4,27.3,30.79,72.83,91,1.92,767.0,40.05,30.37,28.43,41.63,68.98,13,0,27.3,2026-08-28T13:00,71558,33352.6,47.83,True,1,33.33,57.18,High,ORANGE,#E67E22,Activate the local heat action plan; open cooling centres; shift strenuous outdoor work away from afternoon hours; alert hospitals for a possible heat-illness surge.,True,True,True,True,provisional-impact-risk-v2,Relative heat-health impact ranking; not a predicted death count,WorldPop exposure included; demographic and health-outcome calibration pending
56,SHALIMAR BAGH SOUTH,2026-08-29,34.7,26.8,30.92,68.12,79,2.03,846.0,41.14,31.17,28.12,43.44,75.22,14,1,26.8,2026-08-29T13:00,71558,33352.6,47.83,True,2,66.67,64.87,High,ORANGE,#E67E22,Activate the local heat action plan; open cooling centres; shift strenuous outdoor work away from afternoon hours; alert hospitals for a possible heat-illness surge.,True,True,True,True,provisional-impact-risk-v2,Relative heat-health impact ranking; not a predicted death count,WorldPop exposure included; demographic and health-outcome calibration pending
56,SHALIMAR BAGH SOUTH,2026-08-30,35.2,27.4,31.52,64.38,76,1.74,795.0,41.73,31.29,28.25,42.99,75.39,15,2,27.4,2026-08-30T14:00,71558,33352.6,47.83,True,3,100.0,67.52,High,ORANGE,#E67E22,Activate the local heat action plan; open cooling centres; shift strenuous outdoor work away from afternoon hours; alert hospitals for a possible heat-illness surge.,True,True,True,True,provisional-impact-risk-v2,Relative heat-health impact ranking; not a predicted death count,WorldPop exposure included; demographic and health-outcome calibration pending
56,SHALIMAR BAGH SOUTH,2026-08-31,35.3,27.5,31.55,61.67,75,1.63,809.0,40.99,31.07,27.96,43.32,74.39,11,2,27.5,2026-08-31T14:00,71558,33352.6,47.83,True,4,100.0,66.62,High,ORANGE,#E67E22,Activate the local heat action plan; open cooling centres; shift strenuous outdoor work away from afternoon hours; alert hospitals for a possible heat-illness surge.,True,True,True,True,provisional-impact-risk-v2,Relative heat-health impact ranking; not a predicted death count,WorldPop exposure included; demographic and health-outcome calibration pending
56,SHALIMAR BAGH SOUTH,2026-09-01,34.0,28.2,30.43,70.71,87,1.24,787.0,40.31,30.81,27.95,42.4,72.07,8,0,28.2,2026-09-01T13:00,71558,33352.6,47.83,True,5,100.0,64.55,High,ORANGE,#E67E22,Activate the local heat action plan; open cooling centres; shift strenuous outdoor work away from afternoon hours; alert hospitals for a possible heat-illness surge.,True,True,True,True,provisional-impact-risk-v2,Relative heat-health impact ranking; not a predicted death count,WorldPop exposure included; demographic and health-outcome calibration pending
57,PASCHIM VIHAR SOUTH,2026-08-28,34.6,27.0,30.94,70.71,95,2.25,789.0,40.55,30.53,28.35,42.43,70.68,12,0,27.0,2026-08-28T13:00,76155,25723.7,40.3,True,1,33.33,57.53,High,ORANGE,#E67E22,Activate the local heat action plan; open cooling centres; shift strenuous outdoor work away from afternoon hours; alert hospitals for a possible heat-illness surge.,True,True,True,True,provisional-impact-risk-v2,Relative heat-health impact ranking; not a predicted death count,WorldPop exposure included; demographic and health-outcome calibration pending
57,PASCHIM VIHAR SOUTH,2026-08-29,34.9,26.7,30.94,67.21,79,2.22,848.0,40.83,31.18,28.01,43.64,75.49,13,2,26.7,2026-08-29T13:00,76155,25723.7,40.3,True,2,66.67,63.96,High,ORANGE,#E67E22,Activate the local heat action plan; open cooling centres; shift strenuous outdoor work away from afternoon hours; alert hospitals for a possible heat-illness surge.,True,True,True,True,provisional-impact-risk-v2,Relative heat-health impact ranking; not a predicted death count,WorldPop exposure included; demographic and health-outcome calibration pending
57,PASCHIM VIHAR SOUTH,2026-08-30,35.5,27.4,31.5,63.46,76,2.09,803.0,41.64,31.28,28.12,43.48,75.76,14,2,27.4,2026-08-30T14:00,76155,25723.7,40.3,True,3,100.0,66.71,High,ORANGE,#E67E22,Activate the local heat action plan; open cooling centres; shift strenuous outdoor work away from afternoon hours; alert hospitals for a possible heat-illness surge.,True,True,True,True,provisional-impact-risk-v2,Relative heat-health impact ranking; not a predicted death count,WorldPop exposure included; demographic and health-outcome calibration pending
57,PASCHIM VIHAR SOUTH,2026-08-31,35.3,27.5,31.49,60.79,74,1.85,824.0,40.6,31.11,27.8,43.59,74.89,11,1,27.5,2026-08-31T13:00,76155,25723.7,40.3,True,4,100.0,65.95,High,ORANGE,#E67E22,Activate the local heat action plan; open cooling centres; shift strenuous outdoor work away from afternoon hours; alert hospitals for a possible heat-illness surge.,True,True,True,True,provisional-impact-risk-v2,Relative heat-health impact ranking; not a predicted death count,WorldPop exposure included; demographic and health-outcome calibration pending
57,PASCHIM VIHAR SOUTH,2026-09-01,34.7,27.7,30.73,66.17,84,1.51,798.0,39.6,30.58,27.72,42.75,71.1,8,0,27.7,2026-09-01T13:00,76155,25723.7,40.3,True,5,100.0,62.61,High,ORANGE,#E67E22,Activate the local heat action plan; open cooling centres; shift strenuous outdoor work away from afternoon hours; alert hospitals for a possible heat-illness surge.,True,True,True,True,provisional-impact-risk-v2,Relative heat-health impact ranking; not a predicted death count,WorldPop exposure included; demographic and health-outcome calibration pending
58,PASCHIM VIHAR NORTH,2026-08-28,34.6,27.0,30.94,70.71,95,2.25,789.0,40.55,30.53,28.35,42.43,70.68,12,0,27.0,2026-08-28T13:00,53340,24731.08,33.05,True,1,33.33,56.5,High,ORANGE,#E67E22,Activate the local heat action plan; open cooling centres; shift strenuous outdoor work away from afternoon hours; alert hospitals for a possible heat-illness surge.,True,True,True,True,provisional-impact-risk-v2,Relative heat-health impact ranking; not a predicted death count,WorldPop exposure included; demographic and health-outcome calibration pending
58,PASCHIM VIHAR NORTH,2026-08-29,34.9,26.7,30.94,67.21,79,2.22,848.0,40.83,31.18,28.01,43.64,75.49,13,2,26.7,2026-08-29T13:00,53340,24731.08,33.05,True,2,66.67,62.87,High,ORANGE,#E67E22,Activate the local heat action plan; open cooling centres; shift strenuous outdoor work away from afternoon hours; alert hospitals for a possible heat-illness surge.,True,True,True,True,provisional-impact-risk-v2,Relative heat-health impact ranking; not a predicted death count,WorldPop exposure included; demographic and health-outcome calibration pending
58,PASCHIM VIHAR NORTH,2026-08-30,35.5,27.4,31.5,63.46,76,2.09,803.0,41.64,31.28,28.12,43.48,75.76,14,2,27.4,2026-08-30T14:00,53340,24731.08,33.05,True,3,100.0,65.62,High,ORANGE,#E67E22,Activate the local heat action plan; open cooling centres; shift strenuous outdoor work away from afternoon hours; alert hospitals for a possible heat-illness surge.,True,True,True,True,provisional-impact-risk-v2,Relative heat-health impact ranking; not a predicted death count,WorldPop exposure included; demographic and health-outcome calibration pending
58,PASCHIM VIHAR NORTH,2026-08-31,35.3,27.5,31.49,60.79,74,1.85,824.0,40.6,31.11,27.8,43.59,74.89,11,1,27.5,2026-08-31T13:00,53340,24731.08,33.05,True,4,100.0,64.87,High,ORANGE,#E67E22,Activate the local heat action plan; open cooling centres; shift strenuous outdoor work away from afternoon hours; alert hospitals for a possible heat-illness surge.,True,True,True,True,provisional-impact-risk-v2,Relative heat-health impact ranking; not a predicted death count,WorldPop exposure included; demographic and health-outcome calibration pending
58,PASCHIM VIHAR NORTH,2026-09-01,34.7,27.7,30.73,66.17,84,1.51,798.0,39.6,30.58,27.72,42.75,71.1,8,0,27.7,2026-09-01T13:00,53340,24731.08,33.05,True,5,100.0,61.58,High,ORANGE,#E67E22,Activate the local heat action plan; open cooling centres; shift strenuous outdoor work away from afternoon hours; alert hospitals for a possible heat-illness surge.,True,True,True,True,provisional-impact-risk-v2,Relative heat-health impact ranking; not a predicted death count,WorldPop exposure included; demographic and health-outcome calibration pending
59,RANI BAGH,2026-08-28,34.4,27.3,30.79,72.83,91,1.92,767.0,40.05,30.37,28.43,41.63,68.98,13,0,27.3,2026-08-28T13:00,99116,29748.48,51.07,True,1,33.33,57.63,High,ORANGE,#E67E22,Activate the local heat action plan; open cooling centres; shift strenuous outdoor work away from afternoon hours; alert hospitals for a possible heat-illness surge.,True,True,True,True,provisional-impact-risk-v2,Relative heat-health impact ranking; not a predicted death count,WorldPop exposure included; demographic and health-outcome calibration pending
59,RANI BAGH,2026-08-29,34.7,26.8,30.92,68.12,79,2.03,846.0,41.14,31.17,28.12,43.44,75.22,14,1,26.8,2026-08-29T13:00,99116,29748.48,51.07,True,2,66.67,65.35,High,ORANGE,#E67E22,Activate the local heat action plan; open cooling centres; shift strenuous outdoor work away from afternoon hours; alert hospitals for a possible heat-illness surge.,True,True,True,True,provisional-impact-risk-v2,Relative heat-health impact ranking; not a predicted death count,WorldPop exposure included; demographic and health-outcome calibration pending
59,RANI BAGH,2026-08-30,35.2,27.4,31.52,64.38,76,1.74,795.0,41.73,31.29,28.25,42.99,75.39,15,2,27.4,2026-08-30T14:00,99116,29748.48,51.07,True,3,100.0,68.01,High,ORANGE,#E67E22,Activate the local heat action plan; open cooling centres; shift strenuous outdoor work away from afternoon hours; alert hospitals for a possible heat-illness surge.,True,True,True,True,provisional-impact-risk-v2,Relative heat-health impact ranking; not a predicted death count,WorldPop exposure included; demographic and health-outcome calibration pending
59,RANI BAGH,2026-08-31,35.3,27.5,31.55,61.67,75,1.63,809.0,40.99,31.07,27.96,43.32,74.39,11,2,27.5,2026-08-31T14:00,99116,29748.48,51.07,True,4,100.0,67.11,High,ORANGE,#E67E22,Activate the local heat action plan; open cooling centres; shift strenuous outdoor work away from afternoon hours; alert hospitals for a possible heat-illness surge.,True,True,True,True,provisional-impact-risk-v2,Relative heat-health impact ranking; not a predicted death count,WorldPop exposure included; demographic and health-outcome calibration pending
59,RANI BAGH,2026-09-01,34.0,28.2,30.43,70.71,87,1.24,787.0,40.31,30.81,27.95,42.4,72.07,8,0,28.2,2026-09-01T13:00,99116,29748.48,51.07,True,5,100.0,65.02,High,ORANGE,#E67E22,Activate the local heat action plan; open cooling centres; shift strenuous outdoor work away from afternoon hours; alert hospitals for a possible heat-illness surge.,True,True,True,True,provisional-impact-risk-v2,Relative heat-health impact ranking; not a predicted death count,WorldPop exposure included; demographic and health-outcome calibration pending
6,MUKUND PUR,2026-08-28,34.4,27.3,30.79,72.83,91,1.92,767.0,40.05,30.37,28.43,41.63,68.98,13,0,27.3,2026-08-28T13:00,109143,19696.99,42.2,True,1,33.33,56.41,High,ORANGE,#E67E22,Activate the local heat action plan; open cooling centres; shift strenuous outdoor work away from afternoon hours; alert hospitals for a possible heat-illness surge.,True,True,True,True,provisional-impact-risk-v2,Relative heat-health impact ranking; not a predicted death count,WorldPop exposure included; demographic and health-outcome calibration pending
6,MUKUND PUR,2026-08-29,34.7,26.8,30.92,68.12,79,2.03,846.0,41.14,31.17,28.12,43.44,75.22,14,1,26.8,2026-08-29T13:00,109143,19696.99,42.2,True,2,66.67,64.02,High,ORANGE,#E67E22,Activate the local heat action plan; open cooling centres; shift strenuous outdoor work away from afternoon hours; alert hospitals for a possible heat-illness surge.,True,True,True,True,provisional-impact-risk-v2,Relative heat-health impact ranking; not a predicted death count,WorldPop exposure included; demographic and health-outcome calibration pending
6,MUKUND PUR,2026-08-30,35.2,27.4,31.52,64.38,76,1.74,795.0,41.73,31.29,28.25,42.99,75.39,15,2,27.4,2026-08-30T14:00,109143,19696.99,42.2,True,3,100.0,66.67,High,ORANGE,#E67E22,Activate the local heat action plan; open cooling centres; shift strenuous outdoor work away from afternoon hours; alert hospitals for a possible heat-illness surge.,True,True,True,True,provisional-impact-risk-v2,Relative heat-health impact ranking; not a predicted death count,WorldPop exposure included; demographic and health-outcome calibration pending
6,MUKUND PUR,2026-08-31,35.3,27.5,31.55,61.67,75,1.63,809.0,40.99,31.07,27.96,43.32,74.39,11,2,27.5,2026-08-31T14:00,109143,19696.99,42.2,True,4,100.0,65.79,High,ORANGE,#E67E22,Activate the local heat action plan; open cooling centres; shift strenuous outdoor work away from afternoon hours; alert hospitals for a possible heat-illness surge.,True,True,True,True,provisional-impact-risk-v2,Relative heat-health impact ranking; not a predicted death count,WorldPop exposure included; demographic and health-outcome calibration pending
6,MUKUND PUR,2026-09-01,34.0,28.2,30.43,70.71,87,1.24,787.0,40.31,30.81,27.95,42.4,72.07,8,0,28.2,2026-09-01T13:00,109143,19696.99,42.2,True,5,100.0,63.74,High,ORANGE,#E67E22,Activate the local heat action plan; open cooling centres; shift strenuous outdoor work away from afternoon hours; alert hospitals for a possible heat-illness surge.,True,True,True,True,provisional-impact-risk-v2,Relative heat-health impact ranking; not a predicted death count,WorldPop exposure included; demographic and health-outcome calibration pending
60,SARASWATI VIHAR,2026-08-28,34.4,27.3,30.79,72.83,91,1.92,767.0,40.05,30.37,28.43,41.63,68.98,13,0,27.3,2026-08-28T13:00,109352,27449.17,51.16,True,1,33.33,57.64,High,ORANGE,#E67E22,Activate the local heat action plan; open cooling centres; shift strenuous outdoor work away from afternoon hours; alert hospitals for a possible heat-illness surge.,True,True,True,True,provisional-impact-risk-v2,Relative heat-health impact ranking; not a predicted death count,WorldPop exposure included; demographic and health-outcome calibration pending
60,SARASWATI VIHAR,2026-08-29,34.7,26.8,30.92,68.12,79,2.03,846.0,41.14,31.17,28.12,43.44,75.22,14,1,26.8,2026-08-29T13:00,109352,27449.17,51.16,True,2,66.67,65.37,High,ORANGE,#E67E22,Activate the local heat action plan; open cooling centres; shift strenuous outdoor work away from afternoon hours; alert hospitals for a possible heat-illness surge.,True,True,True,True,provisional-impact-risk-v2,Relative heat-health impact ranking; not a predicted death count,WorldPop exposure included; demographic and health-outcome calibration pending
60,SARASWATI VIHAR,2026-08-30,35.2,27.4,31.52,64.38,76,1.74,795.0,41.73,31.29,28.25,42.99,75.39,15,2,27.4,2026-08-30T14:00,109352,27449.17,51.16,True,3,100.0,68.03,High,ORANGE,#E67E22,Activate the local heat action plan; open cooling centres; shift strenuous outdoor work away from afternoon hours; alert hospitals for a possible heat-illness surge.,True,True,True,True,provisional-impact-risk-v2,Relative heat-health impact ranking; not a predicted death count,WorldPop exposure included; demographic and health-outcome calibration pending
60,SARASWATI VIHAR,2026-08-31,35.3,27.5,31.55,61.67,75,1.63,809.0,40.99,31.07,27.96,43.32,74.39,11,2,27.5,2026-08-31T14:00,109352,27449.17,51.16,True,4,100.0,67.12,High,ORANGE,#E67E22,Activate the local heat action plan; open cooling centres; shift strenuous outdoor work away from afternoon hours; alert hospitals for a possible heat-illness surge.,True,True,True,True,provisional-impact-risk-v2,Relative heat-health impact ranking; not a predicted death count,WorldPop exposure included; demographic and health-outcome calibration pending
60,SARASWATI VIHAR,2026-09-01,34.0,28.2,30.43,70.71,87,1.24,787.0,40.31,30.81,27.95,42.4,72.07,8,0,28.2,2026-09-01T13:00,109352,27449.17,51.16,True,5,100.0,65.03,High,ORANGE,#E67E22,Activate the local heat action plan; open cooling centres; shift strenuous outdoor work away from afternoon hours; alert hospitals for a possible heat-illness surge.,True,True,True,True,provisional-impact-risk-v2,Relative heat-health impact ranking; not a predicted death count,WorldPop exposure included; demographic and health-outcome calibration pending
61,TRI NAGAR,2026-08-28,34.5,26.5,30.69,72.71,93,1.93,770.0,39.97,30.55,28.32,42.09,70.45,12,0,26.5,2026-08-28T13:00,35088,36806.88,42.04,True,1,33.33,57.59,High,ORANGE,#E67E22,Activate the local heat action plan; open cooling centres; shift strenuous outdoor work away from afternoon hours; alert hospitals for a possible heat-illness surge.,True,True,True,True,provisional-impact-risk-v2,Relative heat-health impact ranking; not a predicted death count,WorldPop exposure included; demographic and health-outcome calibration pending
61,TRI NAGAR,2026-08-29,34.8,26.7,30.81,68.58,80,1.94,844.0,40.98,31.08,28.04,43.46,74.76,13,1,26.7,2026-08-29T13:00,35088,36806.88,42.04,True,2,66.67,63.6,High,ORANGE,#E67E22,Activate the local heat action plan; open cooling centres; shift strenuous outdoor work away from afternoon hours; alert hospitals for a possible heat-illness surge.,True,True,True,True,provisional-impact-risk-v2,Relative heat-health impact ranking; not a predicted death count,WorldPop exposure included; demographic and health-outcome calibration pending
61,TRI NAGAR,2026-08-30,35.3,27.4,31.39,64.71,76,1.74,788.0,41.81,31.17,28.15,43.02,74.86,14,1,27.4,2026-08-30T14:00,35088,36806.88,42.04,True,3,100.0,66.19,High,ORANGE,#E67E22,Activate the local heat action plan; open cooling centres; shift strenuous outdoor work away from afternoon hours; alert hospitals for a possible heat-illness surge.,True,True,True,True,provisional-impact-risk-v2,Relative heat-health impact ranking; not a predicted death count,WorldPop exposure included; demographic and health-outcome calibration pending
61,TRI NAGAR,2026-08-31,35.8,27.4,31.62,61.42,78,1.55,819.0,41.36,31.24,27.98,43.79,75.8,11,2,27.4,2026-08-31T13:00,35088,36806.88,42.04,True,4,100.0,67.01,High,ORANGE,#E67E22,Activate the local heat action plan; open cooling centres; shift strenuous outdoor work away from afternoon hours; alert hospitals for a possible heat-illness surge.,True,True,True,True,provisional-impact-risk-v2,Relative heat-health impact ranking; not a predicted death count,WorldPop exposure included; demographic and health-outcome calibration pending
61,TRI NAGAR,2026-09-01,34.5,28.1,30.6,68.92,87,1.14,789.0,40.54,30.89,27.9,42.76,72.92,8,0,28.1,2026-09-01T13:00,35088,36806.88,42.04,True,5,100.0,64.47,High,ORANGE,#E67E22,Activate the local heat action plan; open cooling centres; shift strenuous outdoor work away from afternoon hours; alert hospitals for a possible heat-illness surge.,True,True,True,True,provisional-impact-risk-v2,Relative heat-health impact ranking; not a predicted death count,WorldPop exposure included; demographic and health-outcome calibration pending
62,RAMPURA,2026-08-28,34.4,27.3,30.79,72.83,91,1.92,767.0,40.05,30.37,28.43,41.63,68.98,13,0,27.3,2026-08-28T13:00,90152,35971.59,55.81,True,1,33.33,58.28,High,ORANGE,#E67E22,Activate the local heat action plan; open cooling centres; shift strenuous outdoor work away from afternoon hours; alert hospitals for a possible heat-illness surge.,True,True,True,True,provisional-impact-risk-v2,Relative heat-health impact ranking; not a predicted death count,WorldPop exposure included; demographic and health-outcome calibration pending
62,RAMPURA,2026-08-29,34.7,26.8,30.92,68.12,79,2.03,846.0,41.14,31.17,28.12,43.44,75.22,14,1,26.8,2026-08-29T13:00,90152,35971.59,55.81,True,2,66.67,66.07,High,ORANGE,#E67E22,Activate the local heat action plan; open cooling centres; shift strenuous outdoor work away from afternoon hours; alert hospitals for a possible heat-illness surge.,True,True,True,True,provisional-impact-risk-v2,Relative heat-health impact ranking; not a predicted death count,WorldPop exposure included; demographic and health-outcome calibration pending
62,RAMPURA,2026-08-30,35.2,27.4,31.52,64.38,76,1.74,795.0,41.73,31.29,28.25,42.99,75.39,15,2,27.4,2026-08-30T14:00,90152,35971.59,55.81,True,3,100.0,68.73,High,ORANGE,#E67E22,Activate the local heat action plan; open cooling centres; shift strenuous outdoor work away from afternoon hours; alert hospitals for a possible heat-illness surge.,True,True,True,True,provisional-impact-risk-v2,Relative heat-health impact ranking; not a predicted death count,WorldPop exposure included; demographic and health-outcome calibration pending
62,RAMPURA,2026-08-31,35.3,27.5,31.55,61.67,75,1.63,809.0,40.99,31.07,27.96,43.32,74.39,11,2,27.5,2026-08-31T14:00,90152,35971.59,55.81,True,4,100.0,67.81,High,ORANGE,#E67E22,Activate the local heat action plan; open cooling centres; shift strenuous outdoor work away from afternoon hours; alert hospitals for a possible heat-illness surge.,True,True,True,True,provisional-impact-risk-v2,Relative heat-health impact ranking; not a predicted death count,WorldPop exposure included; demographic and health-outcome calibration pending
62,RAMPURA,2026-09-01,34.0,28.2,30.43,70.71,87,1.24,787.0,40.31,30.81,27.95,42.4,72.07,8,0,28.2,2026-09-01T13:00,90152,35971.59,55.81,True,5,100.0,65.7,High,ORANGE,#E67E22,Activate the local heat action plan; open cooling centres; shift strenuous outdoor work away from afternoon hours; alert hospitals for a possible heat-illness surge.,True,True,True,True,provisional-impact-risk-v2,Relative heat-health impact ranking; not a predicted death count,WorldPop exposure included; demographic and health-outcome calibration pending
63,KOHAT ENCLAVE,2026-08-28,34.4,27.3,30.79,72.83,91,1.92,767.0,40.05,30.37,28.43,41.63,68.98,13,0,27.3,2026-08-28T13:00,75644,37033.19,53.15,True,1,33.33,57.92,High,ORANGE,#E67E22,Activate the local heat action plan; open cooling centres; shift strenuous outdoor work away from afternoon hours; alert hospitals for a possible heat-illness surge.,True,True,True,True,provisional-impact-risk-v2,Relative heat-health impact ranking; not a predicted death count,WorldPop exposure included; demographic and health-outcome calibration pending
63,KOHAT ENCLAVE,2026-08-29,34.7,26.8,30.92,68.12,79,2.03,846.0,41.14,31.17,28.12,43.44,75.22,14,1,26.8,2026-08-29T13:00,75644,37033.19,53.15,True,2,66.67,65.67,High,ORANGE,#E67E22,Activate the local heat action plan; open cooling centres; shift strenuous outdoor work away from afternoon hours; alert hospitals for a possible heat-illness surge.,True,True,True,True,provisional-impact-risk-v2,Relative heat-health impact ranking; not a predicted death count,WorldPop exposure included; demographic and health-outcome calibration pending
63,KOHAT ENCLAVE,2026-08-30,35.2,27.4,31.52,64.38,76,1.74,795.0,41.73,31.29,28.25,42.99,75.39,15,2,27.4,2026-08-30T14:00,75644,37033.19,53.15,True,3,100.0,68.33,High,ORANGE,#E67E22,Activate the local heat action plan; open cooling centres; shift strenuous outdoor work away from afternoon hours; alert hospitals for a possible heat-illness surge.,True,True,True,True,provisional-impact-risk-v2,Relative heat-health impact ranking; not a predicted death count,WorldPop exposure included; demographic and health-outcome calibration pending
63,KOHAT ENCLAVE,2026-08-31,35.3,27.5,31.55,61.67,75,1.63,809.0,40.99,31.07,27.96,43.32,74.39,11,2,27.5,2026-08-31T14:00,75644,37033.19,53.15,True,4,100.0,67.42,High,ORANGE,#E67E22,Activate the local heat action plan; open cooling centres; shift strenuous outdoor work away from afternoon hours; alert hospitals for a possible heat-illness surge.,True,True,True,True,provisional-impact-risk-v2,Relative heat-health impact ranking; not a predicted death count,WorldPop exposure included; demographic and health-outcome calibration pending
63,KOHAT ENCLAVE,2026-09-01,34.0,28.2,30.43,70.71,87,1.24,787.0,40.31,30.81,27.95,42.4,72.07,8,0,28.2,2026-09-01T13:00,75644,37033.19,53.15,True,5,100.0,65.32,High,ORANGE,#E67E22,Activate the local heat action plan; open cooling centres; shift strenuous outdoor work away from afternoon hours; alert hospitals for a possible heat-illness surge.,True,True,True,True,provisional-impact-risk-v2,Relative heat-health impact ranking; not a predicted death count,WorldPop exposure included; demographic and health-outcome calibration pending
64,SHAKUR PUR,2026-08-28,34.4,27.3,30.79,72.83,91,1.92,767.0,40.05,30.37,28.43,41.63,68.98,13,0,27.3,2026-08-28T13:00,36487,35845.37,41.31,True,1,33.33,56.28,High,ORANGE,#E67E22,Activate the local heat action plan; open cooling centres; shift strenuous outdoor work away from afternoon hours; alert hospitals for a possible heat-illness surge.,True,True,True,True,provisional-impact-risk-v2,Relative heat-health impact ranking; not a predicted death count,WorldPop exposure included; demographic and health-outcome calibration pending
64,SHAKUR PUR,2026-08-29,34.7,26.8,30.92,68.12,79,2.03,846.0,41.14,31.17,28.12,43.44,75.22,14,1,26.8,2026-08-29T13:00,36487,35845.37,41.31,True,2,66.67,63.89,High,ORANGE,#E67E22,Activate the local heat action plan; open cooling centres; shift strenuous outdoor work away from afternoon hours; alert hospitals for a possible heat-illness surge.,True,True,True,True,provisional-impact-risk-v2,Relative heat-health impact ranking; not a predicted death count,WorldPop exposure included; demographic and health-outcome calibration pending
64,SHAKUR PUR,2026-08-30,35.2,27.4,31.52,64.38,76,1.74,795.0,41.73,31.29,28.25,42.99,75.39,15,2,27.4,2026-08-30T14:00,36487,35845.37,41.31,True,3,100.0,66.54,High,ORANGE,#E67E22,Activate the local heat action plan; open cooling centres; shift strenuous outdoor work away from afternoon hours; alert hospitals for a possible heat-illness surge.,True,True,True,True,provisional-impact-risk-v2,Relative heat-health impact ranking; not a predicted death count,WorldPop exposure included; demographic and health-outcome calibration pending
64,SHAKUR PUR,2026-08-31,35.3,27.5,31.55,61.67,75,1.63,809.0,40.99,31.07,27.96,43.32,74.39,11,2,27.5,2026-08-31T14:00,36487,35845.37,41.31,True,4,100.0,65.65,High,ORANGE,#E67E22,Activate the local heat action plan; open cooling centres; shift strenuous outdoor work away from afternoon hours; alert hospitals for a possible heat-illness surge.,True,True,True,True,provisional-impact-risk-v2,Relative heat-health impact ranking; not a predicted death count,WorldPop exposure included; demographic and health-outcome calibration pending
64,SHAKUR PUR,2026-09-01,34.0,28.2,30.43,70.71,87,1.24,787.0,40.31,30.81,27.95,42.4,72.07,8,0,28.2,2026-09-01T13:00,36487,35845.37,41.31,True,5,100.0,63.61,High,ORANGE,#E67E22,Activate the local heat action plan; open cooling centres; shift strenuous outdoor work away from afternoon hours; alert hospitals for a possible heat-illness surge.,True,True,True,True,provisional-impact-risk-v2,Relative heat-health impact ranking; not a predicted death count,WorldPop exposure included; demographic and health-outcome calibration pending
65,NIMRI COLONY,2026-08-28,34.5,26.5,30.69,72.71,93,1.93,770.0,39.97,30.55,28.32,42.09,70.45,12,0,26.5,2026-08-28T13:00,35581,28187.44,32.27,True,1,33.33,56.21,High,ORANGE,#E67E22,Activate the local heat action plan; open cooling centres; shift strenuous outdoor work away from afternoon hours; alert hospitals for a possible heat-illness surge.,True,True,True,True,provisional-impact-risk-v2,Relative heat-health impact ranking; not a predicted death count,WorldPop exposure included; demographic and health-outcome calibration pending
65,NIMRI COLONY,2026-08-29,34.8,26.7,30.81,68.58,80,1.94,844.0,40.98,31.08,28.04,43.46,74.76,13,1,26.7,2026-08-29T13:00,35581,28187.44,32.27,True,2,66.67,62.14,High,ORANGE,#E67E22,Activate the local heat action plan; open cooling centres; shift strenuous outdoor work away from afternoon hours; alert hospitals for a possible heat-illness surge.,True,True,True,True,provisional-impact-risk-v2,Relative heat-health impact ranking; not a predicted death count,WorldPop exposure included; demographic and health-outcome calibration pending
65,NIMRI COLONY,2026-08-30,35.3,27.4,31.39,64.71,76,1.74,788.0,41.81,31.17,28.15,43.02,74.86,14,1,27.4,2026-08-30T14:00,35581,28187.44,32.27,True,3,100.0,64.72,High,ORANGE,#E67E22,Activate the local heat action plan; open cooling centres; shift strenuous outdoor work away from afternoon hours; alert hospitals for a possible heat-illness surge.,True,True,True,True,provisional-impact-risk-v2,Relative heat-health impact ranking; not a predicted death count,WorldPop exposure included; demographic and health-outcome calibration pending
65,NIMRI COLONY,2026-08-31,35.8,27.4,31.62,61.42,78,1.55,819.0,41.36,31.24,27.98,43.79,75.8,11,2,27.4,2026-08-31T13:00,35581,28187.44,32.27,True,4,100.0,65.53,High,ORANGE,#E67E22,Activate the local heat action plan; open cooling centres; shift strenuous outdoor work away from afternoon hours; alert hospitals for a possible heat-illness surge.,True,True,True,True,provisional-impact-risk-v2,Relative heat-health impact ranking; not a predicted death count,WorldPop exposure included; demographic and health-outcome calibration pending
65,NIMRI COLONY,2026-09-01,34.5,28.1,30.6,68.92,87,1.14,789.0,40.54,30.89,27.9,42.76,72.92,8,0,28.1,2026-09-01T13:00,35581,28187.44,32.27,True,5,100.0,63.04,High,ORANGE,#E67E22,Activate the local heat action plan; open cooling centres; shift strenuous outdoor work away from afternoon hours; alert hospitals for a possible heat-illness surge.,True,True,True,True,provisional-impact-risk-v2,Relative heat-health impact ranking; not a predicted death count,WorldPop exposure included; demographic and health-outcome calibration pending
66,SAWAN PARK,2026-08-28,34.4,27.3,30.79,72.83,91,1.92,767.0,40.05,30.37,28.43,41.63,68.98,13,0,27.3,2026-08-28T13:00,65455,27802.32,39.82,True,1,33.33,56.08,High,ORANGE,#E67E22,Activate the local heat action plan; open cooling centres; shift strenuous outdoor work away from afternoon hours; alert hospitals for a possible heat-illness surge.,True,True,True,True,provisional-impact-risk-v2,Relative heat-health impact ranking; not a predicted death count,WorldPop exposure included; demographic and health-outcome calibration pending
66,SAWAN PARK,2026-08-29,34.7,26.8,30.92,68.12,79,2.03,846.0,41.14,31.17,28.12,43.44,75.22,14,1,26.8,2026-08-29T13:00,65455,27802.32,39.82,True,2,66.67,63.66,High,ORANGE,#E67E22,Activate the local heat action plan; open cooling centres; shift strenuous outdoor work away from afternoon hours; alert hospitals for a possible heat-illness surge.,True,True,True,True,provisional-impact-risk-v2,Relative heat-health impact ranking; not a predicted death count,WorldPop exposure included; demographic and health-outcome calibration pending
66,SAWAN PARK,2026-08-30,35.2,27.4,31.52,64.38,76,1.74,795.0,41.73,31.29,28.25,42.99,75.39,15,2,27.4,2026-08-30T14:00,65455,27802.32,39.82,True,3,100.0,66.32,High,ORANGE,#E67E22,Activate the local heat action plan; open cooling centres; shift strenuous outdoor work away from afternoon hours; alert hospitals for a possible heat-illness surge.,True,True,True,True,provisional-impact-risk-v2,Relative heat-health impact ranking; not a predicted death count,WorldPop exposure included; demographic and health-outcome calibration pending
66,SAWAN PARK,2026-08-31,35.3,27.5,31.55,61.67,75,1.63,809.0,40.99,31.07,27.96,43.32,74.39,11,2,27.5,2026-08-31T14:00,65455,27802.32,39.82,True,4,100.0,65.43,High,ORANGE,#E67E22,Activate the local heat action plan; open cooling centres; shift strenuous outdoor work away from afternoon hours; alert hospitals for a possible heat-illness surge.,True,True,True,True,provisional-impact-risk-v2,Relative heat-health impact ranking; not a predicted death count,WorldPop exposure included; demographic and health-outcome calibration pending
66,SAWAN PARK,2026-09-01,34.0,28.2,30.43,70.71,87,1.24,787.0,40.31,30.81,27.95,42.4,72.07,8,0,28.2,2026-09-01T13:00,65455,27802.32,39.82,True,5,100.0,63.4,High,ORANGE,#E67E22,Activate the local heat action plan; open cooling centres; shift strenuous outdoor work away from afternoon hours; alert hospitals for a possible heat-illness surge.,True,True,True,True,provisional-impact-risk-v2,Relative heat-health impact ranking; not a predicted death count,WorldPop exposure included; demographic and health-outcome calibration pending
67,WAJIRPUR,2026-08-28,34.4,27.3,30.79,72.83,91,1.92,767.0,40.05,30.37,28.43,41.63,68.98,13,0,27.3,2026-08-28T13:00,59221,30966.85,41.79,True,1,33.33,56.35,High,ORANGE,#E67E22,Activate the local heat action plan; open cooling centres; shift strenuous outdoor work away from afternoon hours; alert hospitals for a possible heat-illness surge.,True,True,True,True,provisional-impact-risk-v2,Relative heat-health impact ranking; not a predicted death count,WorldPop exposure included; demographic and health-outcome calibration pending
67,WAJIRPUR,2026-08-29,34.7,26.8,30.92,68.12,79,2.03,846.0,41.14,31.17,28.12,43.44,75.22,14,1,26.8,2026-08-29T13:00,59221,30966.85,41.79,True,2,66.67,63.96,High,ORANGE,#E67E22,Activate the local heat action plan; open cooling centres; shift strenuous outdoor work away from afternoon hours; alert hospitals for a possible heat-illness surge.,True,True,True,True,provisional-impact-risk-v2,Relative heat-health impact ranking; not a predicted death count,WorldPop exposure included; demographic and health-outcome calibration pending
67,WAJIRPUR,2026-08-30,35.2,27.4,31.52,64.38,76,1.74,795.0,41.73,31.29,28.25,42.99,75.39,15,2,27.4,2026-08-30T14:00,59221,30966.85,41.79,True,3,100.0,66.61,High,ORANGE,#E67E22,Activate the local heat action plan; open cooling centres; shift strenuous outdoor work away from afternoon hours; alert hospitals for a possible heat-illness surge.,True,True,True,True,provisional-impact-risk-v2,Relative heat-health impact ranking; not a predicted death count,WorldPop exposure included; demographic and health-outcome calibration pending
67,WAJIRPUR,2026-08-31,35.3,27.5,31.55,61.67,75,1.63,809.0,40.99,31.07,27.96,43.32,74.39,11,2,27.5,2026-08-31T14:00,59221,30966.85,41.79,True,4,100.0,65.73,High,ORANGE,#E67E22,Activate the local heat action plan; open cooling centres; shift strenuous outdoor work away from afternoon hours; alert hospitals for a possible heat-illness surge.,True,True,True,True,provisional-impact-risk-v2,Relative heat-health impact ranking; not a predicted death count,WorldPop exposure included; demographic and health-outcome calibration pending
67,WAJIRPUR,2026-09-01,34.0,28.2,30.43,70.71,87,1.24,787.0,40.31,30.81,27.95,42.4,72.07,8,0,28.2,2026-09-01T13:00,59221,30966.85,41.79,True,5,100.0,63.68,High,ORANGE,#E67E22,Activate the local heat action plan; open cooling centres; shift strenuous outdoor work away from afternoon hours; alert hospitals for a possible heat-illness surge.,True,True,True,True,provisional-impact-risk-v2,Relative heat-health impact ranking; not a predicted death count,WorldPop exposure included; demographic and health-outcome calibration pending
68,ASHOK VIHAR,2026-08-28,34.4,27.3,30.79,72.83,91,1.92,767.0,40.05,30.37,28.43,41.63,68.98,13,0,27.3,2026-08-28T13:00,66726,32768.26,45.87,True,1,33.33,56.91,High,ORANGE,#E67E22,Activate the local heat action plan; open cooling centres; shift strenuous outdoor work away from afternoon hours; alert hospitals for a possible heat-illness surge.,True,True,True,True,provisional-impact-risk-v2,Relative heat-health impact ranking; not a predicted death count,WorldPop exposure included; demographic and health-outcome calibration pending
68,ASHOK VIHAR,2026-08-29,34.7,26.8,30.92,68.12,79,2.03,846.0,41.14,31.17,28.12,43.44,75.22,14,1,26.8,2026-08-29T13:00,66726,32768.26,45.87,True,2,66.67,64.57,High,ORANGE,#E67E22,Activate the local heat action plan; open cooling centres; shift strenuous outdoor work away from afternoon hours; alert hospitals for a possible heat-illness surge.,True,True,True,True,provisional-impact-risk-v2,Relative heat-health impact ranking; not a predicted death count,WorldPop exposure included; demographic and health-outcome calibration pending
68,ASHOK VIHAR,2026-08-30,35.2,27.4,31.52,64.38,76,1.74,795.0,41.73,31.29,28.25,42.99,75.39,15,2,27.4,2026-08-30T14:00,66726,32768.26,45.87,True,3,100.0,67.23,High,ORANGE,#E67E22,Activate the local heat action plan; open cooling centres; shift strenuous outdoor work away from afternoon hours; alert hospitals for a possible heat-illness surge.,True,True,True,True,provisional-impact-risk-v2,Relative heat-health impact ranking; not a predicted death count,WorldPop exposure included; demographic and health-outcome calibration pending
68,ASHOK VIHAR,2026-08-31,35.3,27.5,31.55,61.67,75,1.63,809.0,40.99,31.07,27.96,43.32,74.39,11,2,27.5,2026-08-31T14:00,66726,32768.26,45.87,True,4,100.0,66.33,High,ORANGE,#E67E22,Activate the local heat action plan; open cooling centres; shift strenuous outdoor work away from afternoon hours; alert hospitals for a possible heat-illness surge.,True,True,True,True,provisional-impact-risk-v2,Relative heat-health impact ranking; not a predicted death count,WorldPop exposure included; demographic and health-outcome calibration pending
68,ASHOK VIHAR,2026-09-01,34.0,28.2,30.43,70.71,87,1.24,787.0,40.31,30.81,27.95,42.4,72.07,8,0,28.2,2026-09-01T13:00,66726,32768.26,45.87,True,5,100.0,64.27,High,ORANGE,#E67E22,Activate the local heat action plan; open cooling centres; shift strenuous outdoor work away from afternoon hours; alert hospitals for a possible heat-illness surge.,True,True,True,True,provisional-impact-risk-v2,Relative heat-health impact ranking; not a predicted death count,WorldPop exposure included; demographic and health-outcome calibration pending
69,KAMLA NAGAR,2026-08-28,34.5,26.5,30.69,72.71,93,1.93,770.0,39.97,30.55,28.32,42.09,70.45,12,0,26.5,2026-08-28T13:00,55099,22803.05,31.31,True,1,33.33,56.08,High,ORANGE,#E67E22,Activate the local heat action plan; open cooling centres; shift strenuous outdoor work away from afternoon hours; alert hospitals for a possible heat-illness surge.,True,True,True,True,provisional-impact-risk-v2,Relative heat-health impact ranking; not a predicted death count,WorldPop exposure included; demographic and health-outcome calibration pending
69,KAMLA NAGAR,2026-08-29,34.8,26.7,30.81,68.58,80,1.94,844.0,40.98,31.08,28.04,43.46,74.76,13,1,26.7,2026-08-29T13:00,55099,22803.05,31.31,True,2,66.67,62.0,High,ORANGE,#E67E22,Activate the local heat action plan; open cooling centres; shift strenuous outdoor work away from afternoon hours; alert hospitals for a possible heat-illness surge.,True,True,True,True,provisional-impact-risk-v2,Relative heat-health impact ranking; not a predicted death count,WorldPop exposure included; demographic and health-outcome calibration pending
69,KAMLA NAGAR,2026-08-30,35.3,27.4,31.39,64.71,76,1.74,788.0,41.81,31.17,28.15,43.02,74.86,14,1,27.4,2026-08-30T14:00,55099,22803.05,31.31,True,3,100.0,64.58,High,ORANGE,#E67E22,Activate the local heat action plan; open cooling centres; shift strenuous outdoor work away from afternoon hours; alert hospitals for a possible heat-illness surge.,True,True,True,True,provisional-impact-risk-v2,Relative heat-health impact ranking; not a predicted death count,WorldPop exposure included; demographic and health-outcome calibration pending
69,KAMLA NAGAR,2026-08-31,35.8,27.4,31.62,61.42,78,1.55,819.0,41.36,31.24,27.98,43.79,75.8,11,2,27.4,2026-08-31T13:00,55099,22803.05,31.31,True,4,100.0,65.39,High,ORANGE,#E67E22,Activate the local heat action plan; open cooling centres; shift strenuous outdoor work away from afternoon hours; alert hospitals for a possible heat-illness surge.,True,True,True,True,provisional-impact-risk-v2,Relative heat-health impact ranking; not a predicted death count,WorldPop exposure included; demographic and health-outcome calibration pending
69,KAMLA NAGAR,2026-09-01,34.5,28.1,30.6,68.92,87,1.14,789.0,40.54,30.89,27.9,42.76,72.92,8,0,28.1,2026-09-01T13:00,55099,22803.05,31.31,True,5,100.0,62.9,High,ORANGE,#E67E22,Activate the local heat action plan; open cooling centres; shift strenuous outdoor work away from afternoon hours; alert hospitals for a possible heat-illness surge.,True,True,True,True,provisional-impact-risk-v2,Relative heat-health impact ranking; not a predicted death count,WorldPop exposure included; demographic and health-outcome calibration pending
7,BURARI,2026-08-28,33.7,26.2,30.16,76.92,96,1.95,762.0,40.41,30.3,28.26,40.72,67.42,11,0,26.2,2026-08-28T12:00,90846,5241.7,20.73,True,1,33.33,52.24,High,ORANGE,#E67E22,Activate the local heat action plan; open cooling centres; shift strenuous outdoor work away from afternoon hours; alert hospitals for a possible heat-illness surge.,True,True,True,True,provisional-impact-risk-v2,Relative heat-health impact ranking; not a predicted death count,WorldPop exposure included; demographic and health-outcome calibration pending
7,BURARI,2026-08-29,33.7,26.8,30.34,72.58,83,2.08,846.0,41.42,31.13,28.08,42.8,74.32,13,2,26.8,2026-08-29T13:00,90846,5241.7,20.73,True,2,66.67,60.06,High,ORANGE,#E67E22,Activate the local heat action plan; open cooling centres; shift strenuous outdoor work away from afternoon hours; alert hospitals for a possible heat-illness surge.,True,True,True,True,provisional-impact-risk-v2,Relative heat-health impact ranking; not a predicted death count,WorldPop exposure included; demographic and health-outcome calibration pending
7,BURARI,2026-08-30,33.8,27.1,30.45,72.75,87,1.81,805.0,42.04,31.24,28.22,42.44,74.25,14,3,27.1,2026-08-30T14:00,90846,5241.7,20.73,True,3,100.0,62.48,High,ORANGE,#E67E22,Activate the local heat action plan; open cooling centres; shift strenuous outdoor work away from afternoon hours; alert hospitals for a possible heat-illness surge.,True,True,True,True,provisional-impact-risk-v2,Relative heat-health impact ranking; not a predicted death count,WorldPop exposure included; demographic and health-outcome calibration pending
7,BURARI,2026-08-31,33.4,27.3,29.92,77.04,95,1.46,803.0,41.15,30.95,28.14,42.18,72.4,11,0,27.3,2026-08-31T13:00,90846,5241.7,20.73,True,4,100.0,60.92,High,ORANGE,#E67E22,Activate the local heat action plan; open cooling centres; shift strenuous outdoor work away from afternoon hours; alert hospitals for a possible heat-illness surge.,True,True,True,True,provisional-impact-risk-v2,Relative heat-health impact ranking; not a predicted death count,WorldPop exposure included; demographic and health-outcome calibration pending
7,BURARI,2026-09-01,32.0,26.5,28.93,84.33,96,1.38,769.0,40.48,30.7,27.95,41.23,70.19,9,0,26.5,2026-09-01T13:00,90846,5241.7,20.73,True,5,100.0,59.07,High,ORANGE,#E67E22,Activate the local heat action plan; open cooling centres; shift strenuous outdoor work away from afternoon hours; alert hospitals for a possible heat-illness surge.,True,True,True,True,provisional-impact-risk-v2,Relative heat-health impact ranking; not a predicted death count,WorldPop exposure included; demographic and health-outcome calibration pending
70,RANA PRATAP BAGH,2026-08-28,34.5,26.5,30.69,72.71,93,1.93,770.0,39.97,30.55,28.32,42.09,70.45,12,0,26.5,2026-08-28T13:00,37260,27157.43,31.53,True,1,33.33,56.11,High,ORANGE,#E67E22,Activate the local heat action plan; open cooling centres; shift strenuous outdoor work away from afternoon hours; alert hospitals for a possible heat-illness surge.,True,True,True,True,provisional-impact-risk-v2,Relative heat-health impact ranking; not a predicted death count,WorldPop exposure included; demographic and health-outcome calibration pending
70,RANA PRATAP BAGH,2026-08-29,34.8,26.7,30.81,68.58,80,1.94,844.0,40.98,31.08,28.04,43.46,74.76,13,1,26.7,2026-08-29T13:00,37260,27157.43,31.53,True,2,66.67,62.03,High,ORANGE,#E67E22,Activate the local heat action plan; open cooling centres; shift strenuous outdoor work away from afternoon hours; alert hospitals for a possible heat-illness surge.,True,True,True,True,provisional-impact-risk-v2,Relative heat-health impact ranking; not a predicted death count,WorldPop exposure included; demographic and health-outcome calibration pending
70,RANA PRATAP BAGH,2026-08-30,35.3,27.4,31.39,64.71,76,1.74,788.0,41.81,31.17,28.15,43.02,74.86,14,1,27.4,2026-08-30T14:00,37260,27157.43,31.53,True,3,100.0,64.61,High,ORANGE,#E67E22,Activate the local heat action plan; open cooling centres; shift strenuous outdoor work away from afternoon hours; alert hospitals for a possible heat-illness surge.,True,True,True,True,provisional-impact-risk-v2,Relative heat-health impact ranking; not a predicted death count,WorldPop exposure included; demographic and health-outcome calibration pending
70,RANA PRATAP BAGH,2026-08-31,35.8,27.4,31.62,61.42,78,1.55,819.0,41.36,31.24,27.98,43.79,75.8,11,2,27.4,2026-08-31T13:00,37260,27157.43,31.53,True,4,100.0,65.42,High,ORANGE,#E67E22,Activate the local heat action plan; open cooling centres; shift strenuous outdoor work away from afternoon hours; alert hospitals for a possible heat-illness surge.,True,True,True,True,provisional-impact-risk-v2,Relative heat-health impact ranking; not a predicted death count,WorldPop exposure included; demographic and health-outcome calibration pending
70,RANA PRATAP BAGH,2026-09-01,34.5,28.1,30.6,68.92,87,1.14,789.0,40.54,30.89,27.9,42.76,72.92,8,0,28.1,2026-09-01T13:00,37260,27157.43,31.53,True,5,100.0,62.93,High,ORANGE,#E67E22,Activate the local heat action plan; open cooling centres; shift strenuous outdoor work away from afternoon hours; alert hospitals for a possible heat-illness surge.,True,True,True,True,provisional-impact-risk-v2,Relative heat-health impact ranking; not a predicted death count,WorldPop exposure included; demographic and health-outcome calibration pending
71,SANGAM PARK,2026-08-28,34.4,27.3,30.79,72.83,91,1.92,767.0,40.05,30.37,28.43,41.63,68.98,13,0,27.3,2026-08-28T13:00,31864,30185.68,33.57,True,1,33.33,55.22,High,ORANGE,#E67E22,Activate the local heat action plan; open cooling centres; shift strenuous outdoor work away from afternoon hours; alert hospitals for a possible heat-illness surge.,True,True,True,True,provisional-impact-risk-v2,Relative heat-health impact ranking; not a predicted death count,WorldPop exposure included; demographic and health-outcome calibration pending
71,SANGAM PARK,2026-08-29,34.7,26.8,30.92,68.12,79,2.03,846.0,41.14,31.17,28.12,43.44,75.22,14,1,26.8,2026-08-29T13:00,31864,30185.68,33.57,True,2,66.67,62.72,High,ORANGE,#E67E22,Activate the local heat action plan; open cooling centres; shift strenuous outdoor work away from afternoon hours; alert hospitals for a possible heat-illness surge.,True,True,True,True,provisional-impact-risk-v2,Relative heat-health impact ranking; not a predicted death count,WorldPop exposure included; demographic and health-outcome calibration pending
71,SANGAM PARK,2026-08-30,35.2,27.4,31.52,64.38,76,1.74,795.0,41.73,31.29,28.25,42.99,75.39,15,2,27.4,2026-08-30T14:00,31864,30185.68,33.57,True,3,100.0,65.37,High,ORANGE,#E67E22,Activate the local heat action plan; open cooling centres; shift strenuous outdoor work away from afternoon hours; alert hospitals for a possible heat-illness surge.,True,True,True,True,provisional-impact-risk-v2,Relative heat-health impact ranking; not a predicted death count,WorldPop exposure included; demographic and health-outcome calibration pending
71,SANGAM PARK,2026-08-31,35.3,27.5,31.55,61.67,75,1.63,809.0,40.99,31.07,27.96,43.32,74.39,11,2,27.5,2026-08-31T14:00,31864,30185.68,33.57,True,4,100.0,64.5,High,ORANGE,#E67E22,Activate the local heat action plan; open cooling centres; shift strenuous outdoor work away from afternoon hours; alert hospitals for a possible heat-illness surge.,True,True,True,True,provisional-impact-risk-v2,Relative heat-health impact ranking; not a predicted death count,WorldPop exposure included; demographic and health-outcome calibration pending
71,SANGAM PARK,2026-09-01,34.0,28.2,30.43,70.71,87,1.24,787.0,40.31,30.81,27.95,42.4,72.07,8,0,28.2,2026-09-01T13:00,31864,30185.68,33.57,True,5,100.0,62.5,High,ORANGE,#E67E22,Activate the local heat action plan; open cooling centres; shift strenuous outdoor work away from afternoon hours; alert hospitals for a possible heat-illness surge.,True,True,True,True,provisional-impact-risk-v2,Relative heat-health impact ranking; not a predicted death count,WorldPop exposure included; demographic and health-outcome calibration pending
72,MODEL TOWN,2026-08-28,34.4,27.3,30.79,72.83,91,1.92,767.0,40.05,30.37,28.43,41.63,68.98,13,0,27.3,2026-08-28T13:00,82922,29477.09,46.42,True,1,33.33,56.99,High,ORANGE,#E67E22,Activate the local heat action plan; open cooling centres; shift strenuous outdoor work away from afternoon hours; alert hospitals for a possible heat-illness surge.,True,True,True,True,provisional-impact-risk-v2,Relative heat-health impact ranking; not a predicted death count,WorldPop exposure included; demographic and health-outcome calibration pending
72,MODEL TOWN,2026-08-29,34.7,26.8,30.92,68.12,79,2.03,846.0,41.14,31.17,28.12,43.44,75.22,14,1,26.8,2026-08-29T13:00,82922,29477.09,46.42,True,2,66.67,64.65,High,ORANGE,#E67E22,Activate the local heat action plan; open cooling centres; shift strenuous outdoor work away from afternoon hours; alert hospitals for a possible heat-illness surge.,True,True,True,True,provisional-impact-risk-v2,Relative heat-health impact ranking; not a predicted death count,WorldPop exposure included; demographic and health-outcome calibration pending
72,MODEL TOWN,2026-08-30,35.2,27.4,31.52,64.38,76,1.74,795.0,41.73,31.29,28.25,42.99,75.39,15,2,27.4,2026-08-30T14:00,82922,29477.09,46.42,True,3,100.0,67.31,High,ORANGE,#E67E22,Activate the local heat action plan; open cooling centres; shift strenuous outdoor work away from afternoon hours; alert hospitals for a possible heat-illness surge.,True,True,True,True,provisional-impact-risk-v2,Relative heat-health impact ranking; not a predicted death count,WorldPop exposure included; demographic and health-outcome calibration pending
72,MODEL TOWN,2026-08-31,35.3,27.5,31.55,61.67,75,1.63,809.0,40.99,31.07,27.96,43.32,74.39,11,2,27.5,2026-08-31T14:00,82922,29477.09,46.42,True,4,100.0,66.41,High,ORANGE,#E67E22,Activate the local heat action plan; open cooling centres; shift strenuous outdoor work away from afternoon hours; alert hospitals for a possible heat-illness surge.,True,True,True,True,provisional-impact-risk-v2,Relative heat-health impact ranking; not a predicted death count,WorldPop exposure included; demographic and health-outcome calibration pending
72,MODEL TOWN,2026-09-01,34.0,28.2,30.43,70.71,87,1.24,787.0,40.31,30.81,27.95,42.4,72.07,8,0,28.2,2026-09-01T13:00,82922,29477.09,46.42,True,5,100.0,64.35,High,ORANGE,#E67E22,Activate the local heat action plan; open cooling centres; shift strenuous outdoor work away from afternoon hours; alert hospitals for a possible heat-illness surge.,True,True,True,True,provisional-impact-risk-v2,Relative heat-health impact ranking; not a predicted death count,WorldPop exposure included; demographic and health-outcome calibration pending
73,SHASTRI NAGAR,2026-08-28,34.5,26.5,30.69,72.71,93,1.93,770.0,39.97,30.55,28.32,42.09,70.45,12,0,26.5,2026-08-28T13:00,40445,28108.28,33.48,True,1,33.33,56.38,High,ORANGE,#E67E22,Activate the local heat action plan; open cooling centres; shift strenuous outdoor work away from afternoon hours; alert hospitals for a possible heat-illness surge.,True,True,True,True,provisional-impact-risk-v2,Relative heat-health impact ranking; not a predicted death count,WorldPop exposure included; demographic and health-outcome calibration pending
73,SHASTRI NAGAR,2026-08-29,34.8,26.7,30.81,68.58,80,1.94,844.0,40.98,31.08,28.04,43.46,74.76,13,1,26.7,2026-08-29T13:00,40445,28108.28,33.48,True,2,66.67,62.32,High,ORANGE,#E67E22,Activate the local heat action plan; open cooling centres; shift strenuous outdoor work away from afternoon hours; alert hospitals for a possible heat-illness surge.,True,True,True,True,provisional-impact-risk-v2,Relative heat-health impact ranking; not a predicted death count,WorldPop exposure included; demographic and health-outcome calibration pending
73,SHASTRI NAGAR,2026-08-30,35.3,27.4,31.39,64.71,76,1.74,788.0,41.81,31.17,28.15,43.02,74.86,14,1,27.4,2026-08-30T14:00,40445,28108.28,33.48,True,3,100.0,64.9,High,ORANGE,#E67E22,Activate the local heat action plan; open cooling centres; shift strenuous outdoor work away from afternoon hours; alert hospitals for a possible heat-illness surge.,True,True,True,True,provisional-impact-risk-v2,Relative heat-health impact ranking; not a predicted death count,WorldPop exposure included; demographic and health-outcome calibration pending
73,SHASTRI NAGAR,2026-08-31,35.8,27.4,31.62,61.42,78,1.55,819.0,41.36,31.24,27.98,43.79,75.8,11,2,27.4,2026-08-31T13:00,40445,28108.28,33.48,True,4,100.0,65.72,High,ORANGE,#E67E22,Activate the local heat action plan; open cooling centres; shift strenuous outdoor work away from afternoon hours; alert hospitals for a possible heat-illness surge.,True,True,True,True,provisional-impact-risk-v2,Relative heat-health impact ranking; not a predicted death count,WorldPop exposure included; demographic and health-outcome calibration pending
73,SHASTRI NAGAR,2026-09-01,34.5,28.1,30.6,68.92,87,1.14,789.0,40.54,30.89,27.9,42.76,72.92,8,0,28.1,2026-09-01T13:00,40445,28108.28,33.48,True,5,100.0,63.22,High,ORANGE,#E67E22,Activate the local heat action plan; open cooling centres; shift strenuous outdoor work away from afternoon hours; alert hospitals for a possible heat-illness surge.,True,True,True,True,provisional-impact-risk-v2,Relative heat-health impact ranking; not a predicted death count,WorldPop exposure included; demographic and health-outcome calibration pending
74,INDER LOK COLONY,2026-08-28,34.5,26.5,30.69,72.71,93,1.93,770.0,39.97,30.55,28.32,42.09,70.45,12,0,26.5,2026-08-28T13:00,76515,30726.45,46.14,True,1,33.33,58.17,High,ORANGE,#E67E22,Activate the local heat action plan; open cooling centres; shift strenuous outdoor work away from afternoon hours; alert hospitals for a possible heat-illness surge.,True,True,True,True,provisional-impact-risk-v2,Relative heat-health impact ranking; not a predicted death count,WorldPop exposure included; demographic and health-outcome calibration pending
74,INDER LOK COLONY,2026-08-29,34.8,26.7,30.81,68.58,80,1.94,844.0,40.98,31.08,28.04,43.46,74.76,13,1,26.7,2026-08-29T13:00,76515,30726.45,46.14,True,2,66.67,64.22,High,ORANGE,#E67E22,Activate the local heat action plan; open cooling centres; shift strenuous outdoor work away from afternoon hours; alert hospitals for a possible heat-illness surge.,True,True,True,True,provisional-impact-risk-v2,Relative heat-health impact ranking; not a predicted death count,WorldPop exposure included; demographic and health-outcome calibration pending
74,INDER LOK COLONY,2026-08-30,35.3,27.4,31.39,64.71,76,1.74,788.0,41.81,31.17,28.15,43.02,74.86,14,1,27.4,2026-08-30T14:00,76515,30726.45,46.14,True,3,100.0,66.8,High,ORANGE,#E67E22,Activate the local heat action plan; open cooling centres; shift strenuous outdoor work away from afternoon hours; alert hospitals for a possible heat-illness surge.,True,True,True,True,provisional-impact-risk-v2,Relative heat-health impact ranking; not a predicted death count,WorldPop exposure included; demographic and health-outcome calibration pending
74,INDER LOK COLONY,2026-08-31,35.8,27.4,31.62,61.42,78,1.55,819.0,41.36,31.24,27.98,43.79,75.8,11,2,27.4,2026-08-31T13:00,76515,30726.45,46.14,True,4,100.0,67.63,High,ORANGE,#E67E22,Activate the local heat action plan; open cooling centres; shift strenuous outdoor work away from afternoon hours; alert hospitals for a possible heat-illness surge.,True,True,True,True,provisional-impact-risk-v2,Relative heat-health impact ranking; not a predicted death count,WorldPop exposure included; demographic and health-outcome calibration pending
74,INDER LOK COLONY,2026-09-01,34.5,28.1,30.6,68.92,87,1.14,789.0,40.54,30.89,27.9,42.76,72.92,8,0,28.1,2026-09-01T13:00,76515,30726.45,46.14,True,5,100.0,65.06,High,ORANGE,#E67E22,Activate the local heat action plan; open cooling centres; shift strenuous outdoor work away from afternoon hours; alert hospitals for a possible heat-illness surge.,True,True,True,True,provisional-impact-risk-v2,Relative heat-health impact ranking; not a predicted death count,WorldPop exposure included; demographic and health-outcome calibration pending
75,KISHAN GANJ,2026-08-28,34.5,26.5,30.69,72.71,93,1.93,770.0,39.97,30.55,28.32,42.09,70.45,12,0,26.5,2026-08-28T13:00,31228,25504.74,28.02,True,1,33.33,55.61,High,ORANGE,#E67E22,Activate the local heat action plan; open cooling centres; shift strenuous outdoor work away from afternoon hours; alert hospitals for a possible heat-illness surge.,True,True,True,True,provisional-impact-risk-v2,Relative heat-health impact ranking; not a predicted death count,WorldPop exposure included; demographic and health-outcome calibration pending
75,KISHAN GANJ,2026-08-29,34.8,26.7,30.81,68.58,80,1.94,844.0,40.98,31.08,28.04,43.46,74.76,13,1,26.7,2026-08-29T13:00,31228,25504.74,28.02,True,2,66.67,61.51,High,ORANGE,#E67E22,Activate the local heat action plan; open cooling centres; shift strenuous outdoor work away from afternoon hours; alert hospitals for a possible heat-illness surge.,True,True,True,True,provisional-impact-risk-v2,Relative heat-health impact ranking; not a predicted death count,WorldPop exposure included; demographic and health-outcome calibration pending
75,KISHAN GANJ,2026-08-30,35.3,27.4,31.39,64.71,76,1.74,788.0,41.81,31.17,28.15,43.02,74.86,14,1,27.4,2026-08-30T14:00,31228,25504.74,28.02,True,3,100.0,64.09,High,ORANGE,#E67E22,Activate the local heat action plan; open cooling centres; shift strenuous outdoor work away from afternoon hours; alert hospitals for a possible heat-illness surge.,True,True,True,True,provisional-impact-risk-v2,Relative heat-health impact ranking; not a predicted death count,WorldPop exposure included; demographic and health-outcome calibration pending
75,KISHAN GANJ,2026-08-31,35.8,27.4,31.62,61.42,78,1.55,819.0,41.36,31.24,27.98,43.79,75.8,11,2,27.4,2026-08-31T13:00,31228,25504.74,28.02,True,4,100.0,64.89,High,ORANGE,#E67E22,Activate the local heat action plan; open cooling centres; shift strenuous outdoor work away from afternoon hours; alert hospitals for a possible heat-illness surge.,True,True,True,True,provisional-impact-risk-v2,Relative heat-health impact ranking; not a predicted death count,WorldPop exposure included; demographic and health-outcome calibration pending
75,KISHAN GANJ,2026-09-01,34.5,28.1,30.6,68.92,87,1.14,789.0,40.54,30.89,27.9,42.76,72.92,8,0,28.1,2026-09-01T13:00,31228,25504.74,28.02,True,5,100.0,62.42,High,ORANGE,#E67E22,Activate the local heat action plan; open cooling centres; shift strenuous outdoor work away from afternoon hours; alert hospitals for a possible heat-illness surge.,True,True,True,True,provisional-impact-risk-v2,Relative heat-health impact ranking; not a predicted death count,WorldPop exposure included; demographic and health-outcome calibration pending
76,DEPUTY GANJ,2026-08-28,34.5,26.5,30.69,72.71,93,1.93,770.0,39.97,30.55,28.32,42.09,70.45,12,0,26.5,2026-08-28T13:00,30918,28809.17,31.74,True,1,33.33,56.14,High,ORANGE,#E67E22,Activate the local heat action plan; open cooling centres; shift strenuous outdoor work away from afternoon hours; alert hospitals for a possible heat-illness surge.,True,True,True,True,provisional-impact-risk-v2,Relative heat-health impact ranking; not a predicted death count,WorldPop exposure included; demographic and health-outcome calibration pending
76,DEPUTY GANJ,2026-08-29,34.8,26.7,30.81,68.58,80,1.94,844.0,40.98,31.08,28.04,43.46,74.76,13,1,26.7,2026-08-29T13:00,30918,28809.17,31.74,True,2,66.67,62.06,High,ORANGE,#E67E22,Activate the local heat action plan; open cooling centres; shift strenuous outdoor work away from afternoon hours; alert hospitals for a possible heat-illness surge.,True,True,True,True,provisional-impact-risk-v2,Relative heat-health impact ranking; not a predicted death count,WorldPop exposure included; demographic and health-outcome calibration pending
76,DEPUTY GANJ,2026-08-30,35.3,27.4,31.39,64.71,76,1.74,788.0,41.81,31.17,28.15,43.02,74.86,14,1,27.4,2026-08-30T14:00,30918,28809.17,31.74,True,3,100.0,64.64,High,ORANGE,#E67E22,Activate the local heat action plan; open cooling centres; shift strenuous outdoor work away from afternoon hours; alert hospitals for a possible heat-illness surge.,True,True,True,True,provisional-impact-risk-v2,Relative heat-health impact ranking; not a predicted death count,WorldPop exposure included; demographic and health-outcome calibration pending
76,DEPUTY GANJ,2026-08-31,35.8,27.4,31.62,61.42,78,1.55,819.0,41.36,31.24,27.98,43.79,75.8,11,2,27.4,2026-08-31T13:00,30918,28809.17,31.74,True,4,100.0,65.45,High,ORANGE,#E67E22,Activate the local heat action plan; open cooling centres; shift strenuous outdoor work away from afternoon hours; alert hospitals for a possible heat-illness surge.,True,True,True,True,provisional-impact-risk-v2,Relative heat-health impact ranking; not a predicted death count,WorldPop exposure included; demographic and health-outcome calibration pending
76,DEPUTY GANJ,2026-09-01,34.5,28.1,30.6,68.92,87,1.14,789.0,40.54,30.89,27.9,42.76,72.92,8,0,28.1,2026-09-01T13:00,30918,28809.17,31.74,True,5,100.0,62.96,High,ORANGE,#E67E22,Activate the local heat action plan; open cooling centres; shift strenuous outdoor work away from afternoon hours; alert hospitals for a possible heat-illness surge.,True,True,True,True,provisional-impact-risk-v2,Relative heat-health impact ranking; not a predicted death count,WorldPop exposure included; demographic and health-outcome calibration pending
77,KASHMERE GATE,2026-08-28,34.6,26.5,30.68,73.17,93,1.96,767.0,40.16,30.58,28.35,41.98,70.55,13,0,26.5,2026-08-28T13:00,71733,20745.87,33.39,True,1,33.33,56.45,High,ORANGE,#E67E22,Activate the local heat action plan; open cooling centres; shift strenuous outdoor work away from afternoon hours; alert hospitals for a possible heat-illness surge.,True,True,True,True,provisional-impact-risk-v2,Relative heat-health impact ranking; not a predicted death count,WorldPop exposure included; demographic and health-outcome calibration pending
77,KASHMERE GATE,2026-08-29,35.3,26.9,31.11,66.71,80,2.03,838.0,40.76,30.98,28.1,43.5,74.28,14,0,26.9,2026-08-29T13:00,71733,20745.87,33.39,True,2,66.67,61.91,High,ORANGE,#E67E22,Activate the local heat action plan; open cooling centres; shift strenuous outdoor work away from afternoon hours; alert hospitals for a possible heat-illness surge.,True,True,True,True,provisional-impact-risk-v2,Relative heat-health impact ranking; not a predicted death count,WorldPop exposure included; demographic and health-outcome calibration pending
77,KASHMERE GATE,2026-08-30,35.8,27.7,31.6,63.42,81,1.7,776.0,40.56,30.87,28.17,43.01,73.25,15,0,27.7,2026-08-30T14:00,71733,20745.87,33.39,True,3,100.0,63.49,High,ORANGE,#E67E22,Activate the local heat action plan; open cooling centres; shift strenuous outdoor work away from afternoon hours; alert hospitals for a possible heat-illness surge.,True,True,True,True,provisional-impact-risk-v2,Relative heat-health impact ranking; not a predicted death count,WorldPop exposure included; demographic and health-outcome calibration pending
77,KASHMERE GATE,2026-08-31,36.0,27.7,31.4,63.83,85,1.41,828.0,41.42,31.27,28.04,43.62,75.72,9,2,27.7,2026-08-31T14:00,71733,20745.87,33.39,True,4,100.0,65.64,High,ORANGE,#E67E22,Activate the local heat action plan; open cooling centres; shift strenuous outdoor work away from afternoon hours; alert hospitals for a possible heat-illness surge.,True,True,True,True,provisional-impact-risk-v2,Relative heat-health impact ranking; not a predicted death count,WorldPop exposure included; demographic and health-outcome calibration pending
77,KASHMERE GATE,2026-09-01,34.2,27.3,30.01,76.12,95,1.03,767.0,40.29,30.7,28.1,42.27,71.31,9,0,27.3,2026-09-01T13:00,71733,20745.87,33.39,True,5,100.0,61.81,High,ORANGE,#E67E22,Activate the local heat action plan; open cooling centres; shift strenuous outdoor work away from afternoon hours; alert hospitals for a possible heat-illness surge.,True,True,True,True,provisional-impact-risk-v2,Relative heat-health impact ranking; not a predicted death count,WorldPop exposure included; demographic and health-outcome calibration pending
78,MAJNU KA TILA,2026-08-28,34.2,26.5,30.52,74.67,93,2.07,763.0,40.06,30.4,28.36,41.15,68.66,13,0,26.5,2026-08-28T13:00,74123,20243.89,33.46,True,1,33.33,54.95,High,ORANGE,#E67E22,Activate the local heat action plan; open cooling centres; shift strenuous outdoor work away from afternoon hours; alert hospitals for a possible heat-illness surge.,True,True,True,True,provisional-impact-risk-v2,Relative heat-health impact ranking; not a predicted death count,WorldPop exposure included; demographic and health-outcome calibration pending
78,MAJNU KA TILA,2026-08-29,34.6,26.9,30.92,68.46,80,2.16,843.0,40.89,30.97,28.15,43.13,73.81,14,0,26.9,2026-08-29T13:00,74123,20243.89,33.46,True,2,66.67,61.53,High,ORANGE,#E67E22,Activate the local heat action plan; open cooling centres; shift strenuous outdoor work away from afternoon hours; alert hospitals for a possible heat-illness surge.,True,True,True,True,provisional-impact-risk-v2,Relative heat-health impact ranking; not a predicted death count,WorldPop exposure included; demographic and health-outcome calibration pending
78,MAJNU KA TILA,2026-08-30,35.0,27.5,31.32,66.12,83,1.89,786.0,41.48,31.13,28.26,42.68,74.3,15,1,27.5,2026-08-30T14:00,74123,20243.89,33.46,True,3,100.0,64.41,High,ORANGE,#E67E22,Activate the local heat action plan; open cooling centres; shift strenuous outdoor work away from afternoon hours; alert hospitals for a possible heat-illness surge.,True,True,True,True,provisional-impact-risk-v2,Relative heat-health impact ranking; not a predicted death count,WorldPop exposure included; demographic and health-outcome calibration pending
78,MAJNU KA TILA,2026-08-31,35.2,27.9,31.19,66.04,89,1.64,817.0,41.15,31.03,28.09,43.17,73.97,9,1,27.9,2026-08-31T14:00,74123,20243.89,33.46,True,4,100.0,64.13,High,ORANGE,#E67E22,Activate the local heat action plan; open cooling centres; shift strenuous outdoor work away from afternoon hours; alert hospitals for a possible heat-illness surge.,True,True,True,True,provisional-impact-risk-v2,Relative heat-health impact ranking; not a predicted death count,WorldPop exposure included; demographic and health-outcome calibration pending
78,MAJNU KA TILA,2026-09-01,33.7,27.3,29.78,77.71,94,1.3,771.0,40.19,30.74,28.06,42.07,71.35,9,0,27.3,2026-09-01T13:00,74123,20243.89,33.46,True,5,100.0,61.86,High,ORANGE,#E67E22,Activate the local heat action plan; open cooling centres; shift strenuous outdoor work away from afternoon hours; alert hospitals for a possible heat-illness surge.,True,True,True,True,provisional-impact-risk-v2,Relative heat-health impact ranking; not a predicted death count,WorldPop exposure included; demographic and health-outcome calibration pending
79,JAMA MASJID,2026-08-28,34.6,26.5,30.68,73.17,93,1.96,767.0,40.16,30.58,28.35,41.98,70.55,13,0,26.5,2026-08-28T13:00,25310,32670.71,34.67,True,1,33.33,56.63,High,ORANGE,#E67E22,Activate the local heat action plan; open cooling centres; shift strenuous outdoor work away from afternoon hours; alert hospitals for a possible heat-illness surge.,True,True,True,True,provisional-impact-risk-v2,Relative heat-health impact ranking; not a predicted death count,WorldPop exposure included; demographic and health-outcome calibration pending
79,JAMA MASJID,2026-08-29,35.3,26.9,31.11,66.71,80,2.03,838.0,40.76,30.98,28.1,43.5,74.28,14,0,26.9,2026-08-29T13:00,25310,32670.71,34.67,True,2,66.67,62.1,High,ORANGE,#E67E22,Activate the local heat action plan; open cooling centres; shift strenuous outdoor work away from afternoon hours; alert hospitals for a possible heat-illness surge.,True,True,True,True,provisional-impact-risk-v2,Relative heat-health impact ranking; not a predicted death count,WorldPop exposure included; demographic and health-outcome calibration pending
79,JAMA MASJID,2026-08-30,35.8,27.7,31.6,63.42,81,1.7,776.0,40.56,30.87,28.17,43.01,73.25,15,0,27.7,2026-08-30T14:00,25310,32670.71,34.67,True,3,100.0,63.68,High,ORANGE,#E67E22,Activate the local heat action plan; open cooling centres; shift strenuous outdoor work away from afternoon hours; alert hospitals for a possible heat-illness surge.,True,True,True,True,provisional-impact-risk-v2,Relative heat-health impact ranking; not a predicted death count,WorldPop exposure included; demographic and health-outcome calibration pending
79,JAMA MASJID,2026-08-31,36.0,27.7,31.4,63.83,85,1.41,828.0,41.42,31.27,28.04,43.62,75.72,9,2,27.7,2026-08-31T14:00,25310,32670.71,34.67,True,4,100.0,65.83,High,ORANGE,#E67E22,Activate the local heat action plan; open cooling centres; shift strenuous outdoor work away from afternoon hours; alert hospitals for a possible heat-illness surge.,True,True,True,True,provisional-impact-risk-v2,Relative heat-health impact ranking; not a predicted death count,WorldPop exposure included; demographic and health-outcome calibration pending
79,JAMA MASJID,2026-09-01,34.2,27.3,30.01,76.12,95,1.03,767.0,40.29,30.7,28.1,42.27,71.31,9,0,27.3,2026-09-01T13:00,25310,32670.71,34.67,True,5,100.0,62.0,High,ORANGE,#E67E22,Activate the local heat action plan; open cooling centres; shift strenuous outdoor work away from afternoon hours; alert hospitals for a possible heat-illness surge.,True,True,True,True,provisional-impact-risk-v2,Relative heat-health impact ranking; not a predicted death count,WorldPop exposure included; demographic and health-outcome calibration pending
8,JHARODA,2026-08-28,34.2,26.5,30.52,74.67,93,2.07,763.0,40.06,30.4,28.36,41.15,68.66,13,0,26.5,2026-08-28T13:00,118845,9508.59,33.09,True,1,33.33,54.9,High,ORANGE,#E67E22,Activate the local heat action plan; open cooling centres; shift strenuous outdoor work away from afternoon hours; alert hospitals for a possible heat-illness surge.,True,True,True,True,provisional-impact-risk-v2,Relative heat-health impact ranking; not a predicted death count,WorldPop exposure included; demographic and health-outcome calibration pending
8,JHARODA,2026-08-29,34.6,26.9,30.92,68.46,80,2.16,843.0,40.89,30.97,28.15,43.13,73.81,14,0,26.9,2026-08-29T13:00,118845,9508.59,33.09,True,2,66.67,61.47,High,ORANGE,#E67E22,Activate the local heat action plan; open cooling centres; shift strenuous outdoor work away from afternoon hours; alert hospitals for a possible heat-illness surge.,True,True,True,True,provisional-impact-risk-v2,Relative heat-health impact ranking; not a predicted death count,WorldPop exposure included; demographic and health-outcome calibration pending
8,JHARODA,2026-08-30,35.0,27.5,31.32,66.12,83,1.89,786.0,41.48,31.13,28.26,42.68,74.3,15,1,27.5,2026-08-30T14:00,118845,9508.59,33.09,True,3,100.0,64.35,High,ORANGE,#E67E22,Activate the local heat action plan; open cooling centres; shift strenuous outdoor work away from afternoon hours; alert hospitals for a possible heat-illness surge.,True,True,True,True,provisional-impact-risk-v2,Relative heat-health impact ranking; not a predicted death count,WorldPop exposure included; demographic and health-outcome calibration pending
8,JHARODA,2026-08-31,35.2,27.9,31.19,66.04,89,1.64,817.0,41.15,31.03,28.09,43.17,73.97,9,1,27.9,2026-08-31T14:00,118845,9508.59,33.09,True,4,100.0,64.07,High,ORANGE,#E67E22,Activate the local heat action plan; open cooling centres; shift strenuous outdoor work away from afternoon hours; alert hospitals for a possible heat-illness surge.,True,True,True,True,provisional-impact-risk-v2,Relative heat-health impact ranking; not a predicted death count,WorldPop exposure included; demographic and health-outcome calibration pending
8,JHARODA,2026-09-01,33.7,27.3,29.78,77.71,94,1.3,771.0,40.19,30.74,28.06,42.07,71.35,9,0,27.3,2026-09-01T13:00,118845,9508.59,33.09,True,5,100.0,61.81,High,ORANGE,#E67E22,Activate the local heat action plan; open cooling centres; shift strenuous outdoor work away from afternoon hours; alert hospitals for a possible heat-illness surge.,True,True,True,True,provisional-impact-risk-v2,Relative heat-health impact ranking; not a predicted death count,WorldPop exposure included; demographic and health-outcome calibration pending
80,CHANDNI CHOWK,2026-08-28,34.6,26.5,30.68,73.17,93,1.96,767.0,40.16,30.58,28.35,41.98,70.55,13,0,26.5,2026-08-28T13:00,62665,23972.84,34.68,True,1,33.33,56.63,High,ORANGE,#E67E22,Activate the local heat action plan; open cooling centres; shift strenuous outdoor work away from afternoon hours; alert hospitals for a possible heat-illness surge.,True,True,True,True,provisional-impact-risk-v2,Relative heat-health impact ranking; not a predicted death count,WorldPop exposure included; demographic and health-outcome calibration pending
80,CHANDNI CHOWK,2026-08-29,35.3,26.9,31.11,66.71,80,2.03,838.0,40.76,30.98,28.1,43.5,74.28,14,0,26.9,2026-08-29T13:00,62665,23972.84,34.68,True,2,66.67,62.1,High,ORANGE,#E67E22,Activate the local heat action plan; open cooling centres; shift strenuous outdoor work away from afternoon hours; alert hospitals for a possible heat-illness surge.,True,True,True,True,provisional-impact-risk-v2,Relative heat-health impact ranking; not a predicted death count,WorldPop exposure included; demographic and health-outcome calibration pending
80,CHANDNI CHOWK,2026-08-30,35.8,27.7,31.6,63.42,81,1.7,776.0,40.56,30.87,28.17,43.01,73.25,15,0,27.7,2026-08-30T14:00,62665,23972.84,34.68,True,3,100.0,63.68,High,ORANGE,#E67E22,Activate the local heat action plan; open cooling centres; shift strenuous outdoor work away from afternoon hours; alert hospitals for a possible heat-illness surge.,True,True,True,True,provisional-impact-risk-v2,Relative heat-health impact ranking; not a predicted death count,WorldPop exposure included; demographic and health-outcome calibration pending
80,CHANDNI CHOWK,2026-08-31,36.0,27.7,31.4,63.83,85,1.41,828.0,41.42,31.27,28.04,43.62,75.72,9,2,27.7,2026-08-31T14:00,62665,23972.84,34.68,True,4,100.0,65.83,High,ORANGE,#E67E22,Activate the local heat action plan; open cooling centres; shift strenuous outdoor work away from afternoon hours; alert hospitals for a possible heat-illness surge.,True,True,True,True,provisional-impact-risk-v2,Relative heat-health impact ranking; not a predicted death count,WorldPop exposure included; demographic and health-outcome calibration pending
80,CHANDNI CHOWK,2026-09-01,34.2,27.3,30.01,76.12,95,1.03,767.0,40.29,30.7,28.1,42.27,71.31,9,0,27.3,2026-09-01T13:00,62665,23972.84,34.68,True,5,100.0,62.0,High,ORANGE,#E67E22,Activate the local heat action plan; open cooling centres; shift strenuous outdoor work away from afternoon hours; alert hospitals for a possible heat-illness surge.,True,True,True,True,provisional-impact-risk-v2,Relative heat-health impact ranking; not a predicted death count,WorldPop exposure included; demographic and health-outcome calibration pending
81,MINTO ROAD,2026-08-28,34.6,26.5,30.68,73.17,93,1.96,767.0,40.16,30.58,28.35,41.98,70.55,13,0,26.5,2026-08-28T13:00,35684,14117.18,16.14,True,1,33.33,54.02,High,ORANGE,#E67E22,Activate the local heat action plan; open cooling centres; shift strenuous outdoor work away from afternoon hours; alert hospitals for a possible heat-illness surge.,True,True,True,True,provisional-impact-risk-v2,Relative heat-health impact ranking; not a predicted death count,WorldPop exposure included; demographic and health-outcome calibration pending
81,MINTO ROAD,2026-08-29,35.3,26.9,31.11,66.71,80,2.03,838.0,40.76,30.98,28.1,43.5,74.28,14,0,26.9,2026-08-29T13:00,35684,14117.18,16.14,True,2,66.67,59.35,High,ORANGE,#E67E22,Activate the local heat action plan; open cooling centres; shift strenuous outdoor work away from afternoon hours; alert hospitals for a possible heat-illness surge.,True,True,True,True,provisional-impact-risk-v2,Relative heat-health impact ranking; not a predicted death count,WorldPop exposure included; demographic and health-outcome calibration pending
81,MINTO ROAD,2026-08-30,35.8,27.7,31.6,63.42,81,1.7,776.0,40.56,30.87,28.17,43.01,73.25,15,0,27.7,2026-08-30T14:00,35684,14117.18,16.14,True,3,100.0,60.96,High,ORANGE,#E67E22,Activate the local heat action plan; open cooling centres; shift strenuous outdoor work away from afternoon hours; alert hospitals for a possible heat-illness surge.,True,True,True,True,provisional-impact-risk-v2,Relative heat-health impact ranking; not a predicted death count,WorldPop exposure included; demographic and health-outcome calibration pending
81,MINTO ROAD,2026-08-31,36.0,27.7,31.4,63.83,85,1.41,828.0,41.42,31.27,28.04,43.62,75.72,9,2,27.7,2026-08-31T14:00,35684,14117.18,16.14,True,4,100.0,63.02,High,ORANGE,#E67E22,Activate the local heat action plan; open cooling centres; shift strenuous outdoor work away from afternoon hours; alert hospitals for a possible heat-illness surge.,True,True,True,True,provisional-impact-risk-v2,Relative heat-health impact ranking; not a predicted death count,WorldPop exposure included; demographic and health-outcome calibration pending
81,MINTO ROAD,2026-09-01,34.2,27.3,30.01,76.12,95,1.03,767.0,40.29,30.7,28.1,42.27,71.31,9,0,27.3,2026-09-01T13:00,35684,14117.18,16.14,True,5,100.0,59.35,High,ORANGE,#E67E22,Activate the local heat action plan; open cooling centres; shift strenuous outdoor work away from afternoon hours; alert hospitals for a possible heat-illness surge.,True,True,True,True,provisional-impact-risk-v2,Relative heat-health impact ranking; not a predicted death count,WorldPop exposure included; demographic and health-outcome calibration pending
82,KUCHA PANDIT,2026-08-28,34.6,26.5,30.68,73.17,93,1.96,767.0,40.16,30.58,28.35,41.98,70.55,13,0,26.5,2026-08-28T13:00,10044,29637.06,27.99,True,1,33.33,55.69,High,ORANGE,#E67E22,Activate the local heat action plan; open cooling centres; shift strenuous outdoor work away from afternoon hours; alert hospitals for a possible heat-illness surge.,True,True,True,True,provisional-impact-risk-v2,Relative heat-health impact ranking; not a predicted death count,WorldPop exposure included; demographic and health-outcome calibration pending
82,KUCHA PANDIT,2026-08-29,35.3,26.9,31.11,66.71,80,2.03,838.0,40.76,30.98,28.1,43.5,74.28,14,0,26.9,2026-08-29T13:00,10044,29637.06,27.99,True,2,66.67,61.11,High,ORANGE,#E67E22,Activate the local heat action plan; open cooling centres; shift strenuous outdoor work away from afternoon hours; alert hospitals for a possible heat-illness surge.,True,True,True,True,provisional-impact-risk-v2,Relative heat-health impact ranking; not a predicted death count,WorldPop exposure included; demographic and health-outcome calibration pending
82,KUCHA PANDIT,2026-08-30,35.8,27.7,31.6,63.42,81,1.7,776.0,40.56,30.87,28.17,43.01,73.25,15,0,27.7,2026-08-30T14:00,10044,29637.06,27.99,True,3,100.0,62.7,High,ORANGE,#E67E22,Activate the local heat action plan; open cooling centres; shift strenuous outdoor work away from afternoon hours; alert hospitals for a possible heat-illness surge.,True,True,True,True,provisional-impact-risk-v2,Relative heat-health impact ranking; not a predicted death count,WorldPop exposure included; demographic and health-outcome calibration pending
82,KUCHA PANDIT,2026-08-31,36.0,27.7,31.4,63.83,85,1.41,828.0,41.42,31.27,28.04,43.62,75.72,9,2,27.7,2026-08-31T14:00,10044,29637.06,27.99,True,4,100.0,64.82,High,ORANGE,#E67E22,Activate the local heat action plan; open cooling centres; shift strenuous outdoor work away from afternoon hours; alert hospitals for a possible heat-illness surge.,True,True,True,True,provisional-impact-risk-v2,Relative heat-health impact ranking; not a predicted death count,WorldPop exposure included; demographic and health-outcome calibration pending
82,KUCHA PANDIT,2026-09-01,34.2,27.3,30.01,76.12,95,1.03,767.0,40.29,30.7,28.1,42.27,71.31,9,0,27.3,2026-09-01T13:00,10044,29637.06,27.99,True,5,100.0,61.04,High,ORANGE,#E67E22,Activate the local heat action plan; open cooling centres; shift strenuous outdoor work away from afternoon hours; alert hospitals for a possible heat-illness surge.,True,True,True,True,provisional-impact-risk-v2,Relative heat-health impact ranking; not a predicted death count,WorldPop exposure included; demographic and health-outcome calibration pending
83,BAZAR SITARAM,2026-08-28,34.6,26.5,30.68,73.17,93,1.96,767.0,40.16,30.58,28.35,41.98,70.55,13,0,26.5,2026-08-28T13:00,12637,35368.04,34.57,True,1,33.33,56.62,High,ORANGE,#E67E22,Activate the local heat action plan; open cooling centres; shift strenuous outdoor work away from afternoon hours; alert hospitals for a possible heat-illness surge.,True,True,True,True,provisional-impact-risk-v2,Relative heat-health impact ranking; not a predicted death count,WorldPop exposure included; demographic and health-outcome calibration pending
83,BAZAR SITARAM,2026-08-29,35.3,26.9,31.11,66.71,80,2.03,838.0,40.76,30.98,28.1,43.5,74.28,14,0,26.9,2026-08-29T13:00,12637,35368.04,34.57,True,2,66.67,62.08,High,ORANGE,#E67E22,Activate the local heat action plan; open cooling centres; shift strenuous outdoor work away from afternoon hours; alert hospitals for a possible heat-illness surge.,True,True,True,True,provisional-impact-risk-v2,Relative heat-health impact ranking; not a predicted death count,WorldPop exposure included; demographic and health-outcome calibration pending
83,BAZAR SITARAM,2026-08-30,35.8,27.7,31.6,63.42,81,1.7,776.0,40.56,30.87,28.17,43.01,73.25,15,0,27.7,2026-08-30T14:00,12637,35368.04,34.57,True,3,100.0,63.66,High,ORANGE,#E67E22,Activate the local heat action plan; open cooling centres; shift strenuous outdoor work away from afternoon hours; alert hospitals for a possible heat-illness surge.,True,True,True,True,provisional-impact-risk-v2,Relative heat-health impact ranking; not a predicted death count,WorldPop exposure included; demographic and health-outcome calibration pending
83,BAZAR SITARAM,2026-08-31,36.0,27.7,31.4,63.83,85,1.41,828.0,41.42,31.27,28.04,43.62,75.72,9,2,27.7,2026-08-31T14:00,12637,35368.04,34.57,True,4,100.0,65.82,High,ORANGE,#E67E22,Activate the local heat action plan; open cooling centres; shift strenuous outdoor work away from afternoon hours; alert hospitals for a possible heat-illness surge.,True,True,True,True,provisional-impact-risk-v2,Relative heat-health impact ranking; not a predicted death count,WorldPop exposure included; demographic and health-outcome calibration pending
83,BAZAR SITARAM,2026-09-01,34.2,27.3,30.01,76.12,95,1.03,767.0,40.29,30.7,28.1,42.27,71.31,9,0,27.3,2026-09-01T13:00,12637,35368.04,34.57,True,5,100.0,61.98,High,ORANGE,#E67E22,Activate the local heat action plan; open cooling centres; shift strenuous outdoor work away from afternoon hours; alert hospitals for a possible heat-illness surge.,True,True,True,True,provisional-impact-risk-v2,Relative heat-health impact ranking; not a predicted death count,WorldPop exposure included; demographic and health-outcome calibration pending
84,TURKMAN GATE,2026-08-28,34.6,26.5,30.68,73.17,93,1.96,767.0,40.16,30.58,28.35,41.98,70.55,13,0,26.5,2026-08-28T13:00,9075,37970.71,37.57,True,1,33.33,57.04,High,ORANGE,#E67E22,Activate the local heat action plan; open cooling centres; shift strenuous outdoor work away from afternoon hours; alert hospitals for a possible heat-illness surge.,True,True,True,True,provisional-impact-risk-v2,Relative heat-health impact ranking; not a predicted death count,WorldPop exposure included; demographic and health-outcome calibration pending
84,TURKMAN GATE,2026-08-29,35.3,26.9,31.11,66.71,80,2.03,838.0,40.76,30.98,28.1,43.5,74.28,14,0,26.9,2026-08-29T13:00,9075,37970.71,37.57,True,2,66.67,62.53,High,ORANGE,#E67E22,Activate the local heat action plan; open cooling centres; shift strenuous outdoor work away from afternoon hours; alert hospitals for a possible heat-illness surge.,True,True,True,True,provisional-impact-risk-v2,Relative heat-health impact ranking; not a predicted death count,WorldPop exposure included; demographic and health-outcome calibration pending
84,TURKMAN GATE,2026-08-30,35.8,27.7,31.6,63.42,81,1.7,776.0,40.56,30.87,28.17,43.01,73.25,15,0,27.7,2026-08-30T14:00,9075,37970.71,37.57,True,3,100.0,64.1,High,ORANGE,#E67E22,Activate the local heat action plan; open cooling centres; shift strenuous outdoor work away from afternoon hours; alert hospitals for a possible heat-illness surge.,True,True,True,True,provisional-impact-risk-v2,Relative heat-health impact ranking; not a predicted death count,WorldPop exposure included; demographic and health-outcome calibration pending
84,TURKMAN GATE,2026-08-31,36.0,27.7,31.4,63.83,85,1.41,828.0,41.42,31.27,28.04,43.62,75.72,9,2,27.7,2026-08-31T14:00,9075,37970.71,37.57,True,4,100.0,66.27,High,ORANGE,#E67E22,Activate the local heat action plan; open cooling centres; shift strenuous outdoor work away from afternoon hours; alert hospitals for a possible heat-illness surge.,True,True,True,True,provisional-impact-risk-v2,Relative heat-health impact ranking; not a predicted death count,WorldPop exposure included; demographic and health-outcome calibration pending
84,TURKMAN GATE,2026-09-01,34.2,27.3,30.01,76.12,95,1.03,767.0,40.29,30.7,28.1,42.27,71.31,9,0,27.3,2026-09-01T13:00,9075,37970.71,37.57,True,5,100.0,62.41,High,ORANGE,#E67E22,Activate the local heat action plan; open cooling centres; shift strenuous outdoor work away from afternoon hours; alert hospitals for a possible heat-illness surge.,True,True,True,True,provisional-impact-risk-v2,Relative heat-health impact ranking; not a predicted death count,WorldPop exposure included; demographic and health-outcome calibration pending
85,IDGAH ROAD,2026-08-28,34.5,26.5,30.69,72.71,93,1.93,770.0,39.97,30.55,28.32,42.09,70.45,12,0,26.5,2026-08-28T13:00,18860,24354.34,23.4,True,1,33.33,54.96,High,ORANGE,#E67E22,Activate the local heat action plan; open cooling centres; shift strenuous outdoor work away from afternoon hours; alert hospitals for a possible heat-illness surge.,True,True,True,True,provisional-impact-risk-v2,Relative heat-health impact ranking; not a predicted death count,WorldPop exposure included; demographic and health-outcome calibration pending
85,IDGAH ROAD,2026-08-29,34.8,26.7,30.81,68.58,80,1.94,844.0,40.98,31.08,28.04,43.46,74.76,13,1,26.7,2026-08-29T13:00,18860,24354.34,23.4,True,2,66.67,60.82,High,ORANGE,#E67E22,Activate the local heat action plan; open cooling centres; shift strenuous outdoor work away from afternoon hours; alert hospitals for a possible heat-illness surge.,True,True,True,True,provisional-impact-risk-v2,Relative heat-health impact ranking; not a predicted death count,WorldPop exposure included; demographic and health-outcome calibration pending
85,IDGAH ROAD,2026-08-30,35.3,27.4,31.39,64.71,76,1.74,788.0,41.81,31.17,28.15,43.02,74.86,14,1,27.4,2026-08-30T14:00,18860,24354.34,23.4,True,3,100.0,63.4,High,ORANGE,#E67E22,Activate the local heat action plan; open cooling centres; shift strenuous outdoor work away from afternoon hours; alert hospitals for a possible heat-illness surge.,True,True,True,True,provisional-impact-risk-v2,Relative heat-health impact ranking; not a predicted death count,WorldPop exposure included; demographic and health-outcome calibration pending
85,IDGAH ROAD,2026-08-31,35.8,27.4,31.62,61.42,78,1.55,819.0,41.36,31.24,27.98,43.79,75.8,11,2,27.4,2026-08-31T13:00,18860,24354.34,23.4,True,4,100.0,64.19,High,ORANGE,#E67E22,Activate the local heat action plan; open cooling centres; shift strenuous outdoor work away from afternoon hours; alert hospitals for a possible heat-illness surge.,True,True,True,True,provisional-impact-risk-v2,Relative heat-health impact ranking; not a predicted death count,WorldPop exposure included; demographic and health-outcome calibration pending
85,IDGAH ROAD,2026-09-01,34.5,28.1,30.6,68.92,87,1.14,789.0,40.54,30.89,27.9,42.76,72.92,8,0,28.1,2026-09-01T13:00,18860,24354.34,23.4,True,5,100.0,61.75,High,ORANGE,#E67E22,Activate the local heat action plan; open cooling centres; shift strenuous outdoor work away from afternoon hours; alert hospitals for a possible heat-illness surge.,True,True,True,True,provisional-impact-risk-v2,Relative heat-health impact ranking; not a predicted death count,WorldPop exposure included; demographic and health-outcome calibration pending
86,BALLIMARAN,2026-08-28,34.6,26.5,30.68,73.17,93,1.96,767.0,40.16,30.58,28.35,41.98,70.55,13,0,26.5,2026-08-28T13:00,12490,23561.59,21.01,True,1,33.33,54.7,High,ORANGE,#E67E22,Activate the local heat action plan; open cooling centres; shift strenuous outdoor work away from afternoon hours; alert hospitals for a possible heat-illness surge.,True,True,True,True,provisional-impact-risk-v2,Relative heat-health impact ranking; not a predicted death count,WorldPop exposure included; demographic and health-outcome calibration pending
86,BALLIMARAN,2026-08-29,35.3,26.9,31.11,66.71,80,2.03,838.0,40.76,30.98,28.1,43.5,74.28,14,0,26.9,2026-08-29T13:00,12490,23561.59,21.01,True,2,66.67,60.07,High,ORANGE,#E67E22,Activate the local heat action plan; open cooling centres; shift strenuous outdoor work away from afternoon hours; alert hospitals for a possible heat-illness surge.,True,True,True,True,provisional-impact-risk-v2,Relative heat-health impact ranking; not a predicted death count,WorldPop exposure included; demographic and health-outcome calibration pending
86,BALLIMARAN,2026-08-30,35.8,27.7,31.6,63.42,81,1.7,776.0,40.56,30.87,28.17,43.01,73.25,15,0,27.7,2026-08-30T14:00,12490,23561.59,21.01,True,3,100.0,61.68,High,ORANGE,#E67E22,Activate the local heat action plan; open cooling centres; shift strenuous outdoor work away from afternoon hours; alert hospitals for a possible heat-illness surge.,True,True,True,True,provisional-impact-risk-v2,Relative heat-health impact ranking; not a predicted death count,WorldPop exposure included; demographic and health-outcome calibration pending
86,BALLIMARAN,2026-08-31,36.0,27.7,31.4,63.83,85,1.41,828.0,41.42,31.27,28.04,43.62,75.72,9,2,27.7,2026-08-31T14:00,12490,23561.59,21.01,True,4,100.0,63.76,High,ORANGE,#E67E22,Activate the local heat action plan; open cooling centres; shift strenuous outdoor work away from afternoon hours; alert hospitals for a possible heat-illness surge.,True,True,True,True,provisional-impact-risk-v2,Relative heat-health impact ranking; not a predicted death count,WorldPop exposure included; demographic and health-outcome calibration pending
86,BALLIMARAN,2026-09-01,34.2,27.3,30.01,76.12,95,1.03,767.0,40.29,30.7,28.1,42.27,71.31,9,0,27.3,2026-09-01T13:00,12490,23561.59,21.01,True,5,100.0,60.05,High,ORANGE,#E67E22,Activate the local heat action plan; open cooling centres; shift strenuous outdoor work away from afternoon hours; alert hospitals for a possible heat-illness surge.,True,True,True,True,provisional-impact-risk-v2,Relative heat-health impact ranking; not a predicted death count,WorldPop exposure included; demographic and health-outcome calibration pending
87,RAM NAGAR,2026-08-28,34.5,26.5,30.69,72.71,93,1.93,770.0,39.97,30.55,28.32,42.09,70.45,12,0,26.5,2026-08-28T13:00,11097,26153.66,23.99,True,1,33.33,55.05,High,ORANGE,#E67E22,Activate the local heat action plan; open cooling centres; shift strenuous outdoor work away from afternoon hours; alert hospitals for a possible heat-illness surge.,True,True,True,True,provisional-impact-risk-v2,Relative heat-health impact ranking; not a predicted death count,WorldPop exposure included; demographic and health-outcome calibration pending
87,RAM NAGAR,2026-08-29,34.8,26.7,30.81,68.58,80,1.94,844.0,40.98,31.08,28.04,43.46,74.76,13,1,26.7,2026-08-29T13:00,11097,26153.66,23.99,True,2,66.67,60.9,High,ORANGE,#E67E22,Activate the local heat action plan; open cooling centres; shift strenuous outdoor work away from afternoon hours; alert hospitals for a possible heat-illness surge.,True,True,True,True,provisional-impact-risk-v2,Relative heat-health impact ranking; not a predicted death count,WorldPop exposure included; demographic and health-outcome calibration pending
87,RAM NAGAR,2026-08-30,35.3,27.4,31.39,64.71,76,1.74,788.0,41.81,31.17,28.15,43.02,74.86,14,1,27.4,2026-08-30T14:00,11097,26153.66,23.99,True,3,100.0,63.48,High,ORANGE,#E67E22,Activate the local heat action plan; open cooling centres; shift strenuous outdoor work away from afternoon hours; alert hospitals for a possible heat-illness surge.,True,True,True,True,provisional-impact-risk-v2,Relative heat-health impact ranking; not a predicted death count,WorldPop exposure included; demographic and health-outcome calibration pending
87,RAM NAGAR,2026-08-31,35.8,27.4,31.62,61.42,78,1.55,819.0,41.36,31.24,27.98,43.79,75.8,11,2,27.4,2026-08-31T13:00,11097,26153.66,23.99,True,4,100.0,64.28,High,ORANGE,#E67E22,Activate the local heat action plan; open cooling centres; shift strenuous outdoor work away from afternoon hours; alert hospitals for a possible heat-illness surge.,True,True,True,True,provisional-impact-risk-v2,Relative heat-health impact ranking; not a predicted death count,WorldPop exposure included; demographic and health-outcome calibration pending
87,RAM NAGAR,2026-09-01,34.5,28.1,30.6,68.92,87,1.14,789.0,40.54,30.89,27.9,42.76,72.92,8,0,28.1,2026-09-01T13:00,11097,26153.66,23.99,True,5,100.0,61.83,High,ORANGE,#E67E22,Activate the local heat action plan; open cooling centres; shift strenuous outdoor work away from afternoon hours; alert hospitals for a possible heat-illness surge.,True,True,True,True,provisional-impact-risk-v2,Relative heat-health impact ranking; not a predicted death count,WorldPop exposure included; demographic and health-outcome calibration pending
88,QASABPURA,2026-08-28,34.5,26.5,30.69,72.71,93,1.93,770.0,39.97,30.55,28.32,42.09,70.45,12,0,26.5,2026-08-28T13:00,24651,32828.61,34.68,True,1,33.33,56.55,High,ORANGE,#E67E22,Activate the local heat action plan; open cooling centres; shift strenuous outdoor work away from afternoon hours; alert hospitals for a possible heat-illness surge.,True,True,True,True,provisional-impact-risk-v2,Relative heat-health impact ranking; not a predicted death count,WorldPop exposure included; demographic and health-outcome calibration pending
88,QASABPURA,2026-08-29,34.8,26.7,30.81,68.58,80,1.94,844.0,40.98,31.08,28.04,43.46,74.76,13,1,26.7,2026-08-29T13:00,24651,32828.61,34.68,True,2,66.67,62.5,High,ORANGE,#E67E22,Activate the local heat action plan; open cooling centres; shift strenuous outdoor work away from afternoon hours; alert hospitals for a possible heat-illness surge.,True,True,True,True,provisional-impact-risk-v2,Relative heat-health impact ranking; not a predicted death count,WorldPop exposure included; demographic and health-outcome calibration pending
88,QASABPURA,2026-08-30,35.3,27.4,31.39,64.71,76,1.74,788.0,41.81,31.17,28.15,43.02,74.86,14,1,27.4,2026-08-30T14:00,24651,32828.61,34.68,True,3,100.0,65.08,High,ORANGE,#E67E22,Activate the local heat action plan; open cooling centres; shift strenuous outdoor work away from afternoon hours; alert hospitals for a possible heat-illness surge.,True,True,True,True,provisional-impact-risk-v2,Relative heat-health impact ranking; not a predicted death count,WorldPop exposure included; demographic and health-outcome calibration pending
88,QASABPURA,2026-08-31,35.8,27.4,31.62,61.42,78,1.55,819.0,41.36,31.24,27.98,43.79,75.8,11,2,27.4,2026-08-31T13:00,24651,32828.61,34.68,True,4,100.0,65.9,High,ORANGE,#E67E22,Activate the local heat action plan; open cooling centres; shift strenuous outdoor work away from afternoon hours; alert hospitals for a possible heat-illness surge.,True,True,True,True,provisional-impact-risk-v2,Relative heat-health impact ranking; not a predicted death count,WorldPop exposure included; demographic and health-outcome calibration pending
88,QASABPURA,2026-09-01,34.5,28.1,30.6,68.92,87,1.14,789.0,40.54,30.89,27.9,42.76,72.92,8,0,28.1,2026-09-01T13:00,24651,32828.61,34.68,True,5,100.0,63.39,High,ORANGE,#E67E22,Activate the local heat action plan; open cooling centres; shift strenuous outdoor work away from afternoon hours; alert hospitals for a possible heat-illness surge.,True,True,True,True,provisional-impact-risk-v2,Relative heat-health impact ranking; not a predicted death count,WorldPop exposure included; demographic and health-outcome calibration pending
89,PAHAR GANJ,2026-08-28,34.5,26.5,30.69,72.71,93,1.93,770.0,39.97,30.55,28.32,42.09,70.45,12,0,26.5,2026-08-28T13:00,23552,22705.1,22.75,True,1,33.33,54.87,High,ORANGE,#E67E22,Activate the local heat action plan; open cooling centres; shift strenuous outdoor work away from afternoon hours; alert hospitals for a possible heat-illness surge.,True,True,True,True,provisional-impact-risk-v2,Relative heat-health impact ranking; not a predicted death count,WorldPop exposure included; demographic and health-outcome calibration pending
89,PAHAR GANJ,2026-08-29,34.8,26.7,30.81,68.58,80,1.94,844.0,40.98,31.08,28.04,43.46,74.76,13,1,26.7,2026-08-29T13:00,23552,22705.1,22.75,True,2,66.67,60.72,High,ORANGE,#E67E22,Activate the local heat action plan; open cooling centres; shift strenuous outdoor work away from afternoon hours; alert hospitals for a possible heat-illness surge.,True,True,True,True,provisional-impact-risk-v2,Relative heat-health impact ranking; not a predicted death count,WorldPop exposure included; demographic and health-outcome calibration pending
89,PAHAR GANJ,2026-08-30,35.3,27.4,31.39,64.71,76,1.74,788.0,41.81,31.17,28.15,43.02,74.86,14,1,27.4,2026-08-30T14:00,23552,22705.1,22.75,True,3,100.0,63.3,High,ORANGE,#E67E22,Activate the local heat action plan; open cooling centres; shift strenuous outdoor work away from afternoon hours; alert hospitals for a possible heat-illness surge.,True,True,True,True,provisional-impact-risk-v2,Relative heat-health impact ranking; not a predicted death count,WorldPop exposure included; demographic and health-outcome calibration pending
89,PAHAR GANJ,2026-08-31,35.8,27.4,31.62,61.42,78,1.55,819.0,41.36,31.24,27.98,43.79,75.8,11,2,27.4,2026-08-31T13:00,23552,22705.1,22.75,True,4,100.0,64.09,High,ORANGE,#E67E22,Activate the local heat action plan; open cooling centres; shift strenuous outdoor work away from afternoon hours; alert hospitals for a possible heat-illness surge.,True,True,True,True,provisional-impact-risk-v2,Relative heat-health impact ranking; not a predicted death count,WorldPop exposure included; demographic and health-outcome calibration pending
89,PAHAR GANJ,2026-09-01,34.5,28.1,30.6,68.92,87,1.14,789.0,40.54,30.89,27.9,42.76,72.92,8,0,28.1,2026-09-01T13:00,23552,22705.1,22.75,True,5,100.0,61.65,High,ORANGE,#E67E22,Activate the local heat action plan; open cooling centres; shift strenuous outdoor work away from afternoon hours; alert hospitals for a possible heat-illness surge.,True,True,True,True,provisional-impact-risk-v2,Relative heat-health impact ranking; not a predicted death count,WorldPop exposure included; demographic and health-outcome calibration pending
9,MALKAGANJ,2026-08-28,34.5,26.5,30.69,72.71,93,1.93,770.0,39.97,30.55,28.32,42.09,70.45,12,0,26.5,2026-08-28T13:00,20497,20666.47,19.6,True,1,33.33,54.43,High,ORANGE,#E67E22,Activate the local heat action plan; open cooling centres; shift strenuous outdoor work away from afternoon hours; alert hospitals for a possible heat-illness surge.,True,True,True,True,provisional-impact-risk-v2,Relative heat-health impact ranking; not a predicted death count,WorldPop exposure included; demographic and health-outcome calibration pending
9,MALKAGANJ,2026-08-29,34.8,26.7,30.81,68.58,80,1.94,844.0,40.98,31.08,28.04,43.46,74.76,13,1,26.7,2026-08-29T13:00,20497,20666.47,19.6,True,2,66.67,60.25,High,ORANGE,#E67E22,Activate the local heat action plan; open cooling centres; shift strenuous outdoor work away from afternoon hours; alert hospitals for a possible heat-illness surge.,True,True,True,True,provisional-impact-risk-v2,Relative heat-health impact ranking; not a predicted death count,WorldPop exposure included; demographic and health-outcome calibration pending
9,MALKAGANJ,2026-08-30,35.3,27.4,31.39,64.71,76,1.74,788.0,41.81,31.17,28.15,43.02,74.86,14,1,27.4,2026-08-30T14:00,20497,20666.47,19.6,True,3,100.0,62.83,High,ORANGE,#E67E22,Activate the local heat action plan; open cooling centres; shift strenuous outdoor work away from afternoon hours; alert hospitals for a possible heat-illness surge.,True,True,True,True,provisional-impact-risk-v2,Relative heat-health impact ranking; not a predicted death count,WorldPop exposure included; demographic and health-outcome calibration pending
9,MALKAGANJ,2026-08-31,35.8,27.4,31.62,61.42,78,1.55,819.0,41.36,31.24,27.98,43.79,75.8,11,2,27.4,2026-08-31T13:00,20497,20666.47,19.6,True,4,100.0,63.61,High,ORANGE,#E67E22,Activate the local heat action plan; open cooling centres; shift strenuous outdoor work away from afternoon hours; alert hospitals for a possible heat-illness surge.,True,True,True,True,provisional-impact-risk-v2,Relative heat-health impact ranking; not a predicted death count,WorldPop exposure included; demographic and health-outcome calibration pending
9,MALKAGANJ,2026-09-01,34.5,28.1,30.6,68.92,87,1.14,789.0,40.54,30.89,27.9,42.76,72.92,8,0,28.1,2026-09-01T13:00,20497,20666.47,19.6,True,5,100.0,61.19,High,ORANGE,#E67E22,Activate the local heat action plan; open cooling centres; shift strenuous outdoor work away from afternoon hours; alert hospitals for a possible heat-illness surge.,True,True,True,True,provisional-impact-risk-v2,Relative heat-health impact ranking; not a predicted death count,WorldPop exposure included; demographic and health-outcome calibration pending
90,MODEL BASTI,2026-08-28,34.5,26.5,30.69,72.71,93,1.93,770.0,39.97,30.55,28.32,42.09,70.45,12,0,26.5,2026-08-28T13:00,57887,39730.27,51.49,True,1,33.33,58.92,High,ORANGE,#E67E22,Activate the local heat action plan; open cooling centres; shift strenuous outdoor work away from afternoon hours; alert hospitals for a possible heat-illness surge.,True,True,True,True,provisional-impact-risk-v2,Relative heat-health impact ranking; not a predicted death count,WorldPop exposure included; demographic and health-outcome calibration pending
90,MODEL BASTI,2026-08-29,34.8,26.7,30.81,68.58,80,1.94,844.0,40.98,31.08,28.04,43.46,74.76,13,1,26.7,2026-08-29T13:00,57887,39730.27,51.49,True,2,66.67,65.02,High,ORANGE,#E67E22,Activate the local heat action plan; open cooling centres; shift strenuous outdoor work away from afternoon hours; alert hospitals for a possible heat-illness surge.,True,True,True,True,provisional-impact-risk-v2,Relative heat-health impact ranking; not a predicted death count,WorldPop exposure included; demographic and health-outcome calibration pending
90,MODEL BASTI,2026-08-30,35.3,27.4,31.39,64.71,76,1.74,788.0,41.81,31.17,28.15,43.02,74.86,14,1,27.4,2026-08-30T14:00,57887,39730.27,51.49,True,3,100.0,67.6,High,ORANGE,#E67E22,Activate the local heat action plan; open cooling centres; shift strenuous outdoor work away from afternoon hours; alert hospitals for a possible heat-illness surge.,True,True,True,True,provisional-impact-risk-v2,Relative heat-health impact ranking; not a predicted death count,WorldPop exposure included; demographic and health-outcome calibration pending
90,MODEL BASTI,2026-08-31,35.8,27.4,31.62,61.42,78,1.55,819.0,41.36,31.24,27.98,43.79,75.8,11,2,27.4,2026-08-31T13:00,57887,39730.27,51.49,True,4,100.0,68.45,High,ORANGE,#E67E22,Activate the local heat action plan; open cooling centres; shift strenuous outdoor work away from afternoon hours; alert hospitals for a possible heat-illness surge.,True,True,True,True,provisional-impact-risk-v2,Relative heat-health impact ranking; not a predicted death count,WorldPop exposure included; demographic and health-outcome calibration pending
90,MODEL BASTI,2026-09-01,34.5,28.1,30.6,68.92,87,1.14,789.0,40.54,30.89,27.9,42.76,72.92,8,0,28.1,2026-09-01T13:00,57887,39730.27,51.49,True,5,100.0,65.84,High,ORANGE,#E67E22,Activate the local heat action plan; open cooling centres; shift strenuous outdoor work away from afternoon hours; alert hospitals for a possible heat-illness surge.,True,True,True,True,provisional-impact-risk-v2,Relative heat-health impact ranking; not a predicted death count,WorldPop exposure included; demographic and health-outcome calibration pending
91,KAROL BAGH,2026-08-28,34.5,26.5,30.69,72.71,93,1.93,770.0,39.97,30.55,28.32,42.09,70.45,12,0,26.5,2026-08-28T13:00,86110,37724.52,56.74,True,1,33.33,59.66,High,ORANGE,#E67E22,Activate the local heat action plan; open cooling centres; shift strenuous outdoor work away from afternoon hours; alert hospitals for a possible heat-illness surge.,True,True,True,True,provisional-impact-risk-v2,Relative heat-health impact ranking; not a predicted death count,WorldPop exposure included; demographic and health-outcome calibration pending
91,KAROL BAGH,2026-08-29,34.8,26.7,30.81,68.58,80,1.94,844.0,40.98,31.08,28.04,43.46,74.76,13,1,26.7,2026-08-29T13:00,86110,37724.52,56.74,True,2,66.67,65.8,High,ORANGE,#E67E22,Activate the local heat action plan; open cooling centres; shift strenuous outdoor work away from afternoon hours; alert hospitals for a possible heat-illness surge.,True,True,True,True,provisional-impact-risk-v2,Relative heat-health impact ranking; not a predicted death count,WorldPop exposure included; demographic and health-outcome calibration pending
91,KAROL BAGH,2026-08-30,35.3,27.4,31.39,64.71,76,1.74,788.0,41.81,31.17,28.15,43.02,74.86,14,1,27.4,2026-08-30T14:00,86110,37724.52,56.74,True,3,100.0,68.39,High,ORANGE,#E67E22,Activate the local heat action plan; open cooling centres; shift strenuous outdoor work away from afternoon hours; alert hospitals for a possible heat-illness surge.,True,True,True,True,provisional-impact-risk-v2,Relative heat-health impact ranking; not a predicted death count,WorldPop exposure included; demographic and health-outcome calibration pending
91,KAROL BAGH,2026-08-31,35.8,27.4,31.62,61.42,78,1.55,819.0,41.36,31.24,27.98,43.79,75.8,11,2,27.4,2026-08-31T13:00,86110,37724.52,56.74,True,4,100.0,69.24,High,ORANGE,#E67E22,Activate the local heat action plan; open cooling centres; shift strenuous outdoor work away from afternoon hours; alert hospitals for a possible heat-illness surge.,True,True,True,True,provisional-impact-risk-v2,Relative heat-health impact ranking; not a predicted death count,WorldPop exposure included; demographic and health-outcome calibration pending
91,KAROL BAGH,2026-09-01,34.5,28.1,30.6,68.92,87,1.14,789.0,40.54,30.89,27.9,42.76,72.92,8,0,28.1,2026-09-01T13:00,86110,37724.52,56.74,True,5,100.0,66.61,High,ORANGE,#E67E22,Activate the local heat action plan; open cooling centres; shift strenuous outdoor work away from afternoon hours; alert hospitals for a possible heat-illness surge.,True,True,True,True,provisional-impact-risk-v2,Relative heat-health impact ranking; not a predicted death count,WorldPop exposure included; demographic and health-outcome calibration pending
92,DEV NAGAR,2026-08-28,34.5,26.5,30.69,72.71,93,1.93,770.0,39.97,30.55,28.32,42.09,70.45,12,0,26.5,2026-08-28T13:00,20879,27639.66,27.71,True,1,33.33,55.57,High,ORANGE,#E67E22,Activate the local heat action plan; open cooling centres; shift strenuous outdoor work away from afternoon hours; alert hospitals for a possible heat-illness surge.,True,True,True,True,provisional-impact-risk-v2,Relative heat-health impact ranking; not a predicted death count,WorldPop exposure included; demographic and health-outcome calibration pending
92,DEV NAGAR,2026-08-29,34.8,26.7,30.81,68.58,80,1.94,844.0,40.98,31.08,28.04,43.46,74.76,13,1,26.7,2026-08-29T13:00,20879,27639.66,27.71,True,2,66.67,61.46,High,ORANGE,#E67E22,Activate the local heat action plan; open cooling centres; shift strenuous outdoor work away from afternoon hours; alert hospitals for a possible heat-illness surge.,True,True,True,True,provisional-impact-risk-v2,Relative heat-health impact ranking; not a predicted death count,WorldPop exposure included; demographic and health-outcome calibration pending
92,DEV NAGAR,2026-08-30,35.3,27.4,31.39,64.71,76,1.74,788.0,41.81,31.17,28.15,43.02,74.86,14,1,27.4,2026-08-30T14:00,20879,27639.66,27.71,True,3,100.0,64.04,High,ORANGE,#E67E22,Activate the local heat action plan; open cooling centres; shift strenuous outdoor work away from afternoon hours; alert hospitals for a possible heat-illness surge.,True,True,True,True,provisional-impact-risk-v2,Relative heat-health impact ranking; not a predicted death count,WorldPop exposure included; demographic and health-outcome calibration pending
92,DEV NAGAR,2026-08-31,35.8,27.4,31.62,61.42,78,1.55,819.0,41.36,31.24,27.98,43.79,75.8,11,2,27.4,2026-08-31T13:00,20879,27639.66,27.71,True,4,100.0,64.84,High,ORANGE,#E67E22,Activate the local heat action plan; open cooling centres; shift strenuous outdoor work away from afternoon hours; alert hospitals for a possible heat-illness surge.,True,True,True,True,provisional-impact-risk-v2,Relative heat-health impact ranking; not a predicted death count,WorldPop exposure included; demographic and health-outcome calibration pending
92,DEV NAGAR,2026-09-01,34.5,28.1,30.6,68.92,87,1.14,789.0,40.54,30.89,27.9,42.76,72.92,8,0,28.1,2026-09-01T13:00,20879,27639.66,27.71,True,5,100.0,62.38,High,ORANGE,#E67E22,Activate the local heat action plan; open cooling centres; shift strenuous outdoor work away from afternoon hours; alert hospitals for a possible heat-illness surge.,True,True,True,True,provisional-impact-risk-v2,Relative heat-health impact ranking; not a predicted death count,WorldPop exposure included; demographic and health-outcome calibration pending
93,BALJIT NAGAR,2026-08-28,34.5,26.5,30.69,72.71,93,1.93,770.0,39.97,30.55,28.32,42.09,70.45,12,0,26.5,2026-08-28T13:00,14013,36115.98,35.61,True,1,33.33,56.68,High,ORANGE,#E67E22,Activate the local heat action plan; open cooling centres; shift strenuous outdoor work away from afternoon hours; alert hospitals for a possible heat-illness surge.,True,True,True,True,provisional-impact-risk-v2,Relative heat-health impact ranking; not a predicted death count,WorldPop exposure included; demographic and health-outcome calibration pending
93,BALJIT NAGAR,2026-08-29,34.8,26.7,30.81,68.58,80,1.94,844.0,40.98,31.08,28.04,43.46,74.76,13,1,26.7,2026-08-29T13:00,14013,36115.98,35.61,True,2,66.67,62.64,High,ORANGE,#E67E22,Activate the local heat action plan; open cooling centres; shift strenuous outdoor work away from afternoon hours; alert hospitals for a possible heat-illness surge.,True,True,True,True,provisional-impact-risk-v2,Relative heat-health impact ranking; not a predicted death count,WorldPop exposure included; demographic and health-outcome calibration pending
93,BALJIT NAGAR,2026-08-30,35.3,27.4,31.39,64.71,76,1.74,788.0,41.81,31.17,28.15,43.02,74.86,14,1,27.4,2026-08-30T14:00,14013,36115.98,35.61,True,3,100.0,65.22,High,ORANGE,#E67E22,Activate the local heat action plan; open cooling centres; shift strenuous outdoor work away from afternoon hours; alert hospitals for a possible heat-illness surge.,True,True,True,True,provisional-impact-risk-v2,Relative heat-health impact ranking; not a predicted death count,WorldPop exposure included; demographic and health-outcome calibration pending
93,BALJIT NAGAR,2026-08-31,35.8,27.4,31.62,61.42,78,1.55,819.0,41.36,31.24,27.98,43.79,75.8,11,2,27.4,2026-08-31T13:00,14013,36115.98,35.61,True,4,100.0,66.04,High,ORANGE,#E67E22,Activate the local heat action plan; open cooling centres; shift strenuous outdoor work away from afternoon hours; alert hospitals for a possible heat-illness surge.,True,True,True,True,provisional-impact-risk-v2,Relative heat-health impact ranking; not a predicted death count,WorldPop exposure included; demographic and health-outcome calibration pending
93,BALJIT NAGAR,2026-09-01,34.5,28.1,30.6,68.92,87,1.14,789.0,40.54,30.89,27.9,42.76,72.92,8,0,28.1,2026-09-01T13:00,14013,36115.98,35.61,True,5,100.0,63.53,High,ORANGE,#E67E22,Activate the local heat action plan; open cooling centres; shift strenuous outdoor work away from afternoon hours; alert hospitals for a possible heat-illness surge.,True,True,True,True,provisional-impact-risk-v2,Relative heat-health impact ranking; not a predicted death count,WorldPop exposure included; demographic and health-outcome calibration pending
94,WEST PATEL NAGAR,2026-08-28,34.5,26.5,30.69,72.71,93,1.93,770.0,39.97,30.55,28.32,42.09,70.45,12,0,26.5,2026-08-28T13:00,36328,34287.87,39.48,True,1,33.33,57.23,High,ORANGE,#E67E22,Activate the local heat action plan; open cooling centres; shift strenuous outdoor work away from afternoon hours; alert hospitals for a possible heat-illness surge.,True,True,True,True,provisional-impact-risk-v2,Relative heat-health impact ranking; not a predicted death count,WorldPop exposure included; demographic and health-outcome calibration pending
94,WEST PATEL NAGAR,2026-08-29,34.8,26.7,30.81,68.58,80,1.94,844.0,40.98,31.08,28.04,43.46,74.76,13,1,26.7,2026-08-29T13:00,36328,34287.87,39.48,True,2,66.67,63.22,High,ORANGE,#E67E22,Activate the local heat action plan; open cooling centres; shift strenuous outdoor work away from afternoon hours; alert hospitals for a possible heat-illness surge.,True,True,True,True,provisional-impact-risk-v2,Relative heat-health impact ranking; not a predicted death count,WorldPop exposure included; demographic and health-outcome calibration pending
94,WEST PATEL NAGAR,2026-08-30,35.3,27.4,31.39,64.71,76,1.74,788.0,41.81,31.17,28.15,43.02,74.86,14,1,27.4,2026-08-30T14:00,36328,34287.87,39.48,True,3,100.0,65.8,High,ORANGE,#E67E22,Activate the local heat action plan; open cooling centres; shift strenuous outdoor work away from afternoon hours; alert hospitals for a possible heat-illness surge.,True,True,True,True,provisional-impact-risk-v2,Relative heat-health impact ranking; not a predicted death count,WorldPop exposure included; demographic and health-outcome calibration pending
94,WEST PATEL NAGAR,2026-08-31,35.8,27.4,31.62,61.42,78,1.55,819.0,41.36,31.24,27.98,43.79,75.8,11,2,27.4,2026-08-31T13:00,36328,34287.87,39.48,True,4,100.0,66.62,High,ORANGE,#E67E22,Activate the local heat action plan; open cooling centres; shift strenuous outdoor work away from afternoon hours; alert hospitals for a possible heat-illness surge.,True,True,True,True,provisional-impact-risk-v2,Relative heat-health impact ranking; not a predicted death count,WorldPop exposure included; demographic and health-outcome calibration pending
94,WEST PATEL NAGAR,2026-09-01,34.5,28.1,30.6,68.92,87,1.14,789.0,40.54,30.89,27.9,42.76,72.92,8,0,28.1,2026-09-01T13:00,36328,34287.87,39.48,True,5,100.0,64.09,High,ORANGE,#E67E22,Activate the local heat action plan; open cooling centres; shift strenuous outdoor work away from afternoon hours; alert hospitals for a possible heat-illness surge.,True,True,True,True,provisional-impact-risk-v2,Relative heat-health impact ranking; not a predicted death count,WorldPop exposure included; demographic and health-outcome calibration pending
95,EAST PATEL NAGAR,2026-08-28,34.5,26.5,30.69,72.71,93,1.93,770.0,39.97,30.55,28.32,42.09,70.45,12,0,26.5,2026-08-28T13:00,55276,23259.42,31.88,True,1,33.33,56.16,High,ORANGE,#E67E22,Activate the local heat action plan; open cooling centres; shift strenuous outdoor work away from afternoon hours; alert hospitals for a possible heat-illness surge.,True,True,True,True,provisional-impact-risk-v2,Relative heat-health impact ranking; not a predicted death count,WorldPop exposure included; demographic and health-outcome calibration pending
95,EAST PATEL NAGAR,2026-08-29,34.8,26.7,30.81,68.58,80,1.94,844.0,40.98,31.08,28.04,43.46,74.76,13,1,26.7,2026-08-29T13:00,55276,23259.42,31.88,True,2,66.67,62.08,High,ORANGE,#E67E22,Activate the local heat action plan; open cooling centres; shift strenuous outdoor work away from afternoon hours; alert hospitals for a possible heat-illness surge.,True,True,True,True,provisional-impact-risk-v2,Relative heat-health impact ranking; not a predicted death count,WorldPop exposure included; demographic and health-outcome calibration pending
95,EAST PATEL NAGAR,2026-08-30,35.3,27.4,31.39,64.71,76,1.74,788.0,41.81,31.17,28.15,43.02,74.86,14,1,27.4,2026-08-30T14:00,55276,23259.42,31.88,True,3,100.0,64.67,High,ORANGE,#E67E22,Activate the local heat action plan; open cooling centres; shift strenuous outdoor work away from afternoon hours; alert hospitals for a possible heat-illness surge.,True,True,True,True,provisional-impact-risk-v2,Relative heat-health impact ranking; not a predicted death count,WorldPop exposure included; demographic and health-outcome calibration pending
95,EAST PATEL NAGAR,2026-08-31,35.8,27.4,31.62,61.42,78,1.55,819.0,41.36,31.24,27.98,43.79,75.8,11,2,27.4,2026-08-31T13:00,55276,23259.42,31.88,True,4,100.0,65.47,High,ORANGE,#E67E22,Activate the local heat action plan; open cooling centres; shift strenuous outdoor work away from afternoon hours; alert hospitals for a possible heat-illness surge.,True,True,True,True,provisional-impact-risk-v2,Relative heat-health impact ranking; not a predicted death count,WorldPop exposure included; demographic and health-outcome calibration pending
95,EAST PATEL NAGAR,2026-09-01,34.5,28.1,30.6,68.92,87,1.14,789.0,40.54,30.89,27.9,42.76,72.92,8,0,28.1,2026-09-01T13:00,55276,23259.42,31.88,True,5,100.0,62.98,High,ORANGE,#E67E22,Activate the local heat action plan; open cooling centres; shift strenuous outdoor work away from afternoon hours; alert hospitals for a possible heat-illness surge.,True,True,True,True,provisional-impact-risk-v2,Relative heat-health impact ranking; not a predicted death count,WorldPop exposure included; demographic and health-outcome calibration pending
96,NEW RANJIT NAGAR,2026-08-28,34.5,26.5,30.69,72.71,93,1.93,770.0,39.97,30.55,28.32,42.09,70.45,12,0,26.5,2026-08-28T13:00,16269,19486.17,17.11,True,1,33.33,54.08,High,ORANGE,#E67E22,Activate the local heat action plan; open cooling centres; shift strenuous outdoor work away from afternoon hours; alert hospitals for a possible heat-illness surge.,True,True,True,True,provisional-impact-risk-v2,Relative heat-health impact ranking; not a predicted death count,WorldPop exposure included; demographic and health-outcome calibration pending
96,NEW RANJIT NAGAR,2026-08-29,34.8,26.7,30.81,68.58,80,1.94,844.0,40.98,31.08,28.04,43.46,74.76,13,1,26.7,2026-08-29T13:00,16269,19486.17,17.11,True,2,66.67,59.88,High,ORANGE,#E67E22,Activate the local heat action plan; open cooling centres; shift strenuous outdoor work away from afternoon hours; alert hospitals for a possible heat-illness surge.,True,True,True,True,provisional-impact-risk-v2,Relative heat-health impact ranking; not a predicted death count,WorldPop exposure included; demographic and health-outcome calibration pending
96,NEW RANJIT NAGAR,2026-08-30,35.3,27.4,31.39,64.71,76,1.74,788.0,41.81,31.17,28.15,43.02,74.86,14,1,27.4,2026-08-30T14:00,16269,19486.17,17.11,True,3,100.0,62.45,High,ORANGE,#E67E22,Activate the local heat action plan; open cooling centres; shift strenuous outdoor work away from afternoon hours; alert hospitals for a possible heat-illness surge.,True,True,True,True,provisional-impact-risk-v2,Relative heat-health impact ranking; not a predicted death count,WorldPop exposure included; demographic and health-outcome calibration pending
96,NEW RANJIT NAGAR,2026-08-31,35.8,27.4,31.62,61.42,78,1.55,819.0,41.36,31.24,27.98,43.79,75.8,11,2,27.4,2026-08-31T13:00,16269,19486.17,17.11,True,4,100.0,63.23,High,ORANGE,#E67E22,Activate the local heat action plan; open cooling centres; shift strenuous outdoor work away from afternoon hours; alert hospitals for a possible heat-illness surge.,True,True,True,True,provisional-impact-risk-v2,Relative heat-health impact ranking; not a predicted death count,WorldPop exposure included; demographic and health-outcome calibration pending
96,NEW RANJIT NAGAR,2026-09-01,34.5,28.1,30.6,68.92,87,1.14,789.0,40.54,30.89,27.9,42.76,72.92,8,0,28.1,2026-09-01T13:00,16269,19486.17,17.11,True,5,100.0,60.83,High,ORANGE,#E67E22,Activate the local heat action plan; open cooling centres; shift strenuous outdoor work away from afternoon hours; alert hospitals for a possible heat-illness surge.,True,True,True,True,provisional-impact-risk-v2,Relative heat-health impact ranking; not a predicted death count,WorldPop exposure included; demographic and health-outcome calibration pending
97,KIRTI NAGAR,2026-08-28,34.5,26.5,30.69,72.71,93,1.93,770.0,39.97,30.55,28.32,42.09,70.45,12,0,26.5,2026-08-28T13:00,116265,34395.89,60.99,True,1,33.33,60.26,High,ORANGE,#E67E22,Activate the local heat action plan; open cooling centres; shift strenuous outdoor work away from afternoon hours; alert hospitals for a possible heat-illness surge.,True,True,True,True,provisional-impact-risk-v2,Relative heat-health impact ranking; not a predicted death count,WorldPop exposure included; demographic and health-outcome calibration pending
97,KIRTI NAGAR,2026-08-29,34.8,26.7,30.81,68.58,80,1.94,844.0,40.98,31.08,28.04,43.46,74.76,13,1,26.7,2026-08-29T13:00,116265,34395.89,60.99,True,2,66.67,66.44,High,ORANGE,#E67E22,Activate the local heat action plan; open cooling centres; shift strenuous outdoor work away from afternoon hours; alert hospitals for a possible heat-illness surge.,True,True,True,True,provisional-impact-risk-v2,Relative heat-health impact ranking; not a predicted death count,WorldPop exposure included; demographic and health-outcome calibration pending
97,KIRTI NAGAR,2026-08-30,35.3,27.4,31.39,64.71,76,1.74,788.0,41.81,31.17,28.15,43.02,74.86,14,1,27.4,2026-08-30T14:00,116265,34395.89,60.99,True,3,100.0,69.02,High,ORANGE,#E67E22,Activate the local heat action plan; open cooling centres; shift strenuous outdoor work away from afternoon hours; alert hospitals for a possible heat-illness surge.,True,True,True,True,provisional-impact-risk-v2,Relative heat-health impact ranking; not a predicted death count,WorldPop exposure included; demographic and health-outcome calibration pending
97,KIRTI NAGAR,2026-08-31,35.8,27.4,31.62,61.42,78,1.55,819.0,41.36,31.24,27.98,43.79,75.8,11,2,27.4,2026-08-31T13:00,116265,34395.89,60.99,True,4,100.0,69.89,High,ORANGE,#E67E22,Activate the local heat action plan; open cooling centres; shift strenuous outdoor work away from afternoon hours; alert hospitals for a possible heat-illness surge.,True,True,True,True,provisional-impact-risk-v2,Relative heat-health impact ranking; not a predicted death count,WorldPop exposure included; demographic and health-outcome calibration pending
97,KIRTI NAGAR,2026-09-01,34.5,28.1,30.6,68.92,87,1.14,789.0,40.54,30.89,27.9,42.76,72.92,8,0,28.1,2026-09-01T13:00,116265,34395.89,60.99,True,5,100.0,67.23,High,ORANGE,#E67E22,Activate the local heat action plan; open cooling centres; shift strenuous outdoor work away from afternoon hours; alert hospitals for a possible heat-illness surge.,True,True,True,True,provisional-impact-risk-v2,Relative heat-health impact ranking; not a predicted death count,WorldPop exposure included; demographic and health-outcome calibration pending
98,MANSAROWER GARDEN,2026-08-28,34.5,26.5,30.69,72.71,93,1.93,770.0,39.97,30.55,28.32,42.09,70.45,12,0,26.5,2026-08-28T13:00,54546,34040.19,44.06,True,1,33.33,57.87,High,ORANGE,#E67E22,Activate the local heat action plan; open cooling centres; shift strenuous outdoor work away from afternoon hours; alert hospitals for a possible heat-illness surge.,True,True,True,True,provisional-impact-risk-v2,Relative heat-health impact ranking; not a predicted death count,WorldPop exposure included; demographic and health-outcome calibration pending
98,MANSAROWER GARDEN,2026-08-29,34.8,26.7,30.81,68.58,80,1.94,844.0,40.98,31.08,28.04,43.46,74.76,13,1,26.7,2026-08-29T13:00,54546,34040.19,44.06,True,2,66.67,63.9,High,ORANGE,#E67E22,Activate the local heat action plan; open cooling centres; shift strenuous outdoor work away from afternoon hours; alert hospitals for a possible heat-illness surge.,True,True,True,True,provisional-impact-risk-v2,Relative heat-health impact ranking; not a predicted death count,WorldPop exposure included; demographic and health-outcome calibration pending
98,MANSAROWER GARDEN,2026-08-30,35.3,27.4,31.39,64.71,76,1.74,788.0,41.81,31.17,28.15,43.02,74.86,14,1,27.4,2026-08-30T14:00,54546,34040.19,44.06,True,3,100.0,66.49,High,ORANGE,#E67E22,Activate the local heat action plan; open cooling centres; shift strenuous outdoor work away from afternoon hours; alert hospitals for a possible heat-illness surge.,True,True,True,True,provisional-impact-risk-v2,Relative heat-health impact ranking; not a predicted death count,WorldPop exposure included; demographic and health-outcome calibration pending
98,MANSAROWER GARDEN,2026-08-31,35.8,27.4,31.62,61.42,78,1.55,819.0,41.36,31.24,27.98,43.79,75.8,11,2,27.4,2026-08-31T13:00,54546,34040.19,44.06,True,4,100.0,67.32,High,ORANGE,#E67E22,Activate the local heat action plan; open cooling centres; shift strenuous outdoor work away from afternoon hours; alert hospitals for a possible heat-illness surge.,True,True,True,True,provisional-impact-risk-v2,Relative heat-health impact ranking; not a predicted death count,WorldPop exposure included; demographic and health-outcome calibration pending
98,MANSAROWER GARDEN,2026-09-01,34.5,28.1,30.6,68.92,87,1.14,789.0,40.54,30.89,27.9,42.76,72.92,8,0,28.1,2026-09-01T13:00,54546,34040.19,44.06,True,5,100.0,64.76,High,ORANGE,#E67E22,Activate the local heat action plan; open cooling centres; shift strenuous outdoor work away from afternoon hours; alert hospitals for a possible heat-illness surge.,True,True,True,True,provisional-impact-risk-v2,Relative heat-health impact ranking; not a predicted death count,WorldPop exposure included; demographic and health-outcome calibration pending
99,MOTI NAGAR,2026-08-28,34.5,26.5,30.69,72.71,93,1.93,770.0,39.97,30.55,28.32,42.09,70.45,12,0,26.5,2026-08-28T13:00,35615,36879.98,42.26,True,1,33.33,57.62,High,ORANGE,#E67E22,Activate the local heat action plan; open cooling centres; shift strenuous outdoor work away from afternoon hours; alert hospitals for a possible heat-illness surge.,True,True,True,True,provisional-impact-risk-v2,Relative heat-health impact ranking; not a predicted death count,WorldPop exposure included; demographic and health-outcome calibration pending
99,MOTI NAGAR,2026-08-29,34.8,26.7,30.81,68.58,80,1.94,844.0,40.98,31.08,28.04,43.46,74.76,13,1,26.7,2026-08-29T13:00,35615,36879.98,42.26,True,2,66.67,63.64,High,ORANGE,#E67E22,Activate the local heat action plan; open cooling centres; shift strenuous outdoor work away from afternoon hours; alert hospitals for a possible heat-illness surge.,True,True,True,True,provisional-impact-risk-v2,Relative heat-health impact ranking; not a predicted death count,WorldPop exposure included; demographic and health-outcome calibration pending
99,MOTI NAGAR,2026-08-30,35.3,27.4,31.39,64.71,76,1.74,788.0,41.81,31.17,28.15,43.02,74.86,14,1,27.4,2026-08-30T14:00,35615,36879.98,42.26,True,3,100.0,66.22,High,ORANGE,#E67E22,Activate the local heat action plan; open cooling centres; shift strenuous outdoor work away from afternoon hours; alert hospitals for a possible heat-illness surge.,True,True,True,True,provisional-impact-risk-v2,Relative heat-health impact ranking; not a predicted death count,WorldPop exposure included; demographic and health-outcome calibration pending
99,MOTI NAGAR,2026-08-31,35.8,27.4,31.62,61.42,78,1.55,819.0,41.36,31.24,27.98,43.79,75.8,11,2,27.4,2026-08-31T13:00,35615,36879.98,42.26,True,4,100.0,67.05,High,ORANGE,#E67E22,Activate the local heat action plan; open cooling centres; shift strenuous outdoor work away from afternoon hours; alert hospitals for a possible heat-illness surge.,True,True,True,True,provisional-impact-risk-v2,Relative heat-health impact ranking; not a predicted death count,WorldPop exposure included; demographic and health-outcome calibration pending
99,MOTI NAGAR,2026-09-01,34.5,28.1,30.6,68.92,87,1.14,789.0,40.54,30.89,27.9,42.76,72.92,8,0,28.1,2026-09-01T13:00,35615,36879.98,42.26,True,5,100.0,64.5,High,ORANGE,#E67E22,Activate the local heat action plan; open cooling centres; shift strenuous outdoor work away from afternoon hours; alert hospitals for a possible heat-illness surge.,True,True,True,True,provisional-impact-risk-v2,Relative heat-health impact ranking; not a predicted death count,WorldPop exposure included; demographic and health-outcome calibration pending
CANT_1,DELHI CANTT CHARGE 1,2026-08-28,34.5,26.5,30.69,72.71,93,1.93,770.0,39.97,30.55,28.32,42.09,70.45,12,0,26.5,2026-08-28T13:00,14148,11099.08,6.9,True,1,33.33,52.64,High,ORANGE,#E67E22,Activate the local heat action plan; open cooling centres; shift strenuous outdoor work away from afternoon hours; alert hospitals for a possible heat-illness surge.,True,True,True,True,provisional-impact-risk-v2,Relative heat-health impact ranking; not a predicted death count,WorldPop exposure included; demographic and health-outcome calibration pending
CANT_1,DELHI CANTT CHARGE 1,2026-08-29,34.8,26.7,30.81,68.58,80,1.94,844.0,40.98,31.08,28.04,43.46,74.76,13,1,26.7,2026-08-29T13:00,14148,11099.08,6.9,True,2,66.67,58.35,High,ORANGE,#E67E22,Activate the local heat action plan; open cooling centres; shift strenuous outdoor work away from afternoon hours; alert hospitals for a possible heat-illness surge.,True,True,True,True,provisional-impact-risk-v2,Relative heat-health impact ranking; not a predicted death count,WorldPop exposure included; demographic and health-outcome calibration pending
CANT_1,DELHI CANTT CHARGE 1,2026-08-30,35.3,27.4,31.39,64.71,76,1.74,788.0,41.81,31.17,28.15,43.02,74.86,14,1,27.4,2026-08-30T14:00,14148,11099.08,6.9,True,3,100.0,60.92,High,ORANGE,#E67E22,Activate the local heat action plan; open cooling centres; shift strenuous outdoor work away from afternoon hours; alert hospitals for a possible heat-illness surge.,True,True,True,True,provisional-impact-risk-v2,Relative heat-health impact ranking; not a predicted death count,WorldPop exposure included; demographic and health-outcome calibration pending
CANT_1,DELHI CANTT CHARGE 1,2026-08-31,35.8,27.4,31.62,61.42,78,1.55,819.0,41.36,31.24,27.98,43.79,75.8,11,2,27.4,2026-08-31T13:00,14148,11099.08,6.9,True,4,100.0,61.69,High,ORANGE,#E67E22,Activate the local heat action plan; open cooling centres; shift strenuous outdoor work away from afternoon hours; alert hospitals for a possible heat-illness surge.,True,True,True,True,provisional-impact-risk-v2,Relative heat-health impact ranking; not a predicted death count,WorldPop exposure included; demographic and health-outcome calibration pending
CANT_1,DELHI CANTT CHARGE 1,2026-09-01,34.5,28.1,30.6,68.92,87,1.14,789.0,40.54,30.89,27.9,42.76,72.92,8,0,28.1,2026-09-01T13:00,14148,11099.08,6.9,True,5,100.0,59.34,High,ORANGE,#E67E22,Activate the local heat action plan; open cooling centres; shift strenuous outdoor work away from afternoon hours; alert hospitals for a possible heat-illness surge.,True,True,True,True,provisional-impact-risk-v2,Relative heat-health impact ranking; not a predicted death count,WorldPop exposure included; demographic and health-outcome calibration pending
CANT_2,DELHI CANTT CHARGE 2,2026-08-28,34.5,26.5,30.69,72.71,93,1.93,770.0,39.97,30.55,28.32,42.09,70.45,12,0,26.5,2026-08-28T13:00,63415,7238.99,15.65,True,1,33.33,53.87,High,ORANGE,#E67E22,Activate the local heat action plan; open cooling centres; shift strenuous outdoor work away from afternoon hours; alert hospitals for a possible heat-illness surge.,True,True,True,True,provisional-impact-risk-v2,Relative heat-health impact ranking; not a predicted death count,WorldPop exposure included; demographic and health-outcome calibration pending
CANT_2,DELHI CANTT CHARGE 2,2026-08-29,34.8,26.7,30.81,68.58,80,1.94,844.0,40.98,31.08,28.04,43.46,74.76,13,1,26.7,2026-08-29T13:00,63415,7238.99,15.65,True,2,66.67,59.66,High,ORANGE,#E67E22,Activate the local heat action plan; open cooling centres; shift strenuous outdoor work away from afternoon hours; alert hospitals for a possible heat-illness surge.,True,True,True,True,provisional-impact-risk-v2,Relative heat-health impact ranking; not a predicted death count,WorldPop exposure included; demographic and health-outcome calibration pending
CANT_2,DELHI CANTT CHARGE 2,2026-08-30,35.3,27.4,31.39,64.71,76,1.74,788.0,41.81,31.17,28.15,43.02,74.86,14,1,27.4,2026-08-30T14:00,63415,7238.99,15.65,True,3,100.0,62.24,High,ORANGE,#E67E22,Activate the local heat action plan; open cooling centres; shift strenuous outdoor work away from afternoon hours; alert hospitals for a possible heat-illness surge.,True,True,True,True,provisional-impact-risk-v2,Relative heat-health impact ranking; not a predicted death count,WorldPop exposure included; demographic and health-outcome calibration pending
CANT_2,DELHI CANTT CHARGE 2,2026-08-31,35.8,27.4,31.62,61.42,78,1.55,819.0,41.36,31.24,27.98,43.79,75.8,11,2,27.4,2026-08-31T13:00,63415,7238.99,15.65,True,4,100.0,63.01,High,ORANGE,#E67E22,Activate the local heat action plan; open cooling centres; shift strenuous outdoor work away from afternoon hours; alert hospitals for a possible heat-illness surge.,True,True,True,True,provisional-impact-risk-v2,Relative heat-health impact ranking; not a predicted death count,WorldPop exposure included; demographic and health-outcome calibration pending
CANT_2,DELHI CANTT CHARGE 2,2026-09-01,34.5,28.1,30.6,68.92,87,1.14,789.0,40.54,30.89,27.9,42.76,72.92,8,0,28.1,2026-09-01T13:00,63415,7238.99,15.65,True,5,100.0,60.62,High,ORANGE,#E67E22,Activate the local heat action plan; open cooling centres; shift strenuous outdoor work away from afternoon hours; alert hospitals for a possible heat-illness surge.,True,True,True,True,provisional-impact-risk-v2,Relative heat-health impact ranking; not a predicted death count,WorldPop exposure included; demographic and health-outcome calibration pending
CANT_3,DELHI CANTT CHARGE 3,2026-08-28,34.2,26.2,30.38,73.29,94,2.18,775.0,39.57,30.44,28.1,41.92,69.6,12,0,26.2,2026-08-28T13:00,33852,6658.14,7.08,True,1,33.33,52.02,High,ORANGE,#E67E22,Activate the local heat action plan; open cooling centres; shift strenuous outdoor work away from afternoon hours; alert hospitals for a possible heat-illness surge.,True,True,True,True,provisional-impact-risk-v2,Relative heat-health impact ranking; not a predicted death count,WorldPop exposure included; demographic and health-outcome calibration pending
CANT_3,DELHI CANTT CHARGE 3,2026-08-29,34.4,26.5,30.41,70.46,81,2.07,839.0,40.79,31.11,27.88,43.24,74.68,13,1,26.5,2026-08-29T13:00,33852,6658.14,7.08,True,2,66.67,58.32,High,ORANGE,#E67E22,Activate the local heat action plan; open cooling centres; shift strenuous outdoor work away from afternoon hours; alert hospitals for a possible heat-illness surge.,True,True,True,True,provisional-impact-risk-v2,Relative heat-health impact ranking; not a predicted death count,WorldPop exposure included; demographic and health-outcome calibration pending
CANT_3,DELHI CANTT CHARGE 3,2026-08-30,34.9,27.0,30.84,67.92,78,1.95,796.0,41.23,31.05,28.0,42.74,73.95,13,1,27.0,2026-08-30T14:00,33852,6658.14,7.08,True,3,100.0,60.21,High,ORANGE,#E67E22,Activate the local heat action plan; open cooling centres; shift strenuous outdoor work away from afternoon hours; alert hospitals for a possible heat-illness surge.,True,True,True,True,provisional-impact-risk-v2,Relative heat-health impact ranking; not a predicted death count,WorldPop exposure included; demographic and health-outcome calibration pending
CANT_3,DELHI CANTT CHARGE 3,2026-08-31,35.4,27.0,31.04,65.17,80,1.68,830.0,41.23,31.25,27.87,43.6,75.63,12,2,27.0,2026-08-31T13:00,33852,6658.14,7.08,True,4,100.0,61.57,High,ORANGE,#E67E22,Activate the local heat action plan; open cooling centres; shift strenuous outdoor work away from afternoon hours; alert hospitals for a possible heat-illness surge.,True,True,True,True,provisional-impact-risk-v2,Relative heat-health impact ranking; not a predicted death count,WorldPop exposure included; demographic and health-outcome calibration pending
CANT_3,DELHI CANTT CHARGE 3,2026-09-01,34.5,27.5,30.21,70.5,90,1.23,788.0,40.16,30.68,27.69,42.56,71.32,7,0,27.5,2026-09-01T13:00,33852,6658.14,7.08,True,5,100.0,58.07,High,ORANGE,#E67E22,Activate the local heat action plan; open cooling centres; shift strenuous outdoor work away from afternoon hours; alert hospitals for a possible heat-illness surge.,True,True,True,True,provisional-impact-risk-v2,Relative heat-health impact ranking; not a predicted death count,WorldPop exposure included; demographic and health-outcome calibration pending
CANT_4,DELHI CANTT CHARGE 4,2026-08-28,34.2,26.2,30.38,73.29,94,2.18,775.0,39.57,30.44,28.1,41.92,69.6,12,0,26.2,2026-08-28T13:00,51468,6140.15,11.2,True,1,33.33,52.6,High,ORANGE,#E67E22,Activate the local heat action plan; open cooling centres; shift strenuous outdoor work away from afternoon hours; alert hospitals for a possible heat-illness surge.,True,True,True,True,provisional-impact-risk-v2,Relative heat-health impact ranking; not a predicted death count,WorldPop exposure included; demographic and health-outcome calibration pending
CANT_4,DELHI CANTT CHARGE 4,2026-08-29,34.4,26.5,30.41,70.46,81,2.07,839.0,40.79,31.11,27.88,43.24,74.68,13,1,26.5,2026-08-29T13:00,51468,6140.15,11.2,True,2,66.67,58.93,High,ORANGE,#E67E22,Activate the local heat action plan; open cooling centres; shift strenuous outdoor work away from afternoon hours; alert hospitals for a possible heat-illness surge.,True,True,True,True,provisional-impact-risk-v2,Relative heat-health impact ranking; not a predicted death count,WorldPop exposure included; demographic and health-outcome calibration pending
CANT_4,DELHI CANTT CHARGE 4,2026-08-30,34.9,27.0,30.84,67.92,78,1.95,796.0,41.23,31.05,28.0,42.74,73.95,13,1,27.0,2026-08-30T14:00,51468,6140.15,11.2,True,3,100.0,60.82,High,ORANGE,#E67E22,Activate the local heat action plan; open cooling centres; shift strenuous outdoor work away from afternoon hours; alert hospitals for a possible heat-illness surge.,True,True,True,True,provisional-impact-risk-v2,Relative heat-health impact ranking; not a predicted death count,WorldPop exposure included; demographic and health-outcome calibration pending
CANT_4,DELHI CANTT CHARGE 4,2026-08-31,35.4,27.0,31.04,65.17,80,1.68,830.0,41.23,31.25,27.87,43.6,75.63,12,2,27.0,2026-08-31T13:00,51468,6140.15,11.2,True,4,100.0,62.2,High,ORANGE,#E67E22,Activate the local heat action plan; open cooling centres; shift strenuous outdoor work away from afternoon hours; alert hospitals for a possible heat-illness surge.,True,True,True,True,provisional-impact-risk-v2,Relative heat-health impact ranking; not a predicted death count,WorldPop exposure included; demographic and health-outcome calibration pending
CANT_4,DELHI CANTT CHARGE 4,2026-09-01,34.5,27.5,30.21,70.5,90,1.23,788.0,40.16,30.68,27.69,42.56,71.32,7,0,27.5,2026-09-01T13:00,51468,6140.15,11.2,True,5,100.0,58.66,High,ORANGE,#E67E22,Activate the local heat action plan; open cooling centres; shift strenuous outdoor work away from afternoon hours; alert hospitals for a possible heat-illness surge.,True,True,True,True,provisional-impact-risk-v2,Relative heat-health impact ranking; not a predicted death count,WorldPop exposure included; demographic and health-outcome calibration pending
CANT_5,DELHI CANTT CHARGE 5,2026-08-28,34.2,26.0,30.49,72.0,96,2.22,791.0,39.81,30.56,28.08,42.18,70.56,10,0,26.0,2026-08-28T13:00,21411,6128.81,3.14,True,1,33.33,52.19,High,ORANGE,#E67E22,Activate the local heat action plan; open cooling centres; shift strenuous outdoor work away from afternoon hours; alert hospitals for a possible heat-illness surge.,True,True,True,True,provisional-impact-risk-v2,Relative heat-health impact ranking; not a predicted death count,WorldPop exposure included; demographic and health-outcome calibration pending
CANT_5,DELHI CANTT CHARGE 5,2026-08-29,34.2,26.5,30.29,71.12,81,1.98,846.0,41.07,31.11,27.86,43.11,74.53,11,1,26.5,2026-08-29T13:00,21411,6128.81,3.14,True,2,66.67,57.61,High,ORANGE,#E67E22,Activate the local heat action plan; open cooling centres; shift strenuous outdoor work away from afternoon hours; alert hospitals for a possible heat-illness surge.,True,True,True,True,provisional-impact-risk-v2,Relative heat-health impact ranking; not a predicted death count,WorldPop exposure included; demographic and health-outcome calibration pending
CANT_5,DELHI CANTT CHARGE 5,2026-08-30,34.5,26.9,30.6,69.33,79,1.87,815.0,41.44,31.17,27.97,42.92,74.51,12,2,26.9,2026-08-30T14:00,21411,6128.81,3.14,True,3,100.0,60.08,High,ORANGE,#E67E22,Activate the local heat action plan; open cooling centres; shift strenuous outdoor work away from afternoon hours; alert hospitals for a possible heat-illness surge.,True,True,True,True,provisional-impact-risk-v2,Relative heat-health impact ranking; not a predicted death count,WorldPop exposure included; demographic and health-outcome calibration pending
CANT_5,DELHI CANTT CHARGE 5,2026-08-31,34.5,26.9,30.55,67.5,82,1.64,828.0,40.26,31.02,27.71,43.14,73.9,12,1,26.9,2026-08-31T13:00,21411,6128.81,3.14,True,4,100.0,59.59,High,ORANGE,#E67E22,Activate the local heat action plan; open cooling centres; shift strenuous outdoor work away from afternoon hours; alert hospitals for a possible heat-illness surge.,True,True,True,True,provisional-impact-risk-v2,Relative heat-health impact ranking; not a predicted death count,WorldPop exposure included; demographic and health-outcome calibration pending
CANT_5,DELHI CANTT CHARGE 5,2026-09-01,34.4,26.9,30.13,70.04,90,1.4,807.0,39.65,30.66,27.58,42.6,71.26,8,0,26.9,2026-09-01T13:00,21411,6128.81,3.14,True,5,100.0,57.46,High,ORANGE,#E67E22,Activate the local heat action plan; open cooling centres; shift strenuous outdoor work away from afternoon hours; alert hospitals for a possible heat-illness surge.,True,True,True,True,provisional-impact-risk-v2,Relative heat-health impact ranking; not a predicted death count,WorldPop exposure included; demographic and health-outcome calibration pending
CANT_6,DELHI CANTT CHARGE 6,2026-08-28,34.2,26.0,30.49,72.0,96,2.22,791.0,39.81,30.56,28.08,42.18,70.56,10,0,26.0,2026-08-28T13:00,99172,6504.06,24.38,True,1,33.33,55.18,High,ORANGE,#E67E22,Activate the local heat action plan; open cooling centres; shift strenuous outdoor work away from afternoon hours; alert hospitals for a possible heat-illness surge.,True,True,True,True,provisional-impact-risk-v2,Relative heat-health impact ranking; not a predicted death count,WorldPop exposure included; demographic and health-outcome calibration pending
CANT_6,DELHI CANTT CHARGE 6,2026-08-29,34.2,26.5,30.29,71.12,81,1.98,846.0,41.07,31.11,27.86,43.11,74.53,11,1,26.5,2026-08-29T13:00,99172,6504.06,24.38,True,2,66.67,60.77,High,ORANGE,#E67E22,Activate the local heat action plan; open cooling centres; shift strenuous outdoor work away from afternoon hours; alert hospitals for a possible heat-illness surge.,True,True,True,True,provisional-impact-risk-v2,Relative heat-health impact ranking; not a predicted death count,WorldPop exposure included; demographic and health-outcome calibration pending
CANT_6,DELHI CANTT CHARGE 6,2026-08-30,34.5,26.9,30.6,69.33,79,1.87,815.0,41.44,31.17,27.97,42.92,74.51,12,2,26.9,2026-08-30T14:00,99172,6504.06,24.38,True,3,100.0,63.24,High,ORANGE,#E67E22,Activate the local heat action plan; open cooling centres; shift strenuous outdoor work away from afternoon hours; alert hospitals for a possible heat-illness surge.,True,True,True,True,provisional-impact-risk-v2,Relative heat-health impact ranking; not a predicted death count,WorldPop exposure included; demographic and health-outcome calibration pending
CANT_6,DELHI CANTT CHARGE 6,2026-08-31,34.5,26.9,30.55,67.5,82,1.64,828.0,40.26,31.02,27.71,43.14,73.9,12,1,26.9,2026-08-31T13:00,99172,6504.06,24.38,True,4,100.0,62.72,High,ORANGE,#E67E22,Activate the local heat action plan; open cooling centres; shift strenuous outdoor work away from afternoon hours; alert hospitals for a possible heat-illness surge.,True,True,True,True,provisional-impact-risk-v2,Relative heat-health impact ranking; not a predicted death count,WorldPop exposure included; demographic and health-outcome calibration pending
CANT_6,DELHI CANTT CHARGE 6,2026-09-01,34.4,26.9,30.13,70.04,90,1.4,807.0,39.65,30.66,27.58,42.6,71.26,8,0,26.9,2026-09-01T13:00,99172,6504.06,24.38,True,5,100.0,60.48,High,ORANGE,#E67E22,Activate the local heat action plan; open cooling centres; shift strenuous outdoor work away from afternoon hours; alert hospitals for a possible heat-illness surge.,True,True,True,True,provisional-impact-risk-v2,Relative heat-health impact ranking; not a predicted death count,WorldPop exposure included; demographic and health-outcome calibration pending
CANT_7,DELHI CANTT CHARGE 7,2026-08-28,34.2,26.0,30.49,72.0,96,2.22,791.0,39.81,30.56,28.08,42.18,70.56,10,0,26.0,2026-08-28T13:00,34577,8898.75,9.85,True,1,33.33,53.13,High,ORANGE,#E67E22,Activate the local heat action plan; open cooling centres; shift strenuous outdoor work away from afternoon hours; alert hospitals for a possible heat-illness surge.,True,True,True,True,provisional-impact-risk-v2,Relative heat-health impact ranking; not a predicted death count,WorldPop exposure included; demographic and health-outcome calibration pending
CANT_7,DELHI CANTT CHARGE 7,2026-08-29,34.2,26.5,30.29,71.12,81,1.98,846.0,41.07,31.11,27.86,43.11,74.53,11,1,26.5,2026-08-29T13:00,34577,8898.75,9.85,True,2,66.67,58.61,High,ORANGE,#E67E22,Activate the local heat action plan; open cooling centres; shift strenuous outdoor work away from afternoon hours; alert hospitals for a possible heat-illness surge.,True,True,True,True,provisional-impact-risk-v2,Relative heat-health impact ranking; not a predicted death count,WorldPop exposure included; demographic and health-outcome calibration pending
CANT_7,DELHI CANTT CHARGE 7,2026-08-30,34.5,26.9,30.6,69.33,79,1.87,815.0,41.44,31.17,27.97,42.92,74.51,12,2,26.9,2026-08-30T14:00,34577,8898.75,9.85,True,3,100.0,61.08,High,ORANGE,#E67E22,Activate the local heat action plan; open cooling centres; shift strenuous outdoor work away from afternoon hours; alert hospitals for a possible heat-illness surge.,True,True,True,True,provisional-impact-risk-v2,Relative heat-health impact ranking; not a predicted death count,WorldPop exposure included; demographic and health-outcome calibration pending
CANT_7,DELHI CANTT CHARGE 7,2026-08-31,34.5,26.9,30.55,67.5,82,1.64,828.0,40.26,31.02,27.71,43.14,73.9,12,1,26.9,2026-08-31T13:00,34577,8898.75,9.85,True,4,100.0,60.58,High,ORANGE,#E67E22,Activate the local heat action plan; open cooling centres; shift strenuous outdoor work away from afternoon hours; alert hospitals for a possible heat-illness surge.,True,True,True,True,provisional-impact-risk-v2,Relative heat-health impact ranking; not a predicted death count,WorldPop exposure included; demographic and health-outcome calibration pending
CANT_7,DELHI CANTT CHARGE 7,2026-09-01,34.4,26.9,30.13,70.04,90,1.4,807.0,39.65,30.66,27.58,42.6,71.26,8,0,26.9,2026-09-01T13:00,34577,8898.75,9.85,True,5,100.0,58.41,High,ORANGE,#E67E22,Activate the local heat action plan; open cooling centres; shift strenuous outdoor work away from afternoon hours; alert hospitals for a possible heat-illness surge.,True,True,True,True,provisional-impact-risk-v2,Relative heat-health impact ranking; not a predicted death count,WorldPop exposure included; demographic and health-outcome calibration pending
CANT_8,DELHI CANTT CHARGE 8,2026-08-28,34.2,26.0,30.49,72.0,96,2.22,791.0,39.81,30.56,28.08,42.18,70.56,10,0,26.0,2026-08-28T13:00,16018,9137.48,5.15,True,1,33.33,52.47,High,ORANGE,#E67E22,Activate the local heat action plan; open cooling centres; shift strenuous outdoor work away from afternoon hours; alert hospitals for a possible heat-illness surge.,True,True,True,True,provisional-impact-risk-v2,Relative heat-health impact ranking; not a predicted death count,WorldPop exposure included; demographic and health-outcome calibration pending
CANT_8,DELHI CANTT CHARGE 8,2026-08-29,34.2,26.5,30.29,71.12,81,1.98,846.0,41.07,31.11,27.86,43.11,74.53,11,1,26.5,2026-08-29T13:00,16018,9137.48,5.15,True,2,66.67,57.91,High,ORANGE,#E67E22,Activate the local heat action plan; open cooling centres; shift strenuous outdoor work away from afternoon hours; alert hospitals for a possible heat-illness surge.,True,True,True,True,provisional-impact-risk-v2,Relative heat-health impact ranking; not a predicted death count,WorldPop exposure included; demographic and health-outcome calibration pending
CANT_8,DELHI CANTT CHARGE 8,2026-08-30,34.5,26.9,30.6,69.33,79,1.87,815.0,41.44,31.17,27.97,42.92,74.51,12,2,26.9,2026-08-30T14:00,16018,9137.48,5.15,True,3,100.0,60.38,High,ORANGE,#E67E22,Activate the local heat action plan; open cooling centres; shift strenuous outdoor work away from afternoon hours; alert hospitals for a possible heat-illness surge.,True,True,True,True,provisional-impact-risk-v2,Relative heat-health impact ranking; not a predicted death count,WorldPop exposure included; demographic and health-outcome calibration pending
CANT_8,DELHI CANTT CHARGE 8,2026-08-31,34.5,26.9,30.55,67.5,82,1.64,828.0,40.26,31.02,27.71,43.14,73.9,12,1,26.9,2026-08-31T13:00,16018,9137.48,5.15,True,4,100.0,59.88,High,ORANGE,#E67E22,Activate the local heat action plan; open cooling centres; shift strenuous outdoor work away from afternoon hours; alert hospitals for a possible heat-illness surge.,True,True,True,True,provisional-impact-risk-v2,Relative heat-health impact ranking; not a predicted death count,WorldPop exposure included; demographic and health-outcome calibration pending
CANT_8,DELHI CANTT CHARGE 8,2026-09-01,34.4,26.9,30.13,70.04,90,1.4,807.0,39.65,30.66,27.58,42.6,71.26,8,0,26.9,2026-09-01T13:00,16018,9137.48,5.15,True,5,100.0,57.74,High,ORANGE,#E67E22,Activate the local heat action plan; open cooling centres; shift strenuous outdoor work away from afternoon hours; alert hospitals for a possible heat-illness surge.,True,True,True,True,provisional-impact-risk-v2,Relative heat-health impact ranking; not a predicted death count,WorldPop exposure included; demographic and health-outcome calibration pending
NDMC_1,NDMC CHARGE 1,2026-08-28,34.6,26.5,30.68,73.17,93,1.96,767.0,40.16,30.58,28.35,41.98,70.55,13,0,26.5,2026-08-28T13:00,11143,2826.24,0.0,True,1,33.33,51.74,High,ORANGE,#E67E22,Activate the local heat action plan; open cooling centres; shift strenuous outdoor work away from afternoon hours; alert hospitals for a possible heat-illness surge.,True,True,True,True,provisional-impact-risk-v2,Relative heat-health impact ranking; not a predicted death count,WorldPop exposure included; demographic and health-outcome calibration pending
NDMC_1,NDMC CHARGE 1,2026-08-29,35.3,26.9,31.11,66.71,80,2.03,838.0,40.76,30.98,28.1,43.5,74.28,14,0,26.9,2026-08-29T13:00,11143,2826.24,0.0,True,2,66.67,56.95,High,ORANGE,#E67E22,Activate the local heat action plan; open cooling centres; shift strenuous outdoor work away from afternoon hours; alert hospitals for a possible heat-illness surge.,True,True,True,True,provisional-impact-risk-v2,Relative heat-health impact ranking; not a predicted death count,WorldPop exposure included; demographic and health-outcome calibration pending
NDMC_1,NDMC CHARGE 1,2026-08-30,35.8,27.7,31.6,63.42,81,1.7,776.0,40.56,30.87,28.17,43.01,73.25,15,0,27.7,2026-08-30T14:00,11143,2826.24,0.0,True,3,100.0,58.6,High,ORANGE,#E67E22,Activate the local heat action plan; open cooling centres; shift strenuous outdoor work away from afternoon hours; alert hospitals for a possible heat-illness surge.,True,True,True,True,provisional-impact-risk-v2,Relative heat-health impact ranking; not a predicted death count,WorldPop exposure included; demographic and health-outcome calibration pending
NDMC_1,NDMC CHARGE 1,2026-08-31,36.0,27.7,31.4,63.83,85,1.41,828.0,41.42,31.27,28.04,43.62,75.72,9,2,27.7,2026-08-31T14:00,11143,2826.24,0.0,True,4,100.0,60.58,High,ORANGE,#E67E22,Activate the local heat action plan; open cooling centres; shift strenuous outdoor work away from afternoon hours; alert hospitals for a possible heat-illness surge.,True,True,True,True,provisional-impact-risk-v2,Relative heat-health impact ranking; not a predicted death count,WorldPop exposure included; demographic and health-outcome calibration pending
NDMC_1,NDMC CHARGE 1,2026-09-01,34.2,27.3,30.01,76.12,95,1.03,767.0,40.29,30.7,28.1,42.27,71.31,9,0,27.3,2026-09-01T13:00,11143,2826.24,0.0,True,5,100.0,57.05,High,ORANGE,#E67E22,Activate the local heat action plan; open cooling centres; shift strenuous outdoor work away from afternoon hours; alert hospitals for a possible heat-illness surge.,True,True,True,True,provisional-impact-risk-v2,Relative heat-health impact ranking; not a predicted death count,WorldPop exposure included; demographic and health-outcome calibration pending
NDMC_2,NDMC CHARGE 2,2026-08-28,34.5,26.5,30.69,72.71,93,1.93,770.0,39.97,30.55,28.32,42.09,70.45,12,0,26.5,2026-08-28T13:00,20675,11237.63,8.81,True,1,33.33,52.91,High,ORANGE,#E67E22,Activate the local heat action plan; open cooling centres; shift strenuous outdoor work away from afternoon hours; alert hospitals for a possible heat-illness surge.,True,True,True,True,provisional-impact-risk-v2,Relative heat-health impact ranking; not a predicted death count,WorldPop exposure included; demographic and health-outcome calibration pending
NDMC_2,NDMC CHARGE 2,2026-08-29,34.8,26.7,30.81,68.58,80,1.94,844.0,40.98,31.08,28.04,43.46,74.76,13,1,26.7,2026-08-29T13:00,20675,11237.63,8.81,True,2,66.67,58.63,High,ORANGE,#E67E22,Activate the local heat action plan; open cooling centres; shift strenuous outdoor work away from afternoon hours; alert hospitals for a possible heat-illness surge.,True,True,True,True,provisional-impact-risk-v2,Relative heat-health impact ranking; not a predicted death count,WorldPop exposure included; demographic and health-outcome calibration pending
NDMC_2,NDMC CHARGE 2,2026-08-30,35.3,27.4,31.39,64.71,76,1.74,788.0,41.81,31.17,28.15,43.02,74.86,14,1,27.4,2026-08-30T14:00,20675,11237.63,8.81,True,3,100.0,61.21,High,ORANGE,#E67E22,Activate the local heat action plan; open cooling centres; shift strenuous outdoor work away from afternoon hours; alert hospitals for a possible heat-illness surge.,True,True,True,True,provisional-impact-risk-v2,Relative heat-health impact ranking; not a predicted death count,WorldPop exposure included; demographic and health-outcome calibration pending
NDMC_2,NDMC CHARGE 2,2026-08-31,35.8,27.4,31.62,61.42,78,1.55,819.0,41.36,31.24,27.98,43.79,75.8,11,2,27.4,2026-08-31T13:00,20675,11237.63,8.81,True,4,100.0,61.98,High,ORANGE,#E67E22,Activate the local heat action plan; open cooling centres; shift strenuous outdoor work away from afternoon hours; alert hospitals for a possible heat-illness surge.,True,True,True,True,provisional-impact-risk-v2,Relative heat-health impact ranking; not a predicted death count,WorldPop exposure included; demographic and health-outcome calibration pending
NDMC_2,NDMC CHARGE 2,2026-09-01,34.5,28.1,30.6,68.92,87,1.14,789.0,40.54,30.89,27.9,42.76,72.92,8,0,28.1,2026-09-01T13:00,20675,11237.63,8.81,True,5,100.0,59.62,High,ORANGE,#E67E22,Activate the local heat action plan; open cooling centres; shift strenuous outdoor work away from afternoon hours; alert hospitals for a possible heat-illness surge.,True,True,True,True,provisional-impact-risk-v2,Relative heat-health impact ranking; not a predicted death count,WorldPop exposure included; demographic and health-outcome calibration pending
NDMC_3,NDMC CHARGE 3,2026-08-28,34.5,26.5,30.69,72.71,93,1.93,770.0,39.97,30.55,28.32,42.09,70.45,12,0,26.5,2026-08-28T13:00,72365,8056.31,18.99,True,1,33.33,54.34,High,ORANGE,#E67E22,Activate the local heat action plan; open cooling centres; shift strenuous outdoor work away from afternoon hours; alert hospitals for a possible heat-illness surge.,True,True,True,True,provisional-impact-risk-v2,Relative heat-health impact ranking; not a predicted death count,WorldPop exposure included; demographic and health-outcome calibration pending
NDMC_3,NDMC CHARGE 3,2026-08-29,34.8,26.7,30.81,68.58,80,1.94,844.0,40.98,31.08,28.04,43.46,74.76,13,1,26.7,2026-08-29T13:00,72365,8056.31,18.99,True,2,66.67,60.16,High,ORANGE,#E67E22,Activate the local heat action plan; open cooling centres; shift strenuous outdoor work away from afternoon hours; alert hospitals for a possible heat-illness surge.,True,True,True,True,provisional-impact-risk-v2,Relative heat-health impact ranking; not a predicted death count,WorldPop exposure included; demographic and health-outcome calibration pending
NDMC_3,NDMC CHARGE 3,2026-08-30,35.3,27.4,31.39,64.71,76,1.74,788.0,41.81,31.17,28.15,43.02,74.86,14,1,27.4,2026-08-30T14:00,72365,8056.31,18.99,True,3,100.0,62.74,High,ORANGE,#E67E22,Activate the local heat action plan; open cooling centres; shift strenuous outdoor work away from afternoon hours; alert hospitals for a possible heat-illness surge.,True,True,True,True,provisional-impact-risk-v2,Relative heat-health impact ranking; not a predicted death count,WorldPop exposure included; demographic and health-outcome calibration pending
NDMC_3,NDMC CHARGE 3,2026-08-31,35.8,27.4,31.62,61.42,78,1.55,819.0,41.36,31.24,27.98,43.79,75.8,11,2,27.4,2026-08-31T13:00,72365,8056.31,18.99,True,4,100.0,63.52,High,ORANGE,#E67E22,Activate the local heat action plan; open cooling centres; shift strenuous outdoor work away from afternoon hours; alert hospitals for a possible heat-illness surge.,True,True,True,True,provisional-impact-risk-v2,Relative heat-health impact ranking; not a predicted death count,WorldPop exposure included; demographic and health-outcome calibration pending
NDMC_3,NDMC CHARGE 3,2026-09-01,34.5,28.1,30.6,68.92,87,1.14,789.0,40.54,30.89,27.9,42.76,72.92,8,0,28.1,2026-09-01T13:00,72365,8056.31,18.99,True,5,100.0,61.1,High,ORANGE,#E67E22,Activate the local heat action plan; open cooling centres; shift strenuous outdoor work away from afternoon hours; alert hospitals for a possible heat-illness surge.,True,True,True,True,provisional-impact-risk-v2,Relative heat-health impact ranking; not a predicted death count,WorldPop exposure included; demographic and health-outcome calibration pending
NDMC_4,NDMC CHARGE 4,2026-08-28,34.5,26.5,30.69,72.71,93,1.93,770.0,39.97,30.55,28.32,42.09,70.45,12,0,26.5,2026-08-28T13:00,19331,4417.5,1.6,True,1,33.33,51.89,High,ORANGE,#E67E22,Activate the local heat action plan; open cooling centres; shift strenuous outdoor work away from afternoon hours; alert hospitals for a possible heat-illness surge.,True,True,True,True,provisional-impact-risk-v2,Relative heat-health impact ranking; not a predicted death count,WorldPop exposure included; demographic and health-outcome calibration pending
NDMC_4,NDMC CHARGE 4,2026-08-29,34.8,26.7,30.81,68.58,80,1.94,844.0,40.98,31.08,28.04,43.46,74.76,13,1,26.7,2026-08-29T13:00,19331,4417.5,1.6,True,2,66.67,57.56,High,ORANGE,#E67E22,Activate the local heat action plan; open cooling centres; shift strenuous outdoor work away from afternoon hours; alert hospitals for a possible heat-illness surge.,True,True,True,True,provisional-impact-risk-v2,Relative heat-health impact ranking; not a predicted death count,WorldPop exposure included; demographic and health-outcome calibration pending
NDMC_4,NDMC CHARGE 4,2026-08-30,35.3,27.4,31.39,64.71,76,1.74,788.0,41.81,31.17,28.15,43.02,74.86,14,1,27.4,2026-08-30T14:00,19331,4417.5,1.6,True,3,100.0,60.13,High,ORANGE,#E67E22,Activate the local heat action plan; open cooling centres; shift strenuous outdoor work away from afternoon hours; alert hospitals for a possible heat-illness surge.,True,True,True,True,provisional-impact-risk-v2,Relative heat-health impact ranking; not a predicted death count,WorldPop exposure included; demographic and health-outcome calibration pending
NDMC_4,NDMC CHARGE 4,2026-08-31,35.8,27.4,31.62,61.42,78,1.55,819.0,41.36,31.24,27.98,43.79,75.8,11,2,27.4,2026-08-31T13:00,19331,4417.5,1.6,True,4,100.0,60.88,High,ORANGE,#E67E22,Activate the local heat action plan; open cooling centres; shift strenuous outdoor work away from afternoon hours; alert hospitals for a possible heat-illness surge.,True,True,True,True,provisional-impact-risk-v2,Relative heat-health impact ranking; not a predicted death count,WorldPop exposure included; demographic and health-outcome calibration pending
NDMC_4,NDMC CHARGE 4,2026-09-01,34.5,28.1,30.6,68.92,87,1.14,789.0,40.54,30.89,27.9,42.76,72.92,8,0,28.1,2026-09-01T13:00,19331,4417.5,1.6,True,5,100.0,58.57,High,ORANGE,#E67E22,Activate the local heat action plan; open cooling centres; shift strenuous outdoor work away from afternoon hours; alert hospitals for a possible heat-illness surge.,True,True,True,True,provisional-impact-risk-v2,Relative heat-health impact ranking; not a predicted death count,WorldPop exposure included; demographic and health-outcome calibration pending
NDMC_5,NDMC CHARGE 5,2026-08-28,34.2,26.2,30.38,73.29,94,2.18,775.0,39.57,30.44,28.1,41.92,69.6,12,0,26.2,2026-08-28T13:00,26054,3270.9,3.4,True,1,33.33,51.51,High,ORANGE,#E67E22,Activate the local heat action plan; open cooling centres; shift strenuous outdoor work away from afternoon hours; alert hospitals for a possible heat-illness surge.,True,True,True,True,provisional-impact-risk-v2,Relative heat-health impact ranking; not a predicted death count,WorldPop exposure included; demographic and health-outcome calibration pending
NDMC_5,NDMC CHARGE 5,2026-08-29,34.4,26.5,30.41,70.46,81,2.07,839.0,40.79,31.11,27.88,43.24,74.68,13,1,26.5,2026-08-29T13:00,26054,3270.9,3.4,True,2,66.67,57.77,High,ORANGE,#E67E22,Activate the local heat action plan; open cooling centres; shift strenuous outdoor work away from afternoon hours; alert hospitals for a possible heat-illness surge.,True,True,True,True,provisional-impact-risk-v2,Relative heat-health impact ranking; not a predicted death count,WorldPop exposure included; demographic and health-outcome calibration pending
NDMC_5,NDMC CHARGE 5,2026-08-30,34.9,27.0,30.84,67.92,78,1.95,796.0,41.23,31.05,28.0,42.74,73.95,13,1,27.0,2026-08-30T14:00,26054,3270.9,3.4,True,3,100.0,59.66,High,ORANGE,#E67E22,Activate the local heat action plan; open cooling centres; shift strenuous outdoor work away from afternoon hours; alert hospitals for a possible heat-illness surge.,True,True,True,True,provisional-impact-risk-v2,Relative heat-health impact ranking; not a predicted death count,WorldPop exposure included; demographic and health-outcome calibration pending
NDMC_5,NDMC CHARGE 5,2026-08-31,35.4,27.0,31.04,65.17,80,1.68,830.0,41.23,31.25,27.87,43.6,75.63,12,2,27.0,2026-08-31T13:00,26054,3270.9,3.4,True,4,100.0,61.02,High,ORANGE,#E67E22,Activate the local heat action plan; open cooling centres; shift strenuous outdoor work away from afternoon hours; alert hospitals for a possible heat-illness surge.,True,True,True,True,provisional-impact-risk-v2,Relative heat-health impact ranking; not a predicted death count,WorldPop exposure included; demographic and health-outcome calibration pending
NDMC_5,NDMC CHARGE 5,2026-09-01,34.5,27.5,30.21,70.5,90,1.23,788.0,40.16,30.68,27.69,42.56,71.32,7,0,27.5,2026-09-01T13:00,26054,3270.9,3.4,True,5,100.0,57.54,High,ORANGE,#E67E22,Activate the local heat action plan; open cooling centres; shift strenuous outdoor work away from afternoon hours; alert hospitals for a possible heat-illness surge.,True,True,True,True,provisional-impact-risk-v2,Relative heat-health impact ranking; not a predicted death count,WorldPop exposure included; demographic and health-outcome calibration pending
NDMC_6,NDMC CHARGE 6,2026-08-28,34.2,26.2,30.38,73.29,94,2.18,775.0,39.57,30.44,28.1,41.92,69.6,12,0,26.2,2026-08-28T13:00,12133,8947.64,4.22,True,1,33.33,51.62,High,ORANGE,#E67E22,Activate the local heat action plan; open cooling centres; shift strenuous outdoor work away from afternoon hours; alert hospitals for a possible heat-illness surge.,True,True,True,True,provisional-impact-risk-v2,Relative heat-health impact ranking; not a predicted death count,WorldPop exposure included; demographic and health-outcome calibration pending
NDMC_6,NDMC CHARGE 6,2026-08-29,34.4,26.5,30.41,70.46,81,2.07,839.0,40.79,31.11,27.88,43.24,74.68,13,1,26.5,2026-08-29T13:00,12133,8947.64,4.22,True,2,66.67,57.89,High,ORANGE,#E67E22,Activate the local heat action plan; open cooling centres; shift strenuous outdoor work away from afternoon hours; alert hospitals for a possible heat-illness surge.,True,True,True,True,provisional-impact-risk-v2,Relative heat-health impact ranking; not a predicted death count,WorldPop exposure included; demographic and health-outcome calibration pending
NDMC_6,NDMC CHARGE 6,2026-08-30,34.9,27.0,30.84,67.92,78,1.95,796.0,41.23,31.05,28.0,42.74,73.95,13,1,27.0,2026-08-30T14:00,12133,8947.64,4.22,True,3,100.0,59.78,High,ORANGE,#E67E22,Activate the local heat action plan; open cooling centres; shift strenuous outdoor work away from afternoon hours; alert hospitals for a possible heat-illness surge.,True,True,True,True,provisional-impact-risk-v2,Relative heat-health impact ranking; not a predicted death count,WorldPop exposure included; demographic and health-outcome calibration pending
NDMC_6,NDMC CHARGE 6,2026-08-31,35.4,27.0,31.04,65.17,80,1.68,830.0,41.23,31.25,27.87,43.6,75.63,12,2,27.0,2026-08-31T13:00,12133,8947.64,4.22,True,4,100.0,61.14,High,ORANGE,#E67E22,Activate the local heat action plan; open cooling centres; shift strenuous outdoor work away from afternoon hours; alert hospitals for a possible heat-illness surge.,True,True,True,True,provisional-impact-risk-v2,Relative heat-health impact ranking; not a predicted death count,WorldPop exposure included; demographic and health-outcome calibration pending
NDMC_6,NDMC CHARGE 6,2026-09-01,34.5,27.5,30.21,70.5,90,1.23,788.0,40.16,30.68,27.69,42.56,71.32,7,0,27.5,2026-09-01T13:00,12133,8947.64,4.22,True,5,100.0,57.66,High,ORANGE,#E67E22,Activate the local heat action plan; open cooling centres; shift strenuous outdoor work away from afternoon hours; alert hospitals for a possible heat-illness surge.,True,True,True,True,provisional-impact-risk-v2,Relative heat-health impact ranking; not a predicted death count,WorldPop exposure included; demographic and health-outcome calibration pending
NDMC_7,NDMC CHARGE 7,2026-08-28,34.2,26.2,30.38,73.29,94,2.18,775.0,39.57,30.44,28.1,41.92,69.6,12,0,26.2,2026-08-28T13:00,38635,12765.99,15.37,True,1,33.33,53.18,High,ORANGE,#E67E22,Activate the local heat action plan; open cooling centres; shift strenuous outdoor work away from afternoon hours; alert hospitals for a possible heat-illness surge.,True,True,True,True,provisional-impact-risk-v2,Relative heat-health impact ranking; not a predicted death count,WorldPop exposure included; demographic and health-outcome calibration pending
NDMC_7,NDMC CHARGE 7,2026-08-29,34.4,26.5,30.41,70.46,81,2.07,839.0,40.79,31.11,27.88,43.24,74.68,13,1,26.5,2026-08-29T13:00,38635,12765.99,15.37,True,2,66.67,59.55,High,ORANGE,#E67E22,Activate the local heat action plan; open cooling centres; shift strenuous outdoor work away from afternoon hours; alert hospitals for a possible heat-illness surge.,True,True,True,True,provisional-impact-risk-v2,Relative heat-health impact ranking; not a predicted death count,WorldPop exposure included; demographic and health-outcome calibration pending
NDMC_7,NDMC CHARGE 7,2026-08-30,34.9,27.0,30.84,67.92,78,1.95,796.0,41.23,31.05,28.0,42.74,73.95,13,1,27.0,2026-08-30T14:00,38635,12765.99,15.37,True,3,100.0,61.43,High,ORANGE,#E67E22,Activate the local heat action plan; open cooling centres; shift strenuous outdoor work away from afternoon hours; alert hospitals for a possible heat-illness surge.,True,True,True,True,provisional-impact-risk-v2,Relative heat-health impact ranking; not a predicted death count,WorldPop exposure included; demographic and health-outcome calibration pending
NDMC_7,NDMC CHARGE 7,2026-08-31,35.4,27.0,31.04,65.17,80,1.68,830.0,41.23,31.25,27.87,43.6,75.63,12,2,27.0,2026-08-31T13:00,38635,12765.99,15.37,True,4,100.0,62.83,High,ORANGE,#E67E22,Activate the local heat action plan; open cooling centres; shift strenuous outdoor work away from afternoon hours; alert hospitals for a possible heat-illness surge.,True,True,True,True,provisional-impact-risk-v2,Relative heat-health impact ranking; not a predicted death count,WorldPop exposure included; demographic and health-outcome calibration pending
NDMC_7,NDMC CHARGE 7,2026-09-01,34.5,27.5,30.21,70.5,90,1.23,788.0,40.16,30.68,27.69,42.56,71.32,7,0,27.5,2026-09-01T13:00,38635,12765.99,15.37,True,5,100.0,59.25,High,ORANGE,#E67E22,Activate the local heat action plan; open cooling centres; shift strenuous outdoor work away from afternoon hours; alert hospitals for a possible heat-illness surge.,True,True,True,True,provisional-impact-risk-v2,Relative heat-health impact ranking; not a predicted death count,WorldPop exposure included; demographic and health-outcome calibration pending
NDMC_8,NDMC CHARGE 8,2026-08-28,34.2,26.2,30.38,73.29,94,2.18,775.0,39.57,30.44,28.1,41.92,69.6,12,0,26.2,2026-08-28T13:00,10698,9888.16,5.3,True,1,33.33,51.78,High,ORANGE,#E67E22,Activate the local heat action plan; open cooling centres; shift strenuous outdoor work away from afternoon hours; alert hospitals for a possible heat-illness surge.,True,True,True,True,provisional-impact-risk-v2,Relative heat-health impact ranking; not a predicted death count,WorldPop exposure included; demographic and health-outcome calibration pending
NDMC_8,NDMC CHARGE 8,2026-08-29,34.4,26.5,30.41,70.46,81,2.07,839.0,40.79,31.11,27.88,43.24,74.68,13,1,26.5,2026-08-29T13:00,10698,9888.16,5.3,True,2,66.67,58.05,High,ORANGE,#E67E22,Activate the local heat action plan; open cooling centres; shift strenuous outdoor work away from afternoon hours; alert hospitals for a possible heat-illness surge.,True,True,True,True,provisional-impact-risk-v2,Relative heat-health impact ranking; not a predicted death count,WorldPop exposure included; demographic and health-outcome calibration pending
NDMC_8,NDMC CHARGE 8,2026-08-30,34.9,27.0,30.84,67.92,78,1.95,796.0,41.23,31.05,28.0,42.74,73.95,13,1,27.0,2026-08-30T14:00,10698,9888.16,5.3,True,3,100.0,59.94,High,ORANGE,#E67E22,Activate the local heat action plan; open cooling centres; shift strenuous outdoor work away from afternoon hours; alert hospitals for a possible heat-illness surge.,True,True,True,True,provisional-impact-risk-v2,Relative heat-health impact ranking; not a predicted death count,WorldPop exposure included; demographic and health-outcome calibration pending
NDMC_8,NDMC CHARGE 8,2026-08-31,35.4,27.0,31.04,65.17,80,1.68,830.0,41.23,31.25,27.87,43.6,75.63,12,2,27.0,2026-08-31T13:00,10698,9888.16,5.3,True,4,100.0,61.3,High,ORANGE,#E67E22,Activate the local heat action plan; open cooling centres; shift strenuous outdoor work away from afternoon hours; alert hospitals for a possible heat-illness surge.,True,True,True,True,provisional-impact-risk-v2,Relative heat-health impact ranking; not a predicted death count,WorldPop exposure included; demographic and health-outcome calibration pending
NDMC_8,NDMC CHARGE 8,2026-09-01,34.5,27.5,30.21,70.5,90,1.23,788.0,40.16,30.68,27.69,42.56,71.32,7,0,27.5,2026-09-01T13:00,10698,9888.16,5.3,True,5,100.0,57.81,High,ORANGE,#E67E22,Activate the local heat action plan; open cooling centres; shift strenuous outdoor work away from afternoon hours; alert hospitals for a possible heat-illness surge.,True,True,True,True,provisional-impact-risk-v2,Relative heat-health impact ranking; not a predicted death count,WorldPop exposure included; demographic and health-outcome calibration pending
NDMC_9,NDMC CHARGE 9,2026-08-28,34.2,26.2,30.38,73.29,94,2.18,775.0,39.57,30.44,28.1,41.92,69.6,12,0,26.2,2026-08-28T13:00,55901,5075.22,11.38,True,1,33.33,52.62,High,ORANGE,#E67E22,Activate the local heat action plan; open cooling centres; shift strenuous outdoor work away from afternoon hours; alert hospitals for a possible heat-illness surge.,True,True,True,True,provisional-impact-risk-v2,Relative heat-health impact ranking; not a predicted death count,WorldPop exposure included; demographic and health-outcome calibration pending
NDMC_9,NDMC CHARGE 9,2026-08-29,34.4,26.5,30.41,70.46,81,2.07,839.0,40.79,31.11,27.88,43.24,74.68,13,1,26.5,2026-08-29T13:00,55901,5075.22,11.38,True,2,66.67,58.96,High,ORANGE,#E67E22,Activate the local heat action plan; open cooling centres; shift strenuous outdoor work away from afternoon hours; alert hospitals for a possible heat-illness surge.,True,True,True,True,provisional-impact-risk-v2,Relative heat-health impact ranking; not a predicted death count,WorldPop exposure included; demographic and health-outcome calibration pending
NDMC_9,NDMC CHARGE 9,2026-08-30,34.9,27.0,30.84,67.92,78,1.95,796.0,41.23,31.05,28.0,42.74,73.95,13,1,27.0,2026-08-30T14:00,55901,5075.22,11.38,True,3,100.0,60.84,High,ORANGE,#E67E22,Activate the local heat action plan; open cooling centres; shift strenuous outdoor work away from afternoon hours; alert hospitals for a possible heat-illness surge.,True,True,True,True,provisional-impact-risk-v2,Relative heat-health impact ranking; not a predicted death count,WorldPop exposure included; demographic and health-outcome calibration pending
NDMC_9,NDMC CHARGE 9,2026-08-31,35.4,27.0,31.04,65.17,80,1.68,830.0,41.23,31.25,27.87,43.6,75.63,12,2,27.0,2026-08-31T13:00,55901,5075.22,11.38,True,4,100.0,62.22,High,ORANGE,#E67E22,Activate the local heat action plan; open cooling centres; shift strenuous outdoor work away from afternoon hours; alert hospitals for a possible heat-illness surge.,True,True,True,True,provisional-impact-risk-v2,Relative heat-health impact ranking; not a predicted death count,WorldPop exposure included; demographic and health-outcome calibration pending
NDMC_9,NDMC CHARGE 9,2026-09-01,34.5,27.5,30.21,70.5,90,1.23,788.0,40.16,30.68,27.69,42.56,71.32,7,0,27.5,2026-09-01T13:00,55901,5075.22,11.38,True,5,100.0,58.68,High,ORANGE,#E67E22,Activate the local heat action plan; open cooling centres; shift strenuous outdoor work away from afternoon hours; alert hospitals for a possible heat-illness surge.,True,True,True,True,provisional-impact-risk-v2,Relative heat-health impact ranking; not a predicted death count,WorldPop exposure included; demographic and health-outcome calibration pending
UNNUMBERED_001,Unnamed Boundary (UNNUMBERED_001),2026-08-28,34.6,26.5,30.68,73.17,93,1.96,767.0,40.16,30.58,28.35,41.98,70.55,13,0,26.5,2026-08-28T13:00,460701,12413.6,48.21,True,1,33.33,58.54,High,ORANGE,#E67E22,Activate the local heat action plan; open cooling centres; shift strenuous outdoor work away from afternoon hours; alert hospitals for a possible heat-illness surge.,True,True,True,True,provisional-impact-risk-v2,Relative heat-health impact ranking; not a predicted death count,WorldPop exposure included; demographic and health-outcome calibration pending
UNNUMBERED_001,Unnamed Boundary (UNNUMBERED_001),2026-08-29,35.3,26.9,31.11,66.71,80,2.03,838.0,40.76,30.98,28.1,43.5,74.28,14,0,26.9,2026-08-29T13:00,460701,12413.6,48.21,True,2,66.67,64.11,High,ORANGE,#E67E22,Activate the local heat action plan; open cooling centres; shift strenuous outdoor work away from afternoon hours; alert hospitals for a possible heat-illness surge.,True,True,True,True,provisional-impact-risk-v2,Relative heat-health impact ranking; not a predicted death count,WorldPop exposure included; demographic and health-outcome calibration pending
UNNUMBERED_001,Unnamed Boundary (UNNUMBERED_001),2026-08-30,35.8,27.7,31.6,63.42,81,1.7,776.0,40.56,30.87,28.17,43.01,73.25,15,0,27.7,2026-08-30T14:00,460701,12413.6,48.21,True,3,100.0,65.66,High,ORANGE,#E67E22,Activate the local heat action plan; open cooling centres; shift strenuous outdoor work away from afternoon hours; alert hospitals for a possible heat-illness surge.,True,True,True,True,provisional-impact-risk-v2,Relative heat-health impact ranking; not a predicted death count,WorldPop exposure included; demographic and health-outcome calibration pending
UNNUMBERED_001,Unnamed Boundary (UNNUMBERED_001),2026-08-31,36.0,27.7,31.4,63.83,85,1.41,828.0,41.42,31.27,28.04,43.62,75.72,9,2,27.7,2026-08-31T14:00,460701,12413.6,48.21,True,4,100.0,67.88,High,ORANGE,#E67E22,Activate the local heat action plan; open cooling centres; shift strenuous outdoor work away from afternoon hours; alert hospitals for a possible heat-illness surge.,True,True,True,True,provisional-impact-risk-v2,Relative heat-health impact ranking; not a predicted death count,WorldPop exposure included; demographic and health-outcome calibration pending
UNNUMBERED_001,Unnamed Boundary (UNNUMBERED_001),2026-09-01,34.2,27.3,30.01,76.12,95,1.03,767.0,40.29,30.7,28.1,42.27,71.31,9,0,27.3,2026-09-01T13:00,460701,12413.6,48.21,True,5,100.0,63.93,High,ORANGE,#E67E22,Activate the local heat action plan; open cooling centres; shift strenuous outdoor work away from afternoon hours; alert hospitals for a possible heat-illness surge.,True,True,True,True,provisional-impact-risk-v2,Relative heat-health impact ranking; not a predicted death count,WorldPop exposure included; demographic and health-outcome calibration pending
